{"timestamp":"2026-07-03T13:43:19.126Z","level":"info","message":"File logging initialized at C:\\Users\\Admin\\.kiro\\logs\\20260703T134318988"}
{"timestamp":"2026-07-03T13:43:19.126Z","level":"info","message":"Initializing persistence at C:\\Users\\Admin\\.kiro\\sessions"}
{"timestamp":"2026-07-03T13:43:19.147Z","level":"info","message":"[SessionPersistence] Initialized persistence at C:\\Users\\Admin\\.kiro\\sessions"}
{"timestamp":"2026-07-03T13:43:19.147Z","level":"info","message":"Persistence initialized"}
{"timestamp":"2026-07-03T13:43:19.153Z","level":"info","message":"[AgentTelemetry] Initialized {\"endpoint\":\"https://prod.us-east-1.telemetry.desktop.kiro.dev\",\"serviceName\":\"kiroAgent\"}"}
{"timestamp":"2026-07-03T13:43:19.153Z","level":"info","message":"[KiroAgent] Remote MCP client initialized"}
{"timestamp":"2026-07-03T13:43:19.153Z","level":"info","message":"[KiroAgent] Creating remote tools discovery (executionEnvironment=local, includeHidden=false)"}
{"timestamp":"2026-07-03T13:43:19.163Z","level":"info","message":"[KiroAgent] Cleared stale task execution statuses"}
{"timestamp":"2026-07-03T13:43:19.163Z","level":"info","message":"[KiroAgent] Platform initialized"}
{"timestamp":"2026-07-03T13:43:19.163Z","level":"info","message":"[KiroAgent] Resolved capabilities: {\"fsReadTextFile\":true,\"fsWriteTextFile\":true,\"kiroFsReadFile\":true,\"kiroFsWriteFile\":true,\"kiroFsStat\":true,\"kiroFsReadDirectory\":true,\"kiroFsDelete\":true,\"terminal\":true,\"secretStorage\":true,\"openExternalUrl\":true,\"knowledge\":false,\"infrastructureSafety\":true}"}
{"timestamp":"2026-07-03T13:43:19.164Z","level":"info","message":"[RemoteToolsDiscovery] Fetching available Remote tools"}
{"timestamp":"2026-07-03T13:43:19.164Z","level":"info","message":"[KiroAgent] Client supports ACP secret storage"}
{"timestamp":"2026-07-03T13:43:19.164Z","level":"info","message":"[KiroAgent] Client supports ACP openExternalUrl"}
{"timestamp":"2026-07-03T13:43:19.164Z","level":"info","message":"[KiroAgent] Stored clientInfo.name: kiro-ide"}
{"timestamp":"2026-07-03T13:43:19.164Z","level":"info","message":"[KiroAgent] v2 hooks cache initialized (hooks load at session start)"}
{"timestamp":"2026-07-03T13:43:19.164Z","level":"info","message":"Handshake: returning logging config with 3 channels at C:\\Users\\Admin\\.kiro\\logs\\20260703T134318988"}
{"timestamp":"2026-07-03T13:43:19.183Z","level":"info","message":"[KiroAgent] v2 hooks loaded 0 standalone hooks from .kiro/hooks/"}
{"timestamp":"2026-07-03T13:43:19.184Z","level":"info","message":"[KiroAgent] v2 hooks loaded 0 Open Plugin hooks"}
{"timestamp":"2026-07-03T13:43:19.184Z","level":"info","message":"fs.hooksReload.ok {\"system\":\"fs\",\"durationMs\":3}"}
{"timestamp":"2026-07-03T13:43:19.188Z","level":"info","message":"[KiroAgent] _kiro/mcp/toggle: enabled=true"}
{"timestamp":"2026-07-03T13:43:20.303Z","level":"info","message":"[RemoteToolsDiscovery] Discovered 1 Remote tools"}
{"timestamp":"2026-07-03T13:43:20.756Z","level":"info","message":"[RemoteToolsDiscovery] Fetching available Remote tools"}
{"timestamp":"2026-07-03T13:43:20.825Z","level":"info","message":"[KiroAgent] ACP session/new sessionId=sess_d14fddcc-6e67-44bf-9e29-c42e4bd22125 modeId=vibe"}
{"timestamp":"2026-07-03T13:43:20.832Z","level":"info","message":"[KiroAgent] v2 hooks loaded 0 standalone hooks from .kiro/hooks/"}
{"timestamp":"2026-07-03T13:43:20.833Z","level":"info","message":"[KiroAgent] v2 hooks loaded 0 Open Plugin hooks"}
{"timestamp":"2026-07-03T13:43:20.833Z","level":"info","message":"fs.hooksReload.ok {\"system\":\"fs\",\"durationMs\":8}"}
{"timestamp":"2026-07-03T13:43:20.834Z","level":"info","message":"[GovernanceService] Resolved {\"enterprise\":false,\"provider\":\"Google\",\"profileArn\":\"arn:aws:codewhisperer:us-east-1:699475941385:profile/EHGA3GRVQMUK\",\"controlPlaneEndpoint\":\"(none)\",\"mcpDisabled\":false,\"mcpReason\":\"admin_disabled\",\"webToolsDisabled\":false,\"autonomousAgentsDisabled\":false,\"disabledReason\":\"(none)\",\"registryUrl\":\"(none)\",\"catalogSize\":0}"}
{"timestamp":"2026-07-03T13:43:20.843Z","level":"info","message":"fs.loadAgentProfiles.ok {\"system\":\"fs\",\"scope\":\"user\",\"durationMs\":1}"}
{"timestamp":"2026-07-03T13:43:20.844Z","level":"info","message":"fs.loadAgentProfiles.ok {\"system\":\"fs\",\"scope\":\"workspace\",\"durationMs\":0}"}
{"timestamp":"2026-07-03T13:43:21.210Z","level":"info","message":"policy.session.presets_seeded {\"sessionId\":\"sess_d14fddcc-6e67-44bf-9e29-c42e4bd22125\",\"presets\":[\"edit-workspace\"]}"}
{"timestamp":"2026-07-03T13:43:21.212Z","level":"info","message":"[AdapterFactory] read=ACP, write=ACP, stat=ACP, readDir=ACP, delete=ACP, terminal=ACP"}
{"timestamp":"2026-07-03T13:43:21.212Z","level":"info","message":"[WorkspaceConnection] clientTools=3, hasClientIOTools=false, injectedFs=false, injectedTerminal=false"}
{"timestamp":"2026-07-03T13:43:21.215Z","level":"info","message":"[ActivityLogPublisher] Publishing to https://runtime.us-east-1.kiro.dev"}
{"timestamp":"2026-07-03T13:43:21.215Z","level":"info","message":"[KiroAgent] Skipping global context fetch (remoteMCPClient=true, executionEnvironment=local)"}
{"timestamp":"2026-07-03T13:43:21.216Z","level":"info","message":"[KiroAgent] Saving session sess_d14fddcc-6e67-44bf-9e29-c42e4bd22125 to C:\\Users\\Admin\\.kiro\\sessions"}
{"timestamp":"2026-07-03T13:43:21.222Z","level":"info","message":"[NodeSteeringDocumentSource] Created directory: C:\\Users\\Admin\\.kiro\\steering"}
{"timestamp":"2026-07-03T13:43:21.222Z","level":"info","message":"[NodeProgressiveContextSource] Created directory: C:\\Users\\Admin\\.kiro\\skills"}
{"timestamp":"2026-07-03T13:43:21.225Z","level":"info","message":"[KiroAgent] _kiro/mcp/toggle: enabled=true"}
{"timestamp":"2026-07-03T13:43:21.246Z","level":"info","message":"[SessionPersistence] Saved session sess_d14fddcc-6e67-44bf-9e29-c42e4bd22125 (0 messages) to C:\\Users\\Admin\\.kiro\\sessions\\0e134046f2a0cad8\\sess_d14fddcc-6e67-44bf-9e29-c42e4bd22125"}
{"timestamp":"2026-07-03T13:43:21.246Z","level":"info","message":"fs.saveSession.ok {\"system\":\"fs\",\"durationMs\":30}"}
{"timestamp":"2026-07-03T13:43:21.246Z","level":"info","message":"[KiroAgent] Session sess_d14fddcc-6e67-44bf-9e29-c42e4bd22125 saved successfully"}
{"timestamp":"2026-07-03T13:43:21.377Z","level":"info","message":"session.new.total {\"sessionId\":\"sess_d14fddcc-6e67-44bf-9e29-c42e4bd22125\",\"durationMs\":552}"}
{"timestamp":"2026-07-03T13:43:21.385Z","level":"info","message":"[SessionPersistence] Listed 1 session(s) for workspace 0e134046f2a0cad8"}
{"timestamp":"2026-07-03T13:43:21.408Z","level":"info","message":"[SessionPersistence] Eviction check: total size 498 bytes within budget 524288000 bytes, no eviction needed"}
{"timestamp":"2026-07-03T13:43:21.591Z","level":"info","message":"[KiroAgent] ACP session/load sessionId=sess_d14fddcc-6e67-44bf-9e29-c42e4bd22125"}
{"timestamp":"2026-07-03T13:43:21.593Z","level":"info","message":"[SessionPersistence] Loaded session sess_d14fddcc-6e67-44bf-9e29-c42e4bd22125 (0 messages) from C:\\Users\\Admin\\.kiro\\sessions\\0e134046f2a0cad8\\sess_d14fddcc-6e67-44bf-9e29-c42e4bd22125"}
{"timestamp":"2026-07-03T13:43:21.595Z","level":"info","message":"[KiroAgent] ACP session/load complete sessionId=sess_d14fddcc-6e67-44bf-9e29-c42e4bd22125 messages=0 at=2026-07-03T13:43:21.595Z"}
{"timestamp":"2026-07-03T13:43:22.259Z","level":"info","message":"[RemoteToolsDiscovery] Discovered 1 Remote tools"}
{"timestamp":"2026-07-03T13:43:22.322Z","level":"info","message":"[ACPModelConfigProvider] Loaded 15 models"}
{"timestamp":"2026-07-03T13:46:59.577Z","level":"info","message":"[SessionPersistence] Updated metadata for session sess_d14fddcc-6e67-44bf-9e29-c42e4bd22125"}
{"timestamp":"2026-07-03T13:53:05.880Z","level":"info","message":"[KiroAgent] ACP session/prompt sessionId=sess_d14fddcc-6e67-44bf-9e29-c42e4bd22125"}
{"timestamp":"2026-07-03T13:53:05.898Z","level":"info","message":"[SessionPersistence] Appended 1 message(s) to session sess_d14fddcc-6e67-44bf-9e29-c42e4bd22125"}
{"timestamp":"2026-07-03T13:53:05.902Z","level":"info","message":"[agent-controller] Triggered new agent: chat-agent (autonomyMode=Autopilot)","conversationId":"sess_d14fddcc-6e67-44bf-9e29-c42e4bd22125"}
{"timestamp":"2026-07-03T13:53:05.903Z","level":"info","message":"[ACPEventAdapter] Execution began: 2ca6d61a-8dd9-40d2-bcb9-722b2bf524ae","conversationId":"sess_d14fddcc-6e67-44bf-9e29-c42e4bd22125","turnId":"2ca6d61a-8dd9-40d2-bcb9-722b2bf524ae","rootTurnId":"2ca6d61a-8dd9-40d2-bcb9-722b2bf524ae"}
{"timestamp":"2026-07-03T13:53:05.905Z","level":"info","message":"[SessionPersistence] Appended 1 message(s) to session sess_d14fddcc-6e67-44bf-9e29-c42e4bd22125","conversationId":"sess_d14fddcc-6e67-44bf-9e29-c42e4bd22125","turnId":"2ca6d61a-8dd9-40d2-bcb9-722b2bf524ae","rootTurnId":"2ca6d61a-8dd9-40d2-bcb9-722b2bf524ae"}
{"timestamp":"2026-07-03T13:53:05.909Z","level":"info","message":"[SessionPersistence] Updated metadata for session sess_d14fddcc-6e67-44bf-9e29-c42e4bd22125"}
{"timestamp":"2026-07-03T13:53:05.928Z","level":"info","message":"[SessionPersistence] Updated metadata for session sess_d14fddcc-6e67-44bf-9e29-c42e4bd22125","conversationId":"sess_d14fddcc-6e67-44bf-9e29-c42e4bd22125","turnId":"2ca6d61a-8dd9-40d2-bcb9-722b2bf524ae","rootTurnId":"2ca6d61a-8dd9-40d2-bcb9-722b2bf524ae"}
{"timestamp":"2026-07-03T13:53:05.948Z","level":"info","message":"[AgentIterator] Checking for intent overrides","conversationId":"sess_d14fddcc-6e67-44bf-9e29-c42e4bd22125","turnId":"2ca6d61a-8dd9-40d2-bcb9-722b2bf524ae","rootTurnId":"2ca6d61a-8dd9-40d2-bcb9-722b2bf524ae"}
{"timestamp":"2026-07-03T13:53:05.951Z","level":"info","message":"[AgentIterator] Detecting intent","conversationId":"sess_d14fddcc-6e67-44bf-9e29-c42e4bd22125","turnId":"2ca6d61a-8dd9-40d2-bcb9-722b2bf524ae","rootTurnId":"2ca6d61a-8dd9-40d2-bcb9-722b2bf524ae"}
{"timestamp":"2026-07-03T13:53:05.951Z","level":"info","message":"[INTENT_DETECTION] Prompt input mode, skipping intent detection","conversationId":"sess_d14fddcc-6e67-44bf-9e29-c42e4bd22125","turnId":"2ca6d61a-8dd9-40d2-bcb9-722b2bf524ae","rootTurnId":"2ca6d61a-8dd9-40d2-bcb9-722b2bf524ae"}
{"timestamp":"2026-07-03T13:53:05.951Z","level":"info","message":"[AgentIterator] Parallel invoking agent","conversationId":"sess_d14fddcc-6e67-44bf-9e29-c42e4bd22125","turnId":"2ca6d61a-8dd9-40d2-bcb9-722b2bf524ae","rootTurnId":"2ca6d61a-8dd9-40d2-bcb9-722b2bf524ae"}
{"timestamp":"2026-07-03T13:53:05.952Z","level":"info","message":"[Steering] Populating steering for execution 2ca6d61a-8dd9-40d2-bcb9-722b2bf524ae","conversationId":"sess_d14fddcc-6e67-44bf-9e29-c42e4bd22125","turnId":"2ca6d61a-8dd9-40d2-bcb9-722b2bf524ae","rootTurnId":"2ca6d61a-8dd9-40d2-bcb9-722b2bf524ae"}
{"timestamp":"2026-07-03T13:53:05.952Z","level":"info","message":"[Steering] ExistingFiles:  in 2ca6d61a-8dd9-40d2-bcb9-722b2bf524ae","conversationId":"sess_d14fddcc-6e67-44bf-9e29-c42e4bd22125","turnId":"2ca6d61a-8dd9-40d2-bcb9-722b2bf524ae","rootTurnId":"2ca6d61a-8dd9-40d2-bcb9-722b2bf524ae"}
{"timestamp":"2026-07-03T13:53:05.985Z","level":"info","message":"[q-developer-converse] Sending GenerateAssistantResponse modelId=auto agentMode=vibe origin=AI_EDITOR streaming=true conversationId=3654e7f1-e513-431c-bcdb-65e7576a4e44","conversationId":"sess_d14fddcc-6e67-44bf-9e29-c42e4bd22125","turnId":"2ca6d61a-8dd9-40d2-bcb9-722b2bf524ae","rootTurnId":"2ca6d61a-8dd9-40d2-bcb9-722b2bf524ae"}
{"timestamp":"2026-07-03T13:53:06.047Z","level":"info","message":"[q-developer-converse] Request payload: 10585657 chars, 0 history messages, conversationId=3654e7f1-e513-431c-bcdb-65e7576a4e44","conversationId":"sess_d14fddcc-6e67-44bf-9e29-c42e4bd22125","turnId":"2ca6d61a-8dd9-40d2-bcb9-722b2bf524ae","rootTurnId":"2ca6d61a-8dd9-40d2-bcb9-722b2bf524ae"}
{"timestamp":"2026-07-03T13:53:08.951Z","level":"warn","message":"[ActivityLogPublisher] Failed to publish to https://runtime.us-east-1.kiro.dev/agents/activity: 413 — <html>\r\n<head><title>413 Request Entity Too Large</title></head>\r\n<body>\r\n<center><h1>413 Request Entity Too Large</h1></center>\r\n</body>\r\n</html>\r\n"}
{"timestamp":"2026-07-03T13:53:16.526Z","level":"info","message":"[AgentIterator] Synchronizing results","conversationId":"sess_d14fddcc-6e67-44bf-9e29-c42e4bd22125","turnId":"2ca6d61a-8dd9-40d2-bcb9-722b2bf524ae","rootTurnId":"2ca6d61a-8dd9-40d2-bcb9-722b2bf524ae"}
{"timestamp":"2026-07-03T13:53:16.526Z","level":"info","message":"[AgentIterator] Processing intent detection result","conversationId":"sess_d14fddcc-6e67-44bf-9e29-c42e4bd22125","turnId":"2ca6d61a-8dd9-40d2-bcb9-722b2bf524ae","rootTurnId":"2ca6d61a-8dd9-40d2-bcb9-722b2bf524ae"}
{"timestamp":"2026-07-03T13:53:16.527Z","level":"info","message":"[ChatAgent] Processing model response stream","conversationId":"sess_d14fddcc-6e67-44bf-9e29-c42e4bd22125","turnId":"2ca6d61a-8dd9-40d2-bcb9-722b2bf524ae","rootTurnId":"2ca6d61a-8dd9-40d2-bcb9-722b2bf524ae"}
{"timestamp":"2026-07-03T13:53:16.527Z","level":"info","message":"[Steering] Populating steering for execution 2ca6d61a-8dd9-40d2-bcb9-722b2bf524ae","conversationId":"sess_d14fddcc-6e67-44bf-9e29-c42e4bd22125","turnId":"2ca6d61a-8dd9-40d2-bcb9-722b2bf524ae","rootTurnId":"2ca6d61a-8dd9-40d2-bcb9-722b2bf524ae"}
{"timestamp":"2026-07-03T13:53:16.528Z","level":"info","message":"[Steering] ExistingFiles:  in 2ca6d61a-8dd9-40d2-bcb9-722b2bf524ae","conversationId":"sess_d14fddcc-6e67-44bf-9e29-c42e4bd22125","turnId":"2ca6d61a-8dd9-40d2-bcb9-722b2bf524ae","rootTurnId":"2ca6d61a-8dd9-40d2-bcb9-722b2bf524ae"}
{"timestamp":"2026-07-03T13:53:18.074Z","level":"warn","message":"[PersistenceClassification] Unknown action type \"update_session_information\" — defaulting to \"tool\". Add it to KnownActionType in persistence-classification.ts.","conversationId":"sess_d14fddcc-6e67-44bf-9e29-c42e4bd22125","turnId":"2ca6d61a-8dd9-40d2-bcb9-722b2bf524ae","rootTurnId":"2ca6d61a-8dd9-40d2-bcb9-722b2bf524ae"}
{"timestamp":"2026-07-03T13:53:18.074Z","level":"warn","message":"[ACPEventAdapter] Action type \"update_session_information\" has no dedicated handler and is being routed as a tool call. If this is a new non-tool action, add it to DispatchedActionType.","conversationId":"sess_d14fddcc-6e67-44bf-9e29-c42e4bd22125","turnId":"2ca6d61a-8dd9-40d2-bcb9-722b2bf524ae","rootTurnId":"2ca6d61a-8dd9-40d2-bcb9-722b2bf524ae"}
{"timestamp":"2026-07-03T13:53:18.086Z","level":"info","message":"[AgentIterator] Parallel invoking agent","conversationId":"sess_d14fddcc-6e67-44bf-9e29-c42e4bd22125","turnId":"2ca6d61a-8dd9-40d2-bcb9-722b2bf524ae","rootTurnId":"2ca6d61a-8dd9-40d2-bcb9-722b2bf524ae"}
{"timestamp":"2026-07-03T13:53:18.086Z","level":"info","message":"[Steering] Populating steering for execution 2ca6d61a-8dd9-40d2-bcb9-722b2bf524ae","conversationId":"sess_d14fddcc-6e67-44bf-9e29-c42e4bd22125","turnId":"2ca6d61a-8dd9-40d2-bcb9-722b2bf524ae","rootTurnId":"2ca6d61a-8dd9-40d2-bcb9-722b2bf524ae"}
{"timestamp":"2026-07-03T13:53:18.086Z","level":"info","message":"[Steering] ExistingFiles:  in 2ca6d61a-8dd9-40d2-bcb9-722b2bf524ae","conversationId":"sess_d14fddcc-6e67-44bf-9e29-c42e4bd22125","turnId":"2ca6d61a-8dd9-40d2-bcb9-722b2bf524ae","rootTurnId":"2ca6d61a-8dd9-40d2-bcb9-722b2bf524ae"}
{"timestamp":"2026-07-03T13:53:18.118Z","level":"info","message":"[q-developer-converse] Sending GenerateAssistantResponse modelId=auto agentMode=vibe origin=AI_EDITOR streaming=true conversationId=sess_d14fddcc-6e67-44bf-9e29-c42e4bd22125","conversationId":"sess_d14fddcc-6e67-44bf-9e29-c42e4bd22125","turnId":"2ca6d61a-8dd9-40d2-bcb9-722b2bf524ae","rootTurnId":"2ca6d61a-8dd9-40d2-bcb9-722b2bf524ae"}
{"timestamp":"2026-07-03T13:53:18.188Z","level":"info","message":"[q-developer-converse] Request payload: 10586342 chars, 2 history messages, conversationId=sess_d14fddcc-6e67-44bf-9e29-c42e4bd22125","conversationId":"sess_d14fddcc-6e67-44bf-9e29-c42e4bd22125","turnId":"2ca6d61a-8dd9-40d2-bcb9-722b2bf524ae","rootTurnId":"2ca6d61a-8dd9-40d2-bcb9-722b2bf524ae"}
{"timestamp":"2026-07-03T13:53:18.235Z","level":"info","message":"[SessionPersistence] Appended 2 message(s) to session sess_d14fddcc-6e67-44bf-9e29-c42e4bd22125","conversationId":"sess_d14fddcc-6e67-44bf-9e29-c42e4bd22125","turnId":"2ca6d61a-8dd9-40d2-bcb9-722b2bf524ae","rootTurnId":"2ca6d61a-8dd9-40d2-bcb9-722b2bf524ae"}
{"timestamp":"2026-07-03T13:53:18.236Z","level":"info","message":"[SessionPersistence] Updated metadata for session sess_d14fddcc-6e67-44bf-9e29-c42e4bd22125","conversationId":"sess_d14fddcc-6e67-44bf-9e29-c42e4bd22125","turnId":"2ca6d61a-8dd9-40d2-bcb9-722b2bf524ae","rootTurnId":"2ca6d61a-8dd9-40d2-bcb9-722b2bf524ae"}
{"timestamp":"2026-07-03T13:53:18.244Z","level":"info","message":"[SessionPersistence] Appended 1 message(s) to session sess_d14fddcc-6e67-44bf-9e29-c42e4bd22125","conversationId":"sess_d14fddcc-6e67-44bf-9e29-c42e4bd22125","turnId":"2ca6d61a-8dd9-40d2-bcb9-722b2bf524ae","rootTurnId":"2ca6d61a-8dd9-40d2-bcb9-722b2bf524ae"}
{"timestamp":"2026-07-03T13:53:20.113Z","level":"info","message":"[ACPModelConfigProvider] Loaded 15 models"}
{"timestamp":"2026-07-03T13:53:25.692Z","level":"info","message":"[AgentIterator] Synchronizing results","conversationId":"sess_d14fddcc-6e67-44bf-9e29-c42e4bd22125","turnId":"2ca6d61a-8dd9-40d2-bcb9-722b2bf524ae","rootTurnId":"2ca6d61a-8dd9-40d2-bcb9-722b2bf524ae"}
{"timestamp":"2026-07-03T13:53:25.692Z","level":"info","message":"[AgentIterator] Processing intent detection result","conversationId":"sess_d14fddcc-6e67-44bf-9e29-c42e4bd22125","turnId":"2ca6d61a-8dd9-40d2-bcb9-722b2bf524ae","rootTurnId":"2ca6d61a-8dd9-40d2-bcb9-722b2bf524ae"}
{"timestamp":"2026-07-03T13:53:25.693Z","level":"info","message":"[ChatAgent] Processing model response stream","conversationId":"sess_d14fddcc-6e67-44bf-9e29-c42e4bd22125","turnId":"2ca6d61a-8dd9-40d2-bcb9-722b2bf524ae","rootTurnId":"2ca6d61a-8dd9-40d2-bcb9-722b2bf524ae"}
{"timestamp":"2026-07-03T13:53:25.693Z","level":"info","message":"[Steering] Populating steering for execution 2ca6d61a-8dd9-40d2-bcb9-722b2bf524ae","conversationId":"sess_d14fddcc-6e67-44bf-9e29-c42e4bd22125","turnId":"2ca6d61a-8dd9-40d2-bcb9-722b2bf524ae","rootTurnId":"2ca6d61a-8dd9-40d2-bcb9-722b2bf524ae"}
{"timestamp":"2026-07-03T13:53:25.693Z","level":"info","message":"[Steering] ExistingFiles:  in 2ca6d61a-8dd9-40d2-bcb9-722b2bf524ae","conversationId":"sess_d14fddcc-6e67-44bf-9e29-c42e4bd22125","turnId":"2ca6d61a-8dd9-40d2-bcb9-722b2bf524ae","rootTurnId":"2ca6d61a-8dd9-40d2-bcb9-722b2bf524ae"}
{"timestamp":"2026-07-03T13:53:26.394Z","level":"warn","message":"[ACPEventAdapter] Action type \"read_files\" has no dedicated handler and is being routed as a tool call. If this is a new non-tool action, add it to DispatchedActionType.","conversationId":"sess_d14fddcc-6e67-44bf-9e29-c42e4bd22125","turnId":"2ca6d61a-8dd9-40d2-bcb9-722b2bf524ae","rootTurnId":"2ca6d61a-8dd9-40d2-bcb9-722b2bf524ae"}
{"timestamp":"2026-07-03T13:53:26.397Z","level":"info","message":"acp.policy-eval.complete {\"toolId\":\"read_file\",\"effect\":\"allow\",\"capability\":\"fs_read\"}","conversationId":"sess_d14fddcc-6e67-44bf-9e29-c42e4bd22125","turnId":"2ca6d61a-8dd9-40d2-bcb9-722b2bf524ae","rootTurnId":"2ca6d61a-8dd9-40d2-bcb9-722b2bf524ae"}
{"timestamp":"2026-07-03T13:53:26.404Z","level":"info","message":"[SessionPersistence] Appended 2 message(s) to session sess_d14fddcc-6e67-44bf-9e29-c42e4bd22125","conversationId":"sess_d14fddcc-6e67-44bf-9e29-c42e4bd22125","turnId":"2ca6d61a-8dd9-40d2-bcb9-722b2bf524ae","rootTurnId":"2ca6d61a-8dd9-40d2-bcb9-722b2bf524ae"}
{"timestamp":"2026-07-03T13:53:26.687Z","level":"info","message":"acp.policy-eval.complete {\"toolId\":\"read_file\",\"effect\":\"allow\",\"capability\":\"fs_read\"}","conversationId":"sess_d14fddcc-6e67-44bf-9e29-c42e4bd22125","turnId":"2ca6d61a-8dd9-40d2-bcb9-722b2bf524ae","rootTurnId":"2ca6d61a-8dd9-40d2-bcb9-722b2bf524ae"}
{"timestamp":"2026-07-03T13:53:26.715Z","level":"info","message":"[SessionPersistence] Appended 2 message(s) to session sess_d14fddcc-6e67-44bf-9e29-c42e4bd22125","conversationId":"sess_d14fddcc-6e67-44bf-9e29-c42e4bd22125","turnId":"2ca6d61a-8dd9-40d2-bcb9-722b2bf524ae","rootTurnId":"2ca6d61a-8dd9-40d2-bcb9-722b2bf524ae"}
{"timestamp":"2026-07-03T13:53:27.162Z","level":"info","message":"acp.policy-eval.complete {\"toolId\":\"read_file\",\"effect\":\"allow\",\"capability\":\"fs_read\"}","conversationId":"sess_d14fddcc-6e67-44bf-9e29-c42e4bd22125","turnId":"2ca6d61a-8dd9-40d2-bcb9-722b2bf524ae","rootTurnId":"2ca6d61a-8dd9-40d2-bcb9-722b2bf524ae"}
{"timestamp":"2026-07-03T13:53:27.195Z","level":"info","message":"[SessionPersistence] Appended 2 message(s) to session sess_d14fddcc-6e67-44bf-9e29-c42e4bd22125","conversationId":"sess_d14fddcc-6e67-44bf-9e29-c42e4bd22125","turnId":"2ca6d61a-8dd9-40d2-bcb9-722b2bf524ae","rootTurnId":"2ca6d61a-8dd9-40d2-bcb9-722b2bf524ae"}
{"timestamp":"2026-07-03T13:53:27.627Z","level":"info","message":"acp.policy-eval.complete {\"toolId\":\"read_file\",\"effect\":\"allow\",\"capability\":\"fs_read\"}","conversationId":"sess_d14fddcc-6e67-44bf-9e29-c42e4bd22125","turnId":"2ca6d61a-8dd9-40d2-bcb9-722b2bf524ae","rootTurnId":"2ca6d61a-8dd9-40d2-bcb9-722b2bf524ae"}
{"timestamp":"2026-07-03T13:53:27.634Z","level":"info","message":"[SessionPersistence] Appended 1 message(s) to session sess_d14fddcc-6e67-44bf-9e29-c42e4bd22125","conversationId":"sess_d14fddcc-6e67-44bf-9e29-c42e4bd22125","turnId":"2ca6d61a-8dd9-40d2-bcb9-722b2bf524ae","rootTurnId":"2ca6d61a-8dd9-40d2-bcb9-722b2bf524ae"}
{"timestamp":"2026-07-03T13:53:27.646Z","level":"info","message":"[AgentIterator] Parallel invoking agent","conversationId":"sess_d14fddcc-6e67-44bf-9e29-c42e4bd22125","turnId":"2ca6d61a-8dd9-40d2-bcb9-722b2bf524ae","rootTurnId":"2ca6d61a-8dd9-40d2-bcb9-722b2bf524ae"}
{"timestamp":"2026-07-03T13:53:27.646Z","level":"info","message":"[Steering] Populating steering for execution 2ca6d61a-8dd9-40d2-bcb9-722b2bf524ae","conversationId":"sess_d14fddcc-6e67-44bf-9e29-c42e4bd22125","turnId":"2ca6d61a-8dd9-40d2-bcb9-722b2bf524ae","rootTurnId":"2ca6d61a-8dd9-40d2-bcb9-722b2bf524ae"}
{"timestamp":"2026-07-03T13:53:27.646Z","level":"info","message":"[Steering] ExistingFiles: /c:/Users/Admin/Downloads/Kiro_AWS_Nonsense/Kiro_AWS_Nonsense/app.py, /c:/Users/Admin/Downloads/Kiro_AWS_Nonsense/Kiro_AWS_Nonsense/templates/index.html, /c:/Users/Admin/Downloads/Kiro_AWS_Nonsense/Kiro_AWS_Nonsense/static/app.js, /c:/Users/Admin/Downloads/Kiro_AWS_Nonsense/Kiro_AWS_Nonsense/static/style.css in 2ca6d61a-8dd9-40d2-bcb9-722b2bf524ae","conversationId":"sess_d14fddcc-6e67-44bf-9e29-c42e4bd22125","turnId":"2ca6d61a-8dd9-40d2-bcb9-722b2bf524ae","rootTurnId":"2ca6d61a-8dd9-40d2-bcb9-722b2bf524ae"}
{"timestamp":"2026-07-03T13:53:27.649Z","level":"info","message":"[SessionPersistence] Appended 2 message(s) to session sess_d14fddcc-6e67-44bf-9e29-c42e4bd22125","conversationId":"sess_d14fddcc-6e67-44bf-9e29-c42e4bd22125","turnId":"2ca6d61a-8dd9-40d2-bcb9-722b2bf524ae","rootTurnId":"2ca6d61a-8dd9-40d2-bcb9-722b2bf524ae"}
{"timestamp":"2026-07-03T13:53:27.673Z","level":"info","message":"[q-developer-converse] Sending GenerateAssistantResponse modelId=auto agentMode=vibe origin=AI_EDITOR streaming=true conversationId=sess_d14fddcc-6e67-44bf-9e29-c42e4bd22125","conversationId":"sess_d14fddcc-6e67-44bf-9e29-c42e4bd22125","turnId":"2ca6d61a-8dd9-40d2-bcb9-722b2bf524ae","rootTurnId":"2ca6d61a-8dd9-40d2-bcb9-722b2bf524ae"}
{"timestamp":"2026-07-03T13:53:27.737Z","level":"info","message":"[q-developer-converse] Request payload: 10628806 chars, 4 history messages, conversationId=sess_d14fddcc-6e67-44bf-9e29-c42e4bd22125","conversationId":"sess_d14fddcc-6e67-44bf-9e29-c42e4bd22125","turnId":"2ca6d61a-8dd9-40d2-bcb9-722b2bf524ae","rootTurnId":"2ca6d61a-8dd9-40d2-bcb9-722b2bf524ae"}
{"timestamp":"2026-07-03T13:53:36.114Z","level":"info","message":"[AgentIterator] Synchronizing results","conversationId":"sess_d14fddcc-6e67-44bf-9e29-c42e4bd22125","turnId":"2ca6d61a-8dd9-40d2-bcb9-722b2bf524ae","rootTurnId":"2ca6d61a-8dd9-40d2-bcb9-722b2bf524ae"}
{"timestamp":"2026-07-03T13:53:36.114Z","level":"info","message":"[AgentIterator] Processing intent detection result","conversationId":"sess_d14fddcc-6e67-44bf-9e29-c42e4bd22125","turnId":"2ca6d61a-8dd9-40d2-bcb9-722b2bf524ae","rootTurnId":"2ca6d61a-8dd9-40d2-bcb9-722b2bf524ae"}
{"timestamp":"2026-07-03T13:53:36.116Z","level":"info","message":"[ChatAgent] Processing model response stream","conversationId":"sess_d14fddcc-6e67-44bf-9e29-c42e4bd22125","turnId":"2ca6d61a-8dd9-40d2-bcb9-722b2bf524ae","rootTurnId":"2ca6d61a-8dd9-40d2-bcb9-722b2bf524ae"}
{"timestamp":"2026-07-03T13:53:36.116Z","level":"info","message":"[Steering] Populating steering for execution 2ca6d61a-8dd9-40d2-bcb9-722b2bf524ae","conversationId":"sess_d14fddcc-6e67-44bf-9e29-c42e4bd22125","turnId":"2ca6d61a-8dd9-40d2-bcb9-722b2bf524ae","rootTurnId":"2ca6d61a-8dd9-40d2-bcb9-722b2bf524ae"}
{"timestamp":"2026-07-03T13:53:36.116Z","level":"info","message":"[Steering] ExistingFiles: /c:/Users/Admin/Downloads/Kiro_AWS_Nonsense/Kiro_AWS_Nonsense/app.py, /c:/Users/Admin/Downloads/Kiro_AWS_Nonsense/Kiro_AWS_Nonsense/templates/index.html, /c:/Users/Admin/Downloads/Kiro_AWS_Nonsense/Kiro_AWS_Nonsense/static/app.js, /c:/Users/Admin/Downloads/Kiro_AWS_Nonsense/Kiro_AWS_Nonsense/static/style.css in 2ca6d61a-8dd9-40d2-bcb9-722b2bf524ae","conversationId":"sess_d14fddcc-6e67-44bf-9e29-c42e4bd22125","turnId":"2ca6d61a-8dd9-40d2-bcb9-722b2bf524ae","rootTurnId":"2ca6d61a-8dd9-40d2-bcb9-722b2bf524ae"}
{"timestamp":"2026-07-03T13:53:37.317Z","level":"info","message":"acp.policy-eval.complete {\"toolId\":\"read_file\",\"effect\":\"allow\",\"capability\":\"fs_read\"}","conversationId":"sess_d14fddcc-6e67-44bf-9e29-c42e4bd22125","turnId":"2ca6d61a-8dd9-40d2-bcb9-722b2bf524ae","rootTurnId":"2ca6d61a-8dd9-40d2-bcb9-722b2bf524ae"}
{"timestamp":"2026-07-03T13:53:37.324Z","level":"info","message":"[SessionPersistence] Appended 2 message(s) to session sess_d14fddcc-6e67-44bf-9e29-c42e4bd22125","conversationId":"sess_d14fddcc-6e67-44bf-9e29-c42e4bd22125","turnId":"2ca6d61a-8dd9-40d2-bcb9-722b2bf524ae","rootTurnId":"2ca6d61a-8dd9-40d2-bcb9-722b2bf524ae"}
{"timestamp":"2026-07-03T13:53:37.537Z","level":"info","message":"acp.policy-eval.complete {\"toolId\":\"read_file\",\"effect\":\"allow\",\"capability\":\"fs_read\"}","conversationId":"sess_d14fddcc-6e67-44bf-9e29-c42e4bd22125","turnId":"2ca6d61a-8dd9-40d2-bcb9-722b2bf524ae","rootTurnId":"2ca6d61a-8dd9-40d2-bcb9-722b2bf524ae"}
{"timestamp":"2026-07-03T13:53:37.545Z","level":"info","message":"[SessionPersistence] Appended 1 message(s) to session sess_d14fddcc-6e67-44bf-9e29-c42e4bd22125","conversationId":"sess_d14fddcc-6e67-44bf-9e29-c42e4bd22125","turnId":"2ca6d61a-8dd9-40d2-bcb9-722b2bf524ae","rootTurnId":"2ca6d61a-8dd9-40d2-bcb9-722b2bf524ae"}
{"timestamp":"2026-07-03T13:53:37.552Z","level":"info","message":"[AgentIterator] Parallel invoking agent","conversationId":"sess_d14fddcc-6e67-44bf-9e29-c42e4bd22125","turnId":"2ca6d61a-8dd9-40d2-bcb9-722b2bf524ae","rootTurnId":"2ca6d61a-8dd9-40d2-bcb9-722b2bf524ae"}
{"timestamp":"2026-07-03T13:53:37.552Z","level":"info","message":"[Steering] Populating steering for execution 2ca6d61a-8dd9-40d2-bcb9-722b2bf524ae","conversationId":"sess_d14fddcc-6e67-44bf-9e29-c42e4bd22125","turnId":"2ca6d61a-8dd9-40d2-bcb9-722b2bf524ae","rootTurnId":"2ca6d61a-8dd9-40d2-bcb9-722b2bf524ae"}
{"timestamp":"2026-07-03T13:53:37.552Z","level":"info","message":"[Steering] ExistingFiles: /c:/Users/Admin/Downloads/Kiro_AWS_Nonsense/Kiro_AWS_Nonsense/app.py, /c:/Users/Admin/Downloads/Kiro_AWS_Nonsense/Kiro_AWS_Nonsense/templates/index.html, /c:/Users/Admin/Downloads/Kiro_AWS_Nonsense/Kiro_AWS_Nonsense/static/app.js, /c:/Users/Admin/Downloads/Kiro_AWS_Nonsense/Kiro_AWS_Nonsense/static/style.css, /c:/Users/Admin/Downloads/Kiro_AWS_Nonsense/Kiro_AWS_Nonsense/config.py, /c:/Users/Admin/Downloads/Kiro_AWS_Nonsense/Kiro_AWS_Nonsense/analysis.py in 2ca6d61a-8dd9-40d2-bcb9-722b2bf524ae","conversationId":"sess_d14fddcc-6e67-44bf-9e29-c42e4bd22125","turnId":"2ca6d61a-8dd9-40d2-bcb9-722b2bf524ae","rootTurnId":"2ca6d61a-8dd9-40d2-bcb9-722b2bf524ae"}
{"timestamp":"2026-07-03T13:53:37.579Z","level":"info","message":"[q-developer-converse] Sending GenerateAssistantResponse modelId=auto agentMode=vibe origin=AI_EDITOR streaming=true conversationId=sess_d14fddcc-6e67-44bf-9e29-c42e4bd22125","conversationId":"sess_d14fddcc-6e67-44bf-9e29-c42e4bd22125","turnId":"2ca6d61a-8dd9-40d2-bcb9-722b2bf524ae","rootTurnId":"2ca6d61a-8dd9-40d2-bcb9-722b2bf524ae"}
{"timestamp":"2026-07-03T13:53:37.649Z","level":"info","message":"[q-developer-converse] Request payload: 10640731 chars, 6 history messages, conversationId=sess_d14fddcc-6e67-44bf-9e29-c42e4bd22125","conversationId":"sess_d14fddcc-6e67-44bf-9e29-c42e4bd22125","turnId":"2ca6d61a-8dd9-40d2-bcb9-722b2bf524ae","rootTurnId":"2ca6d61a-8dd9-40d2-bcb9-722b2bf524ae"}
{"timestamp":"2026-07-03T13:53:37.671Z","level":"info","message":"[SessionPersistence] Appended 2 message(s) to session sess_d14fddcc-6e67-44bf-9e29-c42e4bd22125","conversationId":"sess_d14fddcc-6e67-44bf-9e29-c42e4bd22125","turnId":"2ca6d61a-8dd9-40d2-bcb9-722b2bf524ae","rootTurnId":"2ca6d61a-8dd9-40d2-bcb9-722b2bf524ae"}
{"timestamp":"2026-07-03T13:53:44.948Z","level":"info","message":"[AgentIterator] Synchronizing results","conversationId":"sess_d14fddcc-6e67-44bf-9e29-c42e4bd22125","turnId":"2ca6d61a-8dd9-40d2-bcb9-722b2bf524ae","rootTurnId":"2ca6d61a-8dd9-40d2-bcb9-722b2bf524ae"}
{"timestamp":"2026-07-03T13:53:44.948Z","level":"info","message":"[AgentIterator] Processing intent detection result","conversationId":"sess_d14fddcc-6e67-44bf-9e29-c42e4bd22125","turnId":"2ca6d61a-8dd9-40d2-bcb9-722b2bf524ae","rootTurnId":"2ca6d61a-8dd9-40d2-bcb9-722b2bf524ae"}
{"timestamp":"2026-07-03T13:53:44.949Z","level":"info","message":"[ChatAgent] Processing model response stream","conversationId":"sess_d14fddcc-6e67-44bf-9e29-c42e4bd22125","turnId":"2ca6d61a-8dd9-40d2-bcb9-722b2bf524ae","rootTurnId":"2ca6d61a-8dd9-40d2-bcb9-722b2bf524ae"}
{"timestamp":"2026-07-03T13:53:44.949Z","level":"info","message":"[Steering] Populating steering for execution 2ca6d61a-8dd9-40d2-bcb9-722b2bf524ae","conversationId":"sess_d14fddcc-6e67-44bf-9e29-c42e4bd22125","turnId":"2ca6d61a-8dd9-40d2-bcb9-722b2bf524ae","rootTurnId":"2ca6d61a-8dd9-40d2-bcb9-722b2bf524ae"}
{"timestamp":"2026-07-03T13:53:44.949Z","level":"info","message":"[Steering] ExistingFiles: /c:/Users/Admin/Downloads/Kiro_AWS_Nonsense/Kiro_AWS_Nonsense/app.py, /c:/Users/Admin/Downloads/Kiro_AWS_Nonsense/Kiro_AWS_Nonsense/templates/index.html, /c:/Users/Admin/Downloads/Kiro_AWS_Nonsense/Kiro_AWS_Nonsense/static/app.js, /c:/Users/Admin/Downloads/Kiro_AWS_Nonsense/Kiro_AWS_Nonsense/static/style.css, /c:/Users/Admin/Downloads/Kiro_AWS_Nonsense/Kiro_AWS_Nonsense/config.py, /c:/Users/Admin/Downloads/Kiro_AWS_Nonsense/Kiro_AWS_Nonsense/analysis.py in 2ca6d61a-8dd9-40d2-bcb9-722b2bf524ae","conversationId":"sess_d14fddcc-6e67-44bf-9e29-c42e4bd22125","turnId":"2ca6d61a-8dd9-40d2-bcb9-722b2bf524ae","rootTurnId":"2ca6d61a-8dd9-40d2-bcb9-722b2bf524ae"}
{"timestamp":"2026-07-03T13:53:44.953Z","level":"warn","message":"[ACPEventAdapter] Tool \"say\" missing rawInput, falling back to input.","conversationId":"sess_d14fddcc-6e67-44bf-9e29-c42e4bd22125","turnId":"2ca6d61a-8dd9-40d2-bcb9-722b2bf524ae","rootTurnId":"2ca6d61a-8dd9-40d2-bcb9-722b2bf524ae"}
{"timestamp":"2026-07-03T13:53:44.982Z","level":"warn","message":"[ACPEventAdapter] Tool \"say\" missing rawInput, falling back to input.","conversationId":"sess_d14fddcc-6e67-44bf-9e29-c42e4bd22125","turnId":"2ca6d61a-8dd9-40d2-bcb9-722b2bf524ae","rootTurnId":"2ca6d61a-8dd9-40d2-bcb9-722b2bf524ae"}
{"timestamp":"2026-07-03T13:53:45.008Z","level":"warn","message":"[ACPEventAdapter] Tool \"say\" missing rawInput, falling back to input.","conversationId":"sess_d14fddcc-6e67-44bf-9e29-c42e4bd22125","turnId":"2ca6d61a-8dd9-40d2-bcb9-722b2bf524ae","rootTurnId":"2ca6d61a-8dd9-40d2-bcb9-722b2bf524ae"}
{"timestamp":"2026-07-03T13:53:45.072Z","level":"warn","message":"[ACPEventAdapter] Tool \"say\" missing rawInput, falling back to input.","conversationId":"sess_d14fddcc-6e67-44bf-9e29-c42e4bd22125","turnId":"2ca6d61a-8dd9-40d2-bcb9-722b2bf524ae","rootTurnId":"2ca6d61a-8dd9-40d2-bcb9-722b2bf524ae"}
{"timestamp":"2026-07-03T13:53:45.117Z","level":"warn","message":"[ACPEventAdapter] Tool \"say\" missing rawInput, falling back to input.","conversationId":"sess_d14fddcc-6e67-44bf-9e29-c42e4bd22125","turnId":"2ca6d61a-8dd9-40d2-bcb9-722b2bf524ae","rootTurnId":"2ca6d61a-8dd9-40d2-bcb9-722b2bf524ae"}
{"timestamp":"2026-07-03T13:53:45.159Z","level":"warn","message":"[ACPEventAdapter] Tool \"say\" missing rawInput, falling back to input.","conversationId":"sess_d14fddcc-6e67-44bf-9e29-c42e4bd22125","turnId":"2ca6d61a-8dd9-40d2-bcb9-722b2bf524ae","rootTurnId":"2ca6d61a-8dd9-40d2-bcb9-722b2bf524ae"}
{"timestamp":"2026-07-03T13:53:45.214Z","level":"warn","message":"[ACPEventAdapter] Tool \"say\" missing rawInput, falling back to input.","conversationId":"sess_d14fddcc-6e67-44bf-9e29-c42e4bd22125","turnId":"2ca6d61a-8dd9-40d2-bcb9-722b2bf524ae","rootTurnId":"2ca6d61a-8dd9-40d2-bcb9-722b2bf524ae"}
{"timestamp":"2026-07-03T13:53:45.273Z","level":"warn","message":"[ACPEventAdapter] Tool \"say\" missing rawInput, falling back to input.","conversationId":"sess_d14fddcc-6e67-44bf-9e29-c42e4bd22125","turnId":"2ca6d61a-8dd9-40d2-bcb9-722b2bf524ae","rootTurnId":"2ca6d61a-8dd9-40d2-bcb9-722b2bf524ae"}
{"timestamp":"2026-07-03T13:53:45.314Z","level":"warn","message":"[ACPEventAdapter] Tool \"say\" missing rawInput, falling back to input.","conversationId":"sess_d14fddcc-6e67-44bf-9e29-c42e4bd22125","turnId":"2ca6d61a-8dd9-40d2-bcb9-722b2bf524ae","rootTurnId":"2ca6d61a-8dd9-40d2-bcb9-722b2bf524ae"}
{"timestamp":"2026-07-03T13:53:45.381Z","level":"warn","message":"[ACPEventAdapter] Tool \"say\" missing rawInput, falling back to input.","conversationId":"sess_d14fddcc-6e67-44bf-9e29-c42e4bd22125","turnId":"2ca6d61a-8dd9-40d2-bcb9-722b2bf524ae","rootTurnId":"2ca6d61a-8dd9-40d2-bcb9-722b2bf524ae"}
{"timestamp":"2026-07-03T13:53:45.415Z","level":"warn","message":"[ACPEventAdapter] Tool \"say\" missing rawInput, falling back to input.","conversationId":"sess_d14fddcc-6e67-44bf-9e29-c42e4bd22125","turnId":"2ca6d61a-8dd9-40d2-bcb9-722b2bf524ae","rootTurnId":"2ca6d61a-8dd9-40d2-bcb9-722b2bf524ae"}
{"timestamp":"2026-07-03T13:53:45.485Z","level":"warn","message":"[ACPEventAdapter] Tool \"say\" missing rawInput, falling back to input.","conversationId":"sess_d14fddcc-6e67-44bf-9e29-c42e4bd22125","turnId":"2ca6d61a-8dd9-40d2-bcb9-722b2bf524ae","rootTurnId":"2ca6d61a-8dd9-40d2-bcb9-722b2bf524ae"}
{"timestamp":"2026-07-03T13:53:45.515Z","level":"warn","message":"[ACPEventAdapter] Tool \"say\" missing rawInput, falling back to input.","conversationId":"sess_d14fddcc-6e67-44bf-9e29-c42e4bd22125","turnId":"2ca6d61a-8dd9-40d2-bcb9-722b2bf524ae","rootTurnId":"2ca6d61a-8dd9-40d2-bcb9-722b2bf524ae"}
{"timestamp":"2026-07-03T13:53:45.586Z","level":"warn","message":"[ACPEventAdapter] Tool \"say\" missing rawInput, falling back to input.","conversationId":"sess_d14fddcc-6e67-44bf-9e29-c42e4bd22125","turnId":"2ca6d61a-8dd9-40d2-bcb9-722b2bf524ae","rootTurnId":"2ca6d61a-8dd9-40d2-bcb9-722b2bf524ae"}
{"timestamp":"2026-07-03T13:53:45.632Z","level":"warn","message":"[ACPEventAdapter] Tool \"say\" missing rawInput, falling back to input.","conversationId":"sess_d14fddcc-6e67-44bf-9e29-c42e4bd22125","turnId":"2ca6d61a-8dd9-40d2-bcb9-722b2bf524ae","rootTurnId":"2ca6d61a-8dd9-40d2-bcb9-722b2bf524ae"}
{"timestamp":"2026-07-03T13:53:45.674Z","level":"warn","message":"[ACPEventAdapter] Tool \"say\" missing rawInput, falling back to input.","conversationId":"sess_d14fddcc-6e67-44bf-9e29-c42e4bd22125","turnId":"2ca6d61a-8dd9-40d2-bcb9-722b2bf524ae","rootTurnId":"2ca6d61a-8dd9-40d2-bcb9-722b2bf524ae"}
{"timestamp":"2026-07-03T13:53:45.731Z","level":"warn","message":"[ACPEventAdapter] Tool \"say\" missing rawInput, falling back to input.","conversationId":"sess_d14fddcc-6e67-44bf-9e29-c42e4bd22125","turnId":"2ca6d61a-8dd9-40d2-bcb9-722b2bf524ae","rootTurnId":"2ca6d61a-8dd9-40d2-bcb9-722b2bf524ae"}
{"timestamp":"2026-07-03T13:53:45.770Z","level":"warn","message":"[ACPEventAdapter] Tool \"say\" missing rawInput, falling back to input.","conversationId":"sess_d14fddcc-6e67-44bf-9e29-c42e4bd22125","turnId":"2ca6d61a-8dd9-40d2-bcb9-722b2bf524ae","rootTurnId":"2ca6d61a-8dd9-40d2-bcb9-722b2bf524ae"}
{"timestamp":"2026-07-03T13:53:45.836Z","level":"warn","message":"[ACPEventAdapter] Tool \"say\" missing rawInput, falling back to input.","conversationId":"sess_d14fddcc-6e67-44bf-9e29-c42e4bd22125","turnId":"2ca6d61a-8dd9-40d2-bcb9-722b2bf524ae","rootTurnId":"2ca6d61a-8dd9-40d2-bcb9-722b2bf524ae"}
{"timestamp":"2026-07-03T13:53:45.893Z","level":"warn","message":"[ACPEventAdapter] Tool \"say\" missing rawInput, falling back to input.","conversationId":"sess_d14fddcc-6e67-44bf-9e29-c42e4bd22125","turnId":"2ca6d61a-8dd9-40d2-bcb9-722b2bf524ae","rootTurnId":"2ca6d61a-8dd9-40d2-bcb9-722b2bf524ae"}
{"timestamp":"2026-07-03T13:53:45.929Z","level":"warn","message":"[ACPEventAdapter] Tool \"say\" missing rawInput, falling back to input.","conversationId":"sess_d14fddcc-6e67-44bf-9e29-c42e4bd22125","turnId":"2ca6d61a-8dd9-40d2-bcb9-722b2bf524ae","rootTurnId":"2ca6d61a-8dd9-40d2-bcb9-722b2bf524ae"}
{"timestamp":"2026-07-03T13:53:45.980Z","level":"warn","message":"[ACPEventAdapter] Tool \"say\" missing rawInput, falling back to input.","conversationId":"sess_d14fddcc-6e67-44bf-9e29-c42e4bd22125","turnId":"2ca6d61a-8dd9-40d2-bcb9-722b2bf524ae","rootTurnId":"2ca6d61a-8dd9-40d2-bcb9-722b2bf524ae"}
{"timestamp":"2026-07-03T13:53:46.039Z","level":"warn","message":"[ACPEventAdapter] Tool \"say\" missing rawInput, falling back to input.","conversationId":"sess_d14fddcc-6e67-44bf-9e29-c42e4bd22125","turnId":"2ca6d61a-8dd9-40d2-bcb9-722b2bf524ae","rootTurnId":"2ca6d61a-8dd9-40d2-bcb9-722b2bf524ae"}
{"timestamp":"2026-07-03T13:53:46.092Z","level":"warn","message":"[ACPEventAdapter] Tool \"say\" missing rawInput, falling back to input.","conversationId":"sess_d14fddcc-6e67-44bf-9e29-c42e4bd22125","turnId":"2ca6d61a-8dd9-40d2-bcb9-722b2bf524ae","rootTurnId":"2ca6d61a-8dd9-40d2-bcb9-722b2bf524ae"}
{"timestamp":"2026-07-03T13:53:46.141Z","level":"warn","message":"[ACPEventAdapter] Tool \"say\" missing rawInput, falling back to input.","conversationId":"sess_d14fddcc-6e67-44bf-9e29-c42e4bd22125","turnId":"2ca6d61a-8dd9-40d2-bcb9-722b2bf524ae","rootTurnId":"2ca6d61a-8dd9-40d2-bcb9-722b2bf524ae"}
{"timestamp":"2026-07-03T13:53:46.192Z","level":"warn","message":"[ACPEventAdapter] Tool \"say\" missing rawInput, falling back to input.","conversationId":"sess_d14fddcc-6e67-44bf-9e29-c42e4bd22125","turnId":"2ca6d61a-8dd9-40d2-bcb9-722b2bf524ae","rootTurnId":"2ca6d61a-8dd9-40d2-bcb9-722b2bf524ae"}
{"timestamp":"2026-07-03T13:53:46.245Z","level":"warn","message":"[ACPEventAdapter] Tool \"say\" missing rawInput, falling back to input.","conversationId":"sess_d14fddcc-6e67-44bf-9e29-c42e4bd22125","turnId":"2ca6d61a-8dd9-40d2-bcb9-722b2bf524ae","rootTurnId":"2ca6d61a-8dd9-40d2-bcb9-722b2bf524ae"}
{"timestamp":"2026-07-03T13:53:46.295Z","level":"warn","message":"[ACPEventAdapter] Tool \"say\" missing rawInput, falling back to input.","conversationId":"sess_d14fddcc-6e67-44bf-9e29-c42e4bd22125","turnId":"2ca6d61a-8dd9-40d2-bcb9-722b2bf524ae","rootTurnId":"2ca6d61a-8dd9-40d2-bcb9-722b2bf524ae"}
{"timestamp":"2026-07-03T13:53:46.348Z","level":"warn","message":"[ACPEventAdapter] Tool \"say\" missing rawInput, falling back to input.","conversationId":"sess_d14fddcc-6e67-44bf-9e29-c42e4bd22125","turnId":"2ca6d61a-8dd9-40d2-bcb9-722b2bf524ae","rootTurnId":"2ca6d61a-8dd9-40d2-bcb9-722b2bf524ae"}
{"timestamp":"2026-07-03T13:53:46.404Z","level":"warn","message":"[ACPEventAdapter] Tool \"say\" missing rawInput, falling back to input.","conversationId":"sess_d14fddcc-6e67-44bf-9e29-c42e4bd22125","turnId":"2ca6d61a-8dd9-40d2-bcb9-722b2bf524ae","rootTurnId":"2ca6d61a-8dd9-40d2-bcb9-722b2bf524ae"}
{"timestamp":"2026-07-03T13:53:46.463Z","level":"warn","message":"[ACPEventAdapter] Tool \"say\" missing rawInput, falling back to input.","conversationId":"sess_d14fddcc-6e67-44bf-9e29-c42e4bd22125","turnId":"2ca6d61a-8dd9-40d2-bcb9-722b2bf524ae","rootTurnId":"2ca6d61a-8dd9-40d2-bcb9-722b2bf524ae"}
{"timestamp":"2026-07-03T13:53:46.505Z","level":"warn","message":"[ACPEventAdapter] Tool \"say\" missing rawInput, falling back to input.","conversationId":"sess_d14fddcc-6e67-44bf-9e29-c42e4bd22125","turnId":"2ca6d61a-8dd9-40d2-bcb9-722b2bf524ae","rootTurnId":"2ca6d61a-8dd9-40d2-bcb9-722b2bf524ae"}
{"timestamp":"2026-07-03T13:53:46.554Z","level":"warn","message":"[ACPEventAdapter] Tool \"say\" missing rawInput, falling back to input.","conversationId":"sess_d14fddcc-6e67-44bf-9e29-c42e4bd22125","turnId":"2ca6d61a-8dd9-40d2-bcb9-722b2bf524ae","rootTurnId":"2ca6d61a-8dd9-40d2-bcb9-722b2bf524ae"}
{"timestamp":"2026-07-03T13:53:46.612Z","level":"warn","message":"[ACPEventAdapter] Tool \"say\" missing rawInput, falling back to input.","conversationId":"sess_d14fddcc-6e67-44bf-9e29-c42e4bd22125","turnId":"2ca6d61a-8dd9-40d2-bcb9-722b2bf524ae","rootTurnId":"2ca6d61a-8dd9-40d2-bcb9-722b2bf524ae"}
{"timestamp":"2026-07-03T13:53:46.658Z","level":"warn","message":"[ACPEventAdapter] Tool \"say\" missing rawInput, falling back to input.","conversationId":"sess_d14fddcc-6e67-44bf-9e29-c42e4bd22125","turnId":"2ca6d61a-8dd9-40d2-bcb9-722b2bf524ae","rootTurnId":"2ca6d61a-8dd9-40d2-bcb9-722b2bf524ae"}
{"timestamp":"2026-07-03T13:53:46.712Z","level":"warn","message":"[ACPEventAdapter] Tool \"say\" missing rawInput, falling back to input.","conversationId":"sess_d14fddcc-6e67-44bf-9e29-c42e4bd22125","turnId":"2ca6d61a-8dd9-40d2-bcb9-722b2bf524ae","rootTurnId":"2ca6d61a-8dd9-40d2-bcb9-722b2bf524ae"}
{"timestamp":"2026-07-03T13:53:46.780Z","level":"warn","message":"[ACPEventAdapter] Tool \"say\" missing rawInput, falling back to input.","conversationId":"sess_d14fddcc-6e67-44bf-9e29-c42e4bd22125","turnId":"2ca6d61a-8dd9-40d2-bcb9-722b2bf524ae","rootTurnId":"2ca6d61a-8dd9-40d2-bcb9-722b2bf524ae"}
{"timestamp":"2026-07-03T13:53:46.813Z","level":"warn","message":"[ACPEventAdapter] Tool \"say\" missing rawInput, falling back to input.","conversationId":"sess_d14fddcc-6e67-44bf-9e29-c42e4bd22125","turnId":"2ca6d61a-8dd9-40d2-bcb9-722b2bf524ae","rootTurnId":"2ca6d61a-8dd9-40d2-bcb9-722b2bf524ae"}
{"timestamp":"2026-07-03T13:53:46.882Z","level":"warn","message":"[ACPEventAdapter] Tool \"say\" missing rawInput, falling back to input.","conversationId":"sess_d14fddcc-6e67-44bf-9e29-c42e4bd22125","turnId":"2ca6d61a-8dd9-40d2-bcb9-722b2bf524ae","rootTurnId":"2ca6d61a-8dd9-40d2-bcb9-722b2bf524ae"}
{"timestamp":"2026-07-03T13:53:46.932Z","level":"warn","message":"[ACPEventAdapter] Tool \"say\" missing rawInput, falling back to input.","conversationId":"sess_d14fddcc-6e67-44bf-9e29-c42e4bd22125","turnId":"2ca6d61a-8dd9-40d2-bcb9-722b2bf524ae","rootTurnId":"2ca6d61a-8dd9-40d2-bcb9-722b2bf524ae"}
{"timestamp":"2026-07-03T13:53:46.967Z","level":"warn","message":"[ACPEventAdapter] Tool \"say\" missing rawInput, falling back to input.","conversationId":"sess_d14fddcc-6e67-44bf-9e29-c42e4bd22125","turnId":"2ca6d61a-8dd9-40d2-bcb9-722b2bf524ae","rootTurnId":"2ca6d61a-8dd9-40d2-bcb9-722b2bf524ae"}
{"timestamp":"2026-07-03T13:53:47.035Z","level":"warn","message":"[ACPEventAdapter] Tool \"say\" missing rawInput, falling back to input.","conversationId":"sess_d14fddcc-6e67-44bf-9e29-c42e4bd22125","turnId":"2ca6d61a-8dd9-40d2-bcb9-722b2bf524ae","rootTurnId":"2ca6d61a-8dd9-40d2-bcb9-722b2bf524ae"}
{"timestamp":"2026-07-03T13:53:47.072Z","level":"warn","message":"[ACPEventAdapter] Tool \"say\" missing rawInput, falling back to input.","conversationId":"sess_d14fddcc-6e67-44bf-9e29-c42e4bd22125","turnId":"2ca6d61a-8dd9-40d2-bcb9-722b2bf524ae","rootTurnId":"2ca6d61a-8dd9-40d2-bcb9-722b2bf524ae"}
{"timestamp":"2026-07-03T13:53:47.137Z","level":"warn","message":"[ACPEventAdapter] Tool \"say\" missing rawInput, falling back to input.","conversationId":"sess_d14fddcc-6e67-44bf-9e29-c42e4bd22125","turnId":"2ca6d61a-8dd9-40d2-bcb9-722b2bf524ae","rootTurnId":"2ca6d61a-8dd9-40d2-bcb9-722b2bf524ae"}
{"timestamp":"2026-07-03T13:53:47.181Z","level":"warn","message":"[ACPEventAdapter] Tool \"say\" missing rawInput, falling back to input.","conversationId":"sess_d14fddcc-6e67-44bf-9e29-c42e4bd22125","turnId":"2ca6d61a-8dd9-40d2-bcb9-722b2bf524ae","rootTurnId":"2ca6d61a-8dd9-40d2-bcb9-722b2bf524ae"}
{"timestamp":"2026-07-03T13:53:47.486Z","level":"warn","message":"[ACPEventAdapter] Tool \"say\" missing rawInput, falling back to input.","conversationId":"sess_d14fddcc-6e67-44bf-9e29-c42e4bd22125","turnId":"2ca6d61a-8dd9-40d2-bcb9-722b2bf524ae","rootTurnId":"2ca6d61a-8dd9-40d2-bcb9-722b2bf524ae"}
{"timestamp":"2026-07-03T13:53:47.488Z","level":"info","message":"[SessionPersistence] Appended 1 message(s) to session sess_d14fddcc-6e67-44bf-9e29-c42e4bd22125","conversationId":"sess_d14fddcc-6e67-44bf-9e29-c42e4bd22125","turnId":"2ca6d61a-8dd9-40d2-bcb9-722b2bf524ae","rootTurnId":"2ca6d61a-8dd9-40d2-bcb9-722b2bf524ae"}
{"timestamp":"2026-07-03T13:53:51.947Z","level":"warn","message":"[ACPEventAdapter] Action type \"todo_list\" has no dedicated handler and is being routed as a tool call. If this is a new non-tool action, add it to DispatchedActionType.","conversationId":"sess_d14fddcc-6e67-44bf-9e29-c42e4bd22125","turnId":"2ca6d61a-8dd9-40d2-bcb9-722b2bf524ae","rootTurnId":"2ca6d61a-8dd9-40d2-bcb9-722b2bf524ae"}
{"timestamp":"2026-07-03T13:53:51.956Z","level":"info","message":"[AgentIterator] Parallel invoking agent","conversationId":"sess_d14fddcc-6e67-44bf-9e29-c42e4bd22125","turnId":"2ca6d61a-8dd9-40d2-bcb9-722b2bf524ae","rootTurnId":"2ca6d61a-8dd9-40d2-bcb9-722b2bf524ae"}
{"timestamp":"2026-07-03T13:53:51.957Z","level":"info","message":"[Steering] Populating steering for execution 2ca6d61a-8dd9-40d2-bcb9-722b2bf524ae","conversationId":"sess_d14fddcc-6e67-44bf-9e29-c42e4bd22125","turnId":"2ca6d61a-8dd9-40d2-bcb9-722b2bf524ae","rootTurnId":"2ca6d61a-8dd9-40d2-bcb9-722b2bf524ae"}
{"timestamp":"2026-07-03T13:53:51.957Z","level":"info","message":"[Steering] ExistingFiles: /c:/Users/Admin/Downloads/Kiro_AWS_Nonsense/Kiro_AWS_Nonsense/app.py, /c:/Users/Admin/Downloads/Kiro_AWS_Nonsense/Kiro_AWS_Nonsense/templates/index.html, /c:/Users/Admin/Downloads/Kiro_AWS_Nonsense/Kiro_AWS_Nonsense/static/app.js, /c:/Users/Admin/Downloads/Kiro_AWS_Nonsense/Kiro_AWS_Nonsense/static/style.css, /c:/Users/Admin/Downloads/Kiro_AWS_Nonsense/Kiro_AWS_Nonsense/config.py, /c:/Users/Admin/Downloads/Kiro_AWS_Nonsense/Kiro_AWS_Nonsense/analysis.py in 2ca6d61a-8dd9-40d2-bcb9-722b2bf524ae","conversationId":"sess_d14fddcc-6e67-44bf-9e29-c42e4bd22125","turnId":"2ca6d61a-8dd9-40d2-bcb9-722b2bf524ae","rootTurnId":"2ca6d61a-8dd9-40d2-bcb9-722b2bf524ae"}
{"timestamp":"2026-07-03T13:53:51.962Z","level":"info","message":"[SessionPersistence] Appended 2 message(s) to session sess_d14fddcc-6e67-44bf-9e29-c42e4bd22125","conversationId":"sess_d14fddcc-6e67-44bf-9e29-c42e4bd22125","turnId":"2ca6d61a-8dd9-40d2-bcb9-722b2bf524ae","rootTurnId":"2ca6d61a-8dd9-40d2-bcb9-722b2bf524ae"}
{"timestamp":"2026-07-03T13:53:51.962Z","level":"info","message":"Injecting todo list context into conversation","conversationId":"sess_d14fddcc-6e67-44bf-9e29-c42e4bd22125","turnId":"2ca6d61a-8dd9-40d2-bcb9-722b2bf524ae","rootTurnId":"2ca6d61a-8dd9-40d2-bcb9-722b2bf524ae"}
{"timestamp":"2026-07-03T13:53:51.987Z","level":"info","message":"[q-developer-converse] Sending GenerateAssistantResponse modelId=auto agentMode=vibe origin=AI_EDITOR streaming=true conversationId=sess_d14fddcc-6e67-44bf-9e29-c42e4bd22125","conversationId":"sess_d14fddcc-6e67-44bf-9e29-c42e4bd22125","turnId":"2ca6d61a-8dd9-40d2-bcb9-722b2bf524ae","rootTurnId":"2ca6d61a-8dd9-40d2-bcb9-722b2bf524ae"}
{"timestamp":"2026-07-03T13:53:52.055Z","level":"info","message":"[q-developer-converse] Request payload: 10644203 chars, 10 history messages, conversationId=sess_d14fddcc-6e67-44bf-9e29-c42e4bd22125","conversationId":"sess_d14fddcc-6e67-44bf-9e29-c42e4bd22125","turnId":"2ca6d61a-8dd9-40d2-bcb9-722b2bf524ae","rootTurnId":"2ca6d61a-8dd9-40d2-bcb9-722b2bf524ae"}
{"timestamp":"2026-07-03T13:53:52.080Z","level":"info","message":"[SessionPersistence] Appended 1 message(s) to session sess_d14fddcc-6e67-44bf-9e29-c42e4bd22125","conversationId":"sess_d14fddcc-6e67-44bf-9e29-c42e4bd22125","turnId":"2ca6d61a-8dd9-40d2-bcb9-722b2bf524ae","rootTurnId":"2ca6d61a-8dd9-40d2-bcb9-722b2bf524ae"}
{"timestamp":"2026-07-03T13:54:00.648Z","level":"info","message":"[AgentIterator] Synchronizing results","conversationId":"sess_d14fddcc-6e67-44bf-9e29-c42e4bd22125","turnId":"2ca6d61a-8dd9-40d2-bcb9-722b2bf524ae","rootTurnId":"2ca6d61a-8dd9-40d2-bcb9-722b2bf524ae"}
{"timestamp":"2026-07-03T13:54:00.648Z","level":"info","message":"[AgentIterator] Processing intent detection result","conversationId":"sess_d14fddcc-6e67-44bf-9e29-c42e4bd22125","turnId":"2ca6d61a-8dd9-40d2-bcb9-722b2bf524ae","rootTurnId":"2ca6d61a-8dd9-40d2-bcb9-722b2bf524ae"}
{"timestamp":"2026-07-03T13:54:00.649Z","level":"info","message":"[ChatAgent] Processing model response stream","conversationId":"sess_d14fddcc-6e67-44bf-9e29-c42e4bd22125","turnId":"2ca6d61a-8dd9-40d2-bcb9-722b2bf524ae","rootTurnId":"2ca6d61a-8dd9-40d2-bcb9-722b2bf524ae"}
{"timestamp":"2026-07-03T13:54:00.649Z","level":"info","message":"[Steering] Populating steering for execution 2ca6d61a-8dd9-40d2-bcb9-722b2bf524ae","conversationId":"sess_d14fddcc-6e67-44bf-9e29-c42e4bd22125","turnId":"2ca6d61a-8dd9-40d2-bcb9-722b2bf524ae","rootTurnId":"2ca6d61a-8dd9-40d2-bcb9-722b2bf524ae"}
{"timestamp":"2026-07-03T13:54:00.649Z","level":"info","message":"[Steering] ExistingFiles: /c:/Users/Admin/Downloads/Kiro_AWS_Nonsense/Kiro_AWS_Nonsense/app.py, /c:/Users/Admin/Downloads/Kiro_AWS_Nonsense/Kiro_AWS_Nonsense/templates/index.html, /c:/Users/Admin/Downloads/Kiro_AWS_Nonsense/Kiro_AWS_Nonsense/static/app.js, /c:/Users/Admin/Downloads/Kiro_AWS_Nonsense/Kiro_AWS_Nonsense/static/style.css, /c:/Users/Admin/Downloads/Kiro_AWS_Nonsense/Kiro_AWS_Nonsense/config.py, /c:/Users/Admin/Downloads/Kiro_AWS_Nonsense/Kiro_AWS_Nonsense/analysis.py in 2ca6d61a-8dd9-40d2-bcb9-722b2bf524ae","conversationId":"sess_d14fddcc-6e67-44bf-9e29-c42e4bd22125","turnId":"2ca6d61a-8dd9-40d2-bcb9-722b2bf524ae","rootTurnId":"2ca6d61a-8dd9-40d2-bcb9-722b2bf524ae"}
{"timestamp":"2026-07-03T13:54:01.756Z","level":"info","message":"[AgentIterator] Parallel invoking agent","conversationId":"sess_d14fddcc-6e67-44bf-9e29-c42e4bd22125","turnId":"2ca6d61a-8dd9-40d2-bcb9-722b2bf524ae","rootTurnId":"2ca6d61a-8dd9-40d2-bcb9-722b2bf524ae"}
{"timestamp":"2026-07-03T13:54:01.756Z","level":"info","message":"[Steering] Populating steering for execution 2ca6d61a-8dd9-40d2-bcb9-722b2bf524ae","conversationId":"sess_d14fddcc-6e67-44bf-9e29-c42e4bd22125","turnId":"2ca6d61a-8dd9-40d2-bcb9-722b2bf524ae","rootTurnId":"2ca6d61a-8dd9-40d2-bcb9-722b2bf524ae"}
{"timestamp":"2026-07-03T13:54:01.756Z","level":"info","message":"[Steering] ExistingFiles: /c:/Users/Admin/Downloads/Kiro_AWS_Nonsense/Kiro_AWS_Nonsense/app.py, /c:/Users/Admin/Downloads/Kiro_AWS_Nonsense/Kiro_AWS_Nonsense/templates/index.html, /c:/Users/Admin/Downloads/Kiro_AWS_Nonsense/Kiro_AWS_Nonsense/static/app.js, /c:/Users/Admin/Downloads/Kiro_AWS_Nonsense/Kiro_AWS_Nonsense/static/style.css, /c:/Users/Admin/Downloads/Kiro_AWS_Nonsense/Kiro_AWS_Nonsense/config.py, /c:/Users/Admin/Downloads/Kiro_AWS_Nonsense/Kiro_AWS_Nonsense/analysis.py in 2ca6d61a-8dd9-40d2-bcb9-722b2bf524ae","conversationId":"sess_d14fddcc-6e67-44bf-9e29-c42e4bd22125","turnId":"2ca6d61a-8dd9-40d2-bcb9-722b2bf524ae","rootTurnId":"2ca6d61a-8dd9-40d2-bcb9-722b2bf524ae"}
{"timestamp":"2026-07-03T13:54:01.761Z","level":"info","message":"[SessionPersistence] Appended 2 message(s) to session sess_d14fddcc-6e67-44bf-9e29-c42e4bd22125","conversationId":"sess_d14fddcc-6e67-44bf-9e29-c42e4bd22125","turnId":"2ca6d61a-8dd9-40d2-bcb9-722b2bf524ae","rootTurnId":"2ca6d61a-8dd9-40d2-bcb9-722b2bf524ae"}
{"timestamp":"2026-07-03T13:54:01.784Z","level":"info","message":"[q-developer-converse] Sending GenerateAssistantResponse modelId=auto agentMode=vibe origin=AI_EDITOR streaming=true conversationId=sess_d14fddcc-6e67-44bf-9e29-c42e4bd22125","conversationId":"sess_d14fddcc-6e67-44bf-9e29-c42e4bd22125","turnId":"2ca6d61a-8dd9-40d2-bcb9-722b2bf524ae","rootTurnId":"2ca6d61a-8dd9-40d2-bcb9-722b2bf524ae"}
{"timestamp":"2026-07-03T13:54:01.856Z","level":"info","message":"[q-developer-converse] Request payload: 10644728 chars, 12 history messages, conversationId=sess_d14fddcc-6e67-44bf-9e29-c42e4bd22125","conversationId":"sess_d14fddcc-6e67-44bf-9e29-c42e4bd22125","turnId":"2ca6d61a-8dd9-40d2-bcb9-722b2bf524ae","rootTurnId":"2ca6d61a-8dd9-40d2-bcb9-722b2bf524ae"}
{"timestamp":"2026-07-03T13:54:01.878Z","level":"info","message":"[SessionPersistence] Updated metadata for session sess_d14fddcc-6e67-44bf-9e29-c42e4bd22125","conversationId":"sess_d14fddcc-6e67-44bf-9e29-c42e4bd22125","turnId":"2ca6d61a-8dd9-40d2-bcb9-722b2bf524ae","rootTurnId":"2ca6d61a-8dd9-40d2-bcb9-722b2bf524ae"}
{"timestamp":"2026-07-03T13:54:01.891Z","level":"info","message":"[SessionPersistence] Appended 1 message(s) to session sess_d14fddcc-6e67-44bf-9e29-c42e4bd22125","conversationId":"sess_d14fddcc-6e67-44bf-9e29-c42e4bd22125","turnId":"2ca6d61a-8dd9-40d2-bcb9-722b2bf524ae","rootTurnId":"2ca6d61a-8dd9-40d2-bcb9-722b2bf524ae"}
{"timestamp":"2026-07-03T13:54:09.534Z","level":"info","message":"[AgentIterator] Synchronizing results","conversationId":"sess_d14fddcc-6e67-44bf-9e29-c42e4bd22125","turnId":"2ca6d61a-8dd9-40d2-bcb9-722b2bf524ae","rootTurnId":"2ca6d61a-8dd9-40d2-bcb9-722b2bf524ae"}
{"timestamp":"2026-07-03T13:54:09.534Z","level":"info","message":"[AgentIterator] Processing intent detection result","conversationId":"sess_d14fddcc-6e67-44bf-9e29-c42e4bd22125","turnId":"2ca6d61a-8dd9-40d2-bcb9-722b2bf524ae","rootTurnId":"2ca6d61a-8dd9-40d2-bcb9-722b2bf524ae"}
{"timestamp":"2026-07-03T13:54:09.535Z","level":"info","message":"[ChatAgent] Processing model response stream","conversationId":"sess_d14fddcc-6e67-44bf-9e29-c42e4bd22125","turnId":"2ca6d61a-8dd9-40d2-bcb9-722b2bf524ae","rootTurnId":"2ca6d61a-8dd9-40d2-bcb9-722b2bf524ae"}
{"timestamp":"2026-07-03T13:54:09.535Z","level":"info","message":"[Steering] Populating steering for execution 2ca6d61a-8dd9-40d2-bcb9-722b2bf524ae","conversationId":"sess_d14fddcc-6e67-44bf-9e29-c42e4bd22125","turnId":"2ca6d61a-8dd9-40d2-bcb9-722b2bf524ae","rootTurnId":"2ca6d61a-8dd9-40d2-bcb9-722b2bf524ae"}
{"timestamp":"2026-07-03T13:54:09.536Z","level":"info","message":"[Steering] ExistingFiles: /c:/Users/Admin/Downloads/Kiro_AWS_Nonsense/Kiro_AWS_Nonsense/app.py, /c:/Users/Admin/Downloads/Kiro_AWS_Nonsense/Kiro_AWS_Nonsense/templates/index.html, /c:/Users/Admin/Downloads/Kiro_AWS_Nonsense/Kiro_AWS_Nonsense/static/app.js, /c:/Users/Admin/Downloads/Kiro_AWS_Nonsense/Kiro_AWS_Nonsense/static/style.css, /c:/Users/Admin/Downloads/Kiro_AWS_Nonsense/Kiro_AWS_Nonsense/config.py, /c:/Users/Admin/Downloads/Kiro_AWS_Nonsense/Kiro_AWS_Nonsense/analysis.py in 2ca6d61a-8dd9-40d2-bcb9-722b2bf524ae","conversationId":"sess_d14fddcc-6e67-44bf-9e29-c42e4bd22125","turnId":"2ca6d61a-8dd9-40d2-bcb9-722b2bf524ae","rootTurnId":"2ca6d61a-8dd9-40d2-bcb9-722b2bf524ae"}
{"timestamp":"2026-07-03T13:54:09.540Z","level":"warn","message":"[ACPEventAdapter] Tool \"say\" missing rawInput, falling back to input.","conversationId":"sess_d14fddcc-6e67-44bf-9e29-c42e4bd22125","turnId":"2ca6d61a-8dd9-40d2-bcb9-722b2bf524ae","rootTurnId":"2ca6d61a-8dd9-40d2-bcb9-722b2bf524ae"}
{"timestamp":"2026-07-03T13:54:09.550Z","level":"warn","message":"[ACPEventAdapter] Tool \"say\" missing rawInput, falling back to input.","conversationId":"sess_d14fddcc-6e67-44bf-9e29-c42e4bd22125","turnId":"2ca6d61a-8dd9-40d2-bcb9-722b2bf524ae","rootTurnId":"2ca6d61a-8dd9-40d2-bcb9-722b2bf524ae"}
{"timestamp":"2026-07-03T13:54:09.594Z","level":"warn","message":"[ACPEventAdapter] Tool \"say\" missing rawInput, falling back to input.","conversationId":"sess_d14fddcc-6e67-44bf-9e29-c42e4bd22125","turnId":"2ca6d61a-8dd9-40d2-bcb9-722b2bf524ae","rootTurnId":"2ca6d61a-8dd9-40d2-bcb9-722b2bf524ae"}
{"timestamp":"2026-07-03T13:54:09.652Z","level":"warn","message":"[ACPEventAdapter] Tool \"say\" missing rawInput, falling back to input.","conversationId":"sess_d14fddcc-6e67-44bf-9e29-c42e4bd22125","turnId":"2ca6d61a-8dd9-40d2-bcb9-722b2bf524ae","rootTurnId":"2ca6d61a-8dd9-40d2-bcb9-722b2bf524ae"}
{"timestamp":"2026-07-03T13:54:09.694Z","level":"warn","message":"[ACPEventAdapter] Tool \"say\" missing rawInput, falling back to input.","conversationId":"sess_d14fddcc-6e67-44bf-9e29-c42e4bd22125","turnId":"2ca6d61a-8dd9-40d2-bcb9-722b2bf524ae","rootTurnId":"2ca6d61a-8dd9-40d2-bcb9-722b2bf524ae"}
{"timestamp":"2026-07-03T13:54:09.741Z","level":"warn","message":"[ACPEventAdapter] Tool \"say\" missing rawInput, falling back to input.","conversationId":"sess_d14fddcc-6e67-44bf-9e29-c42e4bd22125","turnId":"2ca6d61a-8dd9-40d2-bcb9-722b2bf524ae","rootTurnId":"2ca6d61a-8dd9-40d2-bcb9-722b2bf524ae"}
{"timestamp":"2026-07-03T13:54:09.796Z","level":"warn","message":"[ACPEventAdapter] Tool \"say\" missing rawInput, falling back to input.","conversationId":"sess_d14fddcc-6e67-44bf-9e29-c42e4bd22125","turnId":"2ca6d61a-8dd9-40d2-bcb9-722b2bf524ae","rootTurnId":"2ca6d61a-8dd9-40d2-bcb9-722b2bf524ae"}
{"timestamp":"2026-07-03T13:54:09.852Z","level":"warn","message":"[ACPEventAdapter] Tool \"say\" missing rawInput, falling back to input.","conversationId":"sess_d14fddcc-6e67-44bf-9e29-c42e4bd22125","turnId":"2ca6d61a-8dd9-40d2-bcb9-722b2bf524ae","rootTurnId":"2ca6d61a-8dd9-40d2-bcb9-722b2bf524ae"}
{"timestamp":"2026-07-03T13:54:09.911Z","level":"warn","message":"[ACPEventAdapter] Tool \"say\" missing rawInput, falling back to input.","conversationId":"sess_d14fddcc-6e67-44bf-9e29-c42e4bd22125","turnId":"2ca6d61a-8dd9-40d2-bcb9-722b2bf524ae","rootTurnId":"2ca6d61a-8dd9-40d2-bcb9-722b2bf524ae"}
{"timestamp":"2026-07-03T13:54:09.953Z","level":"warn","message":"[ACPEventAdapter] Tool \"say\" missing rawInput, falling back to input.","conversationId":"sess_d14fddcc-6e67-44bf-9e29-c42e4bd22125","turnId":"2ca6d61a-8dd9-40d2-bcb9-722b2bf524ae","rootTurnId":"2ca6d61a-8dd9-40d2-bcb9-722b2bf524ae"}
{"timestamp":"2026-07-03T13:54:10.003Z","level":"warn","message":"[ACPEventAdapter] Tool \"say\" missing rawInput, falling back to input.","conversationId":"sess_d14fddcc-6e67-44bf-9e29-c42e4bd22125","turnId":"2ca6d61a-8dd9-40d2-bcb9-722b2bf524ae","rootTurnId":"2ca6d61a-8dd9-40d2-bcb9-722b2bf524ae"}
{"timestamp":"2026-07-03T13:54:10.054Z","level":"warn","message":"[ACPEventAdapter] Tool \"say\" missing rawInput, falling back to input.","conversationId":"sess_d14fddcc-6e67-44bf-9e29-c42e4bd22125","turnId":"2ca6d61a-8dd9-40d2-bcb9-722b2bf524ae","rootTurnId":"2ca6d61a-8dd9-40d2-bcb9-722b2bf524ae"}
{"timestamp":"2026-07-03T13:54:10.112Z","level":"warn","message":"[ACPEventAdapter] Tool \"say\" missing rawInput, falling back to input.","conversationId":"sess_d14fddcc-6e67-44bf-9e29-c42e4bd22125","turnId":"2ca6d61a-8dd9-40d2-bcb9-722b2bf524ae","rootTurnId":"2ca6d61a-8dd9-40d2-bcb9-722b2bf524ae"}
{"timestamp":"2026-07-03T13:54:10.172Z","level":"warn","message":"[ACPEventAdapter] Tool \"say\" missing rawInput, falling back to input.","conversationId":"sess_d14fddcc-6e67-44bf-9e29-c42e4bd22125","turnId":"2ca6d61a-8dd9-40d2-bcb9-722b2bf524ae","rootTurnId":"2ca6d61a-8dd9-40d2-bcb9-722b2bf524ae"}
{"timestamp":"2026-07-03T13:54:10.210Z","level":"warn","message":"[ACPEventAdapter] Tool \"say\" missing rawInput, falling back to input.","conversationId":"sess_d14fddcc-6e67-44bf-9e29-c42e4bd22125","turnId":"2ca6d61a-8dd9-40d2-bcb9-722b2bf524ae","rootTurnId":"2ca6d61a-8dd9-40d2-bcb9-722b2bf524ae"}
{"timestamp":"2026-07-03T13:54:10.262Z","level":"warn","message":"[ACPEventAdapter] Tool \"say\" missing rawInput, falling back to input.","conversationId":"sess_d14fddcc-6e67-44bf-9e29-c42e4bd22125","turnId":"2ca6d61a-8dd9-40d2-bcb9-722b2bf524ae","rootTurnId":"2ca6d61a-8dd9-40d2-bcb9-722b2bf524ae"}
{"timestamp":"2026-07-03T13:54:10.314Z","level":"warn","message":"[ACPEventAdapter] Tool \"say\" missing rawInput, falling back to input.","conversationId":"sess_d14fddcc-6e67-44bf-9e29-c42e4bd22125","turnId":"2ca6d61a-8dd9-40d2-bcb9-722b2bf524ae","rootTurnId":"2ca6d61a-8dd9-40d2-bcb9-722b2bf524ae"}
{"timestamp":"2026-07-03T13:54:10.532Z","level":"warn","message":"[ACPEventAdapter] Tool \"say\" missing rawInput, falling back to input.","conversationId":"sess_d14fddcc-6e67-44bf-9e29-c42e4bd22125","turnId":"2ca6d61a-8dd9-40d2-bcb9-722b2bf524ae","rootTurnId":"2ca6d61a-8dd9-40d2-bcb9-722b2bf524ae"}
{"timestamp":"2026-07-03T13:54:10.534Z","level":"info","message":"[SessionPersistence] Appended 1 message(s) to session sess_d14fddcc-6e67-44bf-9e29-c42e4bd22125","conversationId":"sess_d14fddcc-6e67-44bf-9e29-c42e4bd22125","turnId":"2ca6d61a-8dd9-40d2-bcb9-722b2bf524ae","rootTurnId":"2ca6d61a-8dd9-40d2-bcb9-722b2bf524ae"}
{"timestamp":"2026-07-03T13:55:06.515Z","level":"warn","message":"[ACPEventAdapter] Action type \"replace\" has no dedicated handler and is being routed as a tool call. If this is a new non-tool action, add it to DispatchedActionType.","conversationId":"sess_d14fddcc-6e67-44bf-9e29-c42e4bd22125","turnId":"2ca6d61a-8dd9-40d2-bcb9-722b2bf524ae","rootTurnId":"2ca6d61a-8dd9-40d2-bcb9-722b2bf524ae"}
{"timestamp":"2026-07-03T13:55:06.520Z","level":"info","message":"acp.policy-eval.complete {\"toolId\":\"str_replace\",\"effect\":\"allow\",\"capability\":\"fs_write\"}","conversationId":"sess_d14fddcc-6e67-44bf-9e29-c42e4bd22125","turnId":"2ca6d61a-8dd9-40d2-bcb9-722b2bf524ae","rootTurnId":"2ca6d61a-8dd9-40d2-bcb9-722b2bf524ae"}
{"timestamp":"2026-07-03T13:55:06.530Z","level":"info","message":"[SessionPersistence] Appended 1 message(s) to session sess_d14fddcc-6e67-44bf-9e29-c42e4bd22125","conversationId":"sess_d14fddcc-6e67-44bf-9e29-c42e4bd22125","turnId":"2ca6d61a-8dd9-40d2-bcb9-722b2bf524ae","rootTurnId":"2ca6d61a-8dd9-40d2-bcb9-722b2bf524ae"}
{"timestamp":"2026-07-03T13:55:06.535Z","level":"info","message":"[SessionPersistence] Created snapshot 89b260fb for app.py in session sess_d14fddcc-6e67-44bf-9e29-c42e4bd22125 (5594 bytes)","conversationId":"sess_d14fddcc-6e67-44bf-9e29-c42e4bd22125","turnId":"2ca6d61a-8dd9-40d2-bcb9-722b2bf524ae","rootTurnId":"2ca6d61a-8dd9-40d2-bcb9-722b2bf524ae"}
{"timestamp":"2026-07-03T13:55:06.647Z","level":"info","message":"[SessionPersistence] Created snapshot b4aa9736 for app.py in session sess_d14fddcc-6e67-44bf-9e29-c42e4bd22125 (17638 bytes)","conversationId":"sess_d14fddcc-6e67-44bf-9e29-c42e4bd22125","turnId":"2ca6d61a-8dd9-40d2-bcb9-722b2bf524ae","rootTurnId":"2ca6d61a-8dd9-40d2-bcb9-722b2bf524ae"}
{"timestamp":"2026-07-03T13:55:06.652Z","level":"info","message":"[AgentIterator] Parallel invoking agent","conversationId":"sess_d14fddcc-6e67-44bf-9e29-c42e4bd22125","turnId":"2ca6d61a-8dd9-40d2-bcb9-722b2bf524ae","rootTurnId":"2ca6d61a-8dd9-40d2-bcb9-722b2bf524ae"}
{"timestamp":"2026-07-03T13:55:06.652Z","level":"info","message":"[Steering] Populating steering for execution 2ca6d61a-8dd9-40d2-bcb9-722b2bf524ae","conversationId":"sess_d14fddcc-6e67-44bf-9e29-c42e4bd22125","turnId":"2ca6d61a-8dd9-40d2-bcb9-722b2bf524ae","rootTurnId":"2ca6d61a-8dd9-40d2-bcb9-722b2bf524ae"}
{"timestamp":"2026-07-03T13:55:06.652Z","level":"info","message":"[Steering] ExistingFiles: /c:/Users/Admin/Downloads/Kiro_AWS_Nonsense/Kiro_AWS_Nonsense/app.py, /c:/Users/Admin/Downloads/Kiro_AWS_Nonsense/Kiro_AWS_Nonsense/templates/index.html, /c:/Users/Admin/Downloads/Kiro_AWS_Nonsense/Kiro_AWS_Nonsense/static/app.js, /c:/Users/Admin/Downloads/Kiro_AWS_Nonsense/Kiro_AWS_Nonsense/static/style.css, /c:/Users/Admin/Downloads/Kiro_AWS_Nonsense/Kiro_AWS_Nonsense/config.py, /c:/Users/Admin/Downloads/Kiro_AWS_Nonsense/Kiro_AWS_Nonsense/analysis.py in 2ca6d61a-8dd9-40d2-bcb9-722b2bf524ae","conversationId":"sess_d14fddcc-6e67-44bf-9e29-c42e4bd22125","turnId":"2ca6d61a-8dd9-40d2-bcb9-722b2bf524ae","rootTurnId":"2ca6d61a-8dd9-40d2-bcb9-722b2bf524ae"}
{"timestamp":"2026-07-03T13:55:06.656Z","level":"info","message":"[SessionPersistence] Appended 2 message(s) to session sess_d14fddcc-6e67-44bf-9e29-c42e4bd22125","conversationId":"sess_d14fddcc-6e67-44bf-9e29-c42e4bd22125","turnId":"2ca6d61a-8dd9-40d2-bcb9-722b2bf524ae","rootTurnId":"2ca6d61a-8dd9-40d2-bcb9-722b2bf524ae"}
{"timestamp":"2026-07-03T13:55:06.681Z","level":"info","message":"[q-developer-converse] Sending GenerateAssistantResponse modelId=auto agentMode=vibe origin=AI_EDITOR streaming=true conversationId=sess_d14fddcc-6e67-44bf-9e29-c42e4bd22125","conversationId":"sess_d14fddcc-6e67-44bf-9e29-c42e4bd22125","turnId":"2ca6d61a-8dd9-40d2-bcb9-722b2bf524ae","rootTurnId":"2ca6d61a-8dd9-40d2-bcb9-722b2bf524ae"}
{"timestamp":"2026-07-03T13:55:06.751Z","level":"info","message":"[q-developer-converse] Request payload: 10658764 chars, 14 history messages, conversationId=sess_d14fddcc-6e67-44bf-9e29-c42e4bd22125","conversationId":"sess_d14fddcc-6e67-44bf-9e29-c42e4bd22125","turnId":"2ca6d61a-8dd9-40d2-bcb9-722b2bf524ae","rootTurnId":"2ca6d61a-8dd9-40d2-bcb9-722b2bf524ae"}
{"timestamp":"2026-07-03T13:55:14.543Z","level":"info","message":"[AgentIterator] Synchronizing results","conversationId":"sess_d14fddcc-6e67-44bf-9e29-c42e4bd22125","turnId":"2ca6d61a-8dd9-40d2-bcb9-722b2bf524ae","rootTurnId":"2ca6d61a-8dd9-40d2-bcb9-722b2bf524ae"}
{"timestamp":"2026-07-03T13:55:14.543Z","level":"info","message":"[AgentIterator] Processing intent detection result","conversationId":"sess_d14fddcc-6e67-44bf-9e29-c42e4bd22125","turnId":"2ca6d61a-8dd9-40d2-bcb9-722b2bf524ae","rootTurnId":"2ca6d61a-8dd9-40d2-bcb9-722b2bf524ae"}
{"timestamp":"2026-07-03T13:55:14.544Z","level":"info","message":"[ChatAgent] Processing model response stream","conversationId":"sess_d14fddcc-6e67-44bf-9e29-c42e4bd22125","turnId":"2ca6d61a-8dd9-40d2-bcb9-722b2bf524ae","rootTurnId":"2ca6d61a-8dd9-40d2-bcb9-722b2bf524ae"}
{"timestamp":"2026-07-03T13:55:14.544Z","level":"info","message":"[Steering] Populating steering for execution 2ca6d61a-8dd9-40d2-bcb9-722b2bf524ae","conversationId":"sess_d14fddcc-6e67-44bf-9e29-c42e4bd22125","turnId":"2ca6d61a-8dd9-40d2-bcb9-722b2bf524ae","rootTurnId":"2ca6d61a-8dd9-40d2-bcb9-722b2bf524ae"}
{"timestamp":"2026-07-03T13:55:14.544Z","level":"info","message":"[Steering] ExistingFiles: /c:/Users/Admin/Downloads/Kiro_AWS_Nonsense/Kiro_AWS_Nonsense/app.py, /c:/Users/Admin/Downloads/Kiro_AWS_Nonsense/Kiro_AWS_Nonsense/templates/index.html, /c:/Users/Admin/Downloads/Kiro_AWS_Nonsense/Kiro_AWS_Nonsense/static/app.js, /c:/Users/Admin/Downloads/Kiro_AWS_Nonsense/Kiro_AWS_Nonsense/static/style.css, /c:/Users/Admin/Downloads/Kiro_AWS_Nonsense/Kiro_AWS_Nonsense/config.py, /c:/Users/Admin/Downloads/Kiro_AWS_Nonsense/Kiro_AWS_Nonsense/analysis.py in 2ca6d61a-8dd9-40d2-bcb9-722b2bf524ae","conversationId":"sess_d14fddcc-6e67-44bf-9e29-c42e4bd22125","turnId":"2ca6d61a-8dd9-40d2-bcb9-722b2bf524ae","rootTurnId":"2ca6d61a-8dd9-40d2-bcb9-722b2bf524ae"}
{"timestamp":"2026-07-03T13:55:16.490Z","level":"info","message":"[SessionPersistence] Appended 2 message(s) to session sess_d14fddcc-6e67-44bf-9e29-c42e4bd22125","conversationId":"sess_d14fddcc-6e67-44bf-9e29-c42e4bd22125","turnId":"2ca6d61a-8dd9-40d2-bcb9-722b2bf524ae","rootTurnId":"2ca6d61a-8dd9-40d2-bcb9-722b2bf524ae"}
{"timestamp":"2026-07-03T13:55:16.510Z","level":"info","message":"[AgentIterator] Parallel invoking agent","conversationId":"sess_d14fddcc-6e67-44bf-9e29-c42e4bd22125","turnId":"2ca6d61a-8dd9-40d2-bcb9-722b2bf524ae","rootTurnId":"2ca6d61a-8dd9-40d2-bcb9-722b2bf524ae"}
{"timestamp":"2026-07-03T13:55:16.510Z","level":"info","message":"[Steering] Populating steering for execution 2ca6d61a-8dd9-40d2-bcb9-722b2bf524ae","conversationId":"sess_d14fddcc-6e67-44bf-9e29-c42e4bd22125","turnId":"2ca6d61a-8dd9-40d2-bcb9-722b2bf524ae","rootTurnId":"2ca6d61a-8dd9-40d2-bcb9-722b2bf524ae"}
{"timestamp":"2026-07-03T13:55:16.510Z","level":"info","message":"[Steering] ExistingFiles: /c:/Users/Admin/Downloads/Kiro_AWS_Nonsense/Kiro_AWS_Nonsense/app.py, /c:/Users/Admin/Downloads/Kiro_AWS_Nonsense/Kiro_AWS_Nonsense/templates/index.html, /c:/Users/Admin/Downloads/Kiro_AWS_Nonsense/Kiro_AWS_Nonsense/static/app.js, /c:/Users/Admin/Downloads/Kiro_AWS_Nonsense/Kiro_AWS_Nonsense/static/style.css, /c:/Users/Admin/Downloads/Kiro_AWS_Nonsense/Kiro_AWS_Nonsense/config.py, /c:/Users/Admin/Downloads/Kiro_AWS_Nonsense/Kiro_AWS_Nonsense/analysis.py in 2ca6d61a-8dd9-40d2-bcb9-722b2bf524ae","conversationId":"sess_d14fddcc-6e67-44bf-9e29-c42e4bd22125","turnId":"2ca6d61a-8dd9-40d2-bcb9-722b2bf524ae","rootTurnId":"2ca6d61a-8dd9-40d2-bcb9-722b2bf524ae"}
{"timestamp":"2026-07-03T13:55:16.514Z","level":"info","message":"[SessionPersistence] Appended 1 message(s) to session sess_d14fddcc-6e67-44bf-9e29-c42e4bd22125","conversationId":"sess_d14fddcc-6e67-44bf-9e29-c42e4bd22125","turnId":"2ca6d61a-8dd9-40d2-bcb9-722b2bf524ae","rootTurnId":"2ca6d61a-8dd9-40d2-bcb9-722b2bf524ae"}
{"timestamp":"2026-07-03T13:55:16.515Z","level":"info","message":"Injecting todo list context into conversation","conversationId":"sess_d14fddcc-6e67-44bf-9e29-c42e4bd22125","turnId":"2ca6d61a-8dd9-40d2-bcb9-722b2bf524ae","rootTurnId":"2ca6d61a-8dd9-40d2-bcb9-722b2bf524ae"}
{"timestamp":"2026-07-03T13:55:16.538Z","level":"info","message":"[q-developer-converse] Sending GenerateAssistantResponse modelId=auto agentMode=vibe origin=AI_EDITOR streaming=true conversationId=sess_d14fddcc-6e67-44bf-9e29-c42e4bd22125","conversationId":"sess_d14fddcc-6e67-44bf-9e29-c42e4bd22125","turnId":"2ca6d61a-8dd9-40d2-bcb9-722b2bf524ae","rootTurnId":"2ca6d61a-8dd9-40d2-bcb9-722b2bf524ae"}
{"timestamp":"2026-07-03T13:55:16.611Z","level":"info","message":"[q-developer-converse] Request payload: 10661964 chars, 18 history messages, conversationId=sess_d14fddcc-6e67-44bf-9e29-c42e4bd22125","conversationId":"sess_d14fddcc-6e67-44bf-9e29-c42e4bd22125","turnId":"2ca6d61a-8dd9-40d2-bcb9-722b2bf524ae","rootTurnId":"2ca6d61a-8dd9-40d2-bcb9-722b2bf524ae"}
{"timestamp":"2026-07-03T13:55:24.298Z","level":"info","message":"[AgentIterator] Synchronizing results","conversationId":"sess_d14fddcc-6e67-44bf-9e29-c42e4bd22125","turnId":"2ca6d61a-8dd9-40d2-bcb9-722b2bf524ae","rootTurnId":"2ca6d61a-8dd9-40d2-bcb9-722b2bf524ae"}
{"timestamp":"2026-07-03T13:55:24.298Z","level":"info","message":"[AgentIterator] Processing intent detection result","conversationId":"sess_d14fddcc-6e67-44bf-9e29-c42e4bd22125","turnId":"2ca6d61a-8dd9-40d2-bcb9-722b2bf524ae","rootTurnId":"2ca6d61a-8dd9-40d2-bcb9-722b2bf524ae"}
{"timestamp":"2026-07-03T13:55:24.299Z","level":"info","message":"[ChatAgent] Processing model response stream","conversationId":"sess_d14fddcc-6e67-44bf-9e29-c42e4bd22125","turnId":"2ca6d61a-8dd9-40d2-bcb9-722b2bf524ae","rootTurnId":"2ca6d61a-8dd9-40d2-bcb9-722b2bf524ae"}
{"timestamp":"2026-07-03T13:55:24.299Z","level":"info","message":"[Steering] Populating steering for execution 2ca6d61a-8dd9-40d2-bcb9-722b2bf524ae","conversationId":"sess_d14fddcc-6e67-44bf-9e29-c42e4bd22125","turnId":"2ca6d61a-8dd9-40d2-bcb9-722b2bf524ae","rootTurnId":"2ca6d61a-8dd9-40d2-bcb9-722b2bf524ae"}
{"timestamp":"2026-07-03T13:55:24.299Z","level":"info","message":"[Steering] ExistingFiles: /c:/Users/Admin/Downloads/Kiro_AWS_Nonsense/Kiro_AWS_Nonsense/app.py, /c:/Users/Admin/Downloads/Kiro_AWS_Nonsense/Kiro_AWS_Nonsense/templates/index.html, /c:/Users/Admin/Downloads/Kiro_AWS_Nonsense/Kiro_AWS_Nonsense/static/app.js, /c:/Users/Admin/Downloads/Kiro_AWS_Nonsense/Kiro_AWS_Nonsense/static/style.css, /c:/Users/Admin/Downloads/Kiro_AWS_Nonsense/Kiro_AWS_Nonsense/config.py, /c:/Users/Admin/Downloads/Kiro_AWS_Nonsense/Kiro_AWS_Nonsense/analysis.py in 2ca6d61a-8dd9-40d2-bcb9-722b2bf524ae","conversationId":"sess_d14fddcc-6e67-44bf-9e29-c42e4bd22125","turnId":"2ca6d61a-8dd9-40d2-bcb9-722b2bf524ae","rootTurnId":"2ca6d61a-8dd9-40d2-bcb9-722b2bf524ae"}
{"timestamp":"2026-07-03T13:55:31.217Z","level":"info","message":"acp.policy-eval.complete {\"toolId\":\"str_replace\",\"effect\":\"allow\",\"capability\":\"fs_write\"}","conversationId":"sess_d14fddcc-6e67-44bf-9e29-c42e4bd22125","turnId":"2ca6d61a-8dd9-40d2-bcb9-722b2bf524ae","rootTurnId":"2ca6d61a-8dd9-40d2-bcb9-722b2bf524ae"}
{"timestamp":"2026-07-03T13:55:31.223Z","level":"info","message":"[SessionPersistence] Appended 1 message(s) to session sess_d14fddcc-6e67-44bf-9e29-c42e4bd22125","conversationId":"sess_d14fddcc-6e67-44bf-9e29-c42e4bd22125","turnId":"2ca6d61a-8dd9-40d2-bcb9-722b2bf524ae","rootTurnId":"2ca6d61a-8dd9-40d2-bcb9-722b2bf524ae"}
{"timestamp":"2026-07-03T13:55:31.228Z","level":"info","message":"[SessionPersistence] Created snapshot 2b33ff2a for config.py in session sess_d14fddcc-6e67-44bf-9e29-c42e4bd22125 (1807 bytes)","conversationId":"sess_d14fddcc-6e67-44bf-9e29-c42e4bd22125","turnId":"2ca6d61a-8dd9-40d2-bcb9-722b2bf524ae","rootTurnId":"2ca6d61a-8dd9-40d2-bcb9-722b2bf524ae"}
{"timestamp":"2026-07-03T13:55:31.266Z","level":"info","message":"[SessionPersistence] Created snapshot 3945a900 for config.py in session sess_d14fddcc-6e67-44bf-9e29-c42e4bd22125 (1980 bytes)","conversationId":"sess_d14fddcc-6e67-44bf-9e29-c42e4bd22125","turnId":"2ca6d61a-8dd9-40d2-bcb9-722b2bf524ae","rootTurnId":"2ca6d61a-8dd9-40d2-bcb9-722b2bf524ae"}
{"timestamp":"2026-07-03T13:55:31.273Z","level":"info","message":"[AgentIterator] Parallel invoking agent","conversationId":"sess_d14fddcc-6e67-44bf-9e29-c42e4bd22125","turnId":"2ca6d61a-8dd9-40d2-bcb9-722b2bf524ae","rootTurnId":"2ca6d61a-8dd9-40d2-bcb9-722b2bf524ae"}
{"timestamp":"2026-07-03T13:55:31.273Z","level":"info","message":"[Steering] Populating steering for execution 2ca6d61a-8dd9-40d2-bcb9-722b2bf524ae","conversationId":"sess_d14fddcc-6e67-44bf-9e29-c42e4bd22125","turnId":"2ca6d61a-8dd9-40d2-bcb9-722b2bf524ae","rootTurnId":"2ca6d61a-8dd9-40d2-bcb9-722b2bf524ae"}
{"timestamp":"2026-07-03T13:55:31.273Z","level":"info","message":"[Steering] ExistingFiles: /c:/Users/Admin/Downloads/Kiro_AWS_Nonsense/Kiro_AWS_Nonsense/app.py, /c:/Users/Admin/Downloads/Kiro_AWS_Nonsense/Kiro_AWS_Nonsense/templates/index.html, /c:/Users/Admin/Downloads/Kiro_AWS_Nonsense/Kiro_AWS_Nonsense/static/app.js, /c:/Users/Admin/Downloads/Kiro_AWS_Nonsense/Kiro_AWS_Nonsense/static/style.css, /c:/Users/Admin/Downloads/Kiro_AWS_Nonsense/Kiro_AWS_Nonsense/config.py, /c:/Users/Admin/Downloads/Kiro_AWS_Nonsense/Kiro_AWS_Nonsense/analysis.py in 2ca6d61a-8dd9-40d2-bcb9-722b2bf524ae","conversationId":"sess_d14fddcc-6e67-44bf-9e29-c42e4bd22125","turnId":"2ca6d61a-8dd9-40d2-bcb9-722b2bf524ae","rootTurnId":"2ca6d61a-8dd9-40d2-bcb9-722b2bf524ae"}
{"timestamp":"2026-07-03T13:55:31.276Z","level":"info","message":"[SessionPersistence] Appended 2 message(s) to session sess_d14fddcc-6e67-44bf-9e29-c42e4bd22125","conversationId":"sess_d14fddcc-6e67-44bf-9e29-c42e4bd22125","turnId":"2ca6d61a-8dd9-40d2-bcb9-722b2bf524ae","rootTurnId":"2ca6d61a-8dd9-40d2-bcb9-722b2bf524ae"}
{"timestamp":"2026-07-03T13:55:31.302Z","level":"info","message":"[q-developer-converse] Sending GenerateAssistantResponse modelId=auto agentMode=vibe origin=AI_EDITOR streaming=true conversationId=sess_d14fddcc-6e67-44bf-9e29-c42e4bd22125","conversationId":"sess_d14fddcc-6e67-44bf-9e29-c42e4bd22125","turnId":"2ca6d61a-8dd9-40d2-bcb9-722b2bf524ae","rootTurnId":"2ca6d61a-8dd9-40d2-bcb9-722b2bf524ae"}
{"timestamp":"2026-07-03T13:55:31.375Z","level":"info","message":"[q-developer-converse] Request payload: 10663847 chars, 20 history messages, conversationId=sess_d14fddcc-6e67-44bf-9e29-c42e4bd22125","conversationId":"sess_d14fddcc-6e67-44bf-9e29-c42e4bd22125","turnId":"2ca6d61a-8dd9-40d2-bcb9-722b2bf524ae","rootTurnId":"2ca6d61a-8dd9-40d2-bcb9-722b2bf524ae"}
{"timestamp":"2026-07-03T13:55:39.206Z","level":"info","message":"[AgentIterator] Synchronizing results","conversationId":"sess_d14fddcc-6e67-44bf-9e29-c42e4bd22125","turnId":"2ca6d61a-8dd9-40d2-bcb9-722b2bf524ae","rootTurnId":"2ca6d61a-8dd9-40d2-bcb9-722b2bf524ae"}
{"timestamp":"2026-07-03T13:55:39.206Z","level":"info","message":"[AgentIterator] Processing intent detection result","conversationId":"sess_d14fddcc-6e67-44bf-9e29-c42e4bd22125","turnId":"2ca6d61a-8dd9-40d2-bcb9-722b2bf524ae","rootTurnId":"2ca6d61a-8dd9-40d2-bcb9-722b2bf524ae"}
{"timestamp":"2026-07-03T13:55:39.207Z","level":"info","message":"[ChatAgent] Processing model response stream","conversationId":"sess_d14fddcc-6e67-44bf-9e29-c42e4bd22125","turnId":"2ca6d61a-8dd9-40d2-bcb9-722b2bf524ae","rootTurnId":"2ca6d61a-8dd9-40d2-bcb9-722b2bf524ae"}
{"timestamp":"2026-07-03T13:55:39.207Z","level":"info","message":"[Steering] Populating steering for execution 2ca6d61a-8dd9-40d2-bcb9-722b2bf524ae","conversationId":"sess_d14fddcc-6e67-44bf-9e29-c42e4bd22125","turnId":"2ca6d61a-8dd9-40d2-bcb9-722b2bf524ae","rootTurnId":"2ca6d61a-8dd9-40d2-bcb9-722b2bf524ae"}
{"timestamp":"2026-07-03T13:55:39.208Z","level":"info","message":"[Steering] ExistingFiles: /c:/Users/Admin/Downloads/Kiro_AWS_Nonsense/Kiro_AWS_Nonsense/app.py, /c:/Users/Admin/Downloads/Kiro_AWS_Nonsense/Kiro_AWS_Nonsense/templates/index.html, /c:/Users/Admin/Downloads/Kiro_AWS_Nonsense/Kiro_AWS_Nonsense/static/app.js, /c:/Users/Admin/Downloads/Kiro_AWS_Nonsense/Kiro_AWS_Nonsense/static/style.css, /c:/Users/Admin/Downloads/Kiro_AWS_Nonsense/Kiro_AWS_Nonsense/config.py, /c:/Users/Admin/Downloads/Kiro_AWS_Nonsense/Kiro_AWS_Nonsense/analysis.py in 2ca6d61a-8dd9-40d2-bcb9-722b2bf524ae","conversationId":"sess_d14fddcc-6e67-44bf-9e29-c42e4bd22125","turnId":"2ca6d61a-8dd9-40d2-bcb9-722b2bf524ae","rootTurnId":"2ca6d61a-8dd9-40d2-bcb9-722b2bf524ae"}
{"timestamp":"2026-07-03T13:55:40.970Z","level":"info","message":"[SessionPersistence] Appended 2 message(s) to session sess_d14fddcc-6e67-44bf-9e29-c42e4bd22125","conversationId":"sess_d14fddcc-6e67-44bf-9e29-c42e4bd22125","turnId":"2ca6d61a-8dd9-40d2-bcb9-722b2bf524ae","rootTurnId":"2ca6d61a-8dd9-40d2-bcb9-722b2bf524ae"}
{"timestamp":"2026-07-03T13:55:40.983Z","level":"info","message":"[AgentIterator] Parallel invoking agent","conversationId":"sess_d14fddcc-6e67-44bf-9e29-c42e4bd22125","turnId":"2ca6d61a-8dd9-40d2-bcb9-722b2bf524ae","rootTurnId":"2ca6d61a-8dd9-40d2-bcb9-722b2bf524ae"}
{"timestamp":"2026-07-03T13:55:40.983Z","level":"info","message":"[Steering] Populating steering for execution 2ca6d61a-8dd9-40d2-bcb9-722b2bf524ae","conversationId":"sess_d14fddcc-6e67-44bf-9e29-c42e4bd22125","turnId":"2ca6d61a-8dd9-40d2-bcb9-722b2bf524ae","rootTurnId":"2ca6d61a-8dd9-40d2-bcb9-722b2bf524ae"}
{"timestamp":"2026-07-03T13:55:40.983Z","level":"info","message":"[Steering] ExistingFiles: /c:/Users/Admin/Downloads/Kiro_AWS_Nonsense/Kiro_AWS_Nonsense/app.py, /c:/Users/Admin/Downloads/Kiro_AWS_Nonsense/Kiro_AWS_Nonsense/templates/index.html, /c:/Users/Admin/Downloads/Kiro_AWS_Nonsense/Kiro_AWS_Nonsense/static/app.js, /c:/Users/Admin/Downloads/Kiro_AWS_Nonsense/Kiro_AWS_Nonsense/static/style.css, /c:/Users/Admin/Downloads/Kiro_AWS_Nonsense/Kiro_AWS_Nonsense/config.py, /c:/Users/Admin/Downloads/Kiro_AWS_Nonsense/Kiro_AWS_Nonsense/analysis.py in 2ca6d61a-8dd9-40d2-bcb9-722b2bf524ae","conversationId":"sess_d14fddcc-6e67-44bf-9e29-c42e4bd22125","turnId":"2ca6d61a-8dd9-40d2-bcb9-722b2bf524ae","rootTurnId":"2ca6d61a-8dd9-40d2-bcb9-722b2bf524ae"}
{"timestamp":"2026-07-03T13:55:40.989Z","level":"info","message":"[SessionPersistence] Appended 1 message(s) to session sess_d14fddcc-6e67-44bf-9e29-c42e4bd22125","conversationId":"sess_d14fddcc-6e67-44bf-9e29-c42e4bd22125","turnId":"2ca6d61a-8dd9-40d2-bcb9-722b2bf524ae","rootTurnId":"2ca6d61a-8dd9-40d2-bcb9-722b2bf524ae"}
{"timestamp":"2026-07-03T13:55:40.989Z","level":"info","message":"Injecting todo list context into conversation","conversationId":"sess_d14fddcc-6e67-44bf-9e29-c42e4bd22125","turnId":"2ca6d61a-8dd9-40d2-bcb9-722b2bf524ae","rootTurnId":"2ca6d61a-8dd9-40d2-bcb9-722b2bf524ae"}
{"timestamp":"2026-07-03T13:55:41.015Z","level":"info","message":"[q-developer-converse] Sending GenerateAssistantResponse modelId=auto agentMode=vibe origin=AI_EDITOR streaming=true conversationId=sess_d14fddcc-6e67-44bf-9e29-c42e4bd22125","conversationId":"sess_d14fddcc-6e67-44bf-9e29-c42e4bd22125","turnId":"2ca6d61a-8dd9-40d2-bcb9-722b2bf524ae","rootTurnId":"2ca6d61a-8dd9-40d2-bcb9-722b2bf524ae"}
{"timestamp":"2026-07-03T13:55:41.087Z","level":"info","message":"[q-developer-converse] Request payload: 10667696 chars, 24 history messages, conversationId=sess_d14fddcc-6e67-44bf-9e29-c42e4bd22125","conversationId":"sess_d14fddcc-6e67-44bf-9e29-c42e4bd22125","turnId":"2ca6d61a-8dd9-40d2-bcb9-722b2bf524ae","rootTurnId":"2ca6d61a-8dd9-40d2-bcb9-722b2bf524ae"}
{"timestamp":"2026-07-03T13:55:48.669Z","level":"info","message":"[AgentIterator] Synchronizing results","conversationId":"sess_d14fddcc-6e67-44bf-9e29-c42e4bd22125","turnId":"2ca6d61a-8dd9-40d2-bcb9-722b2bf524ae","rootTurnId":"2ca6d61a-8dd9-40d2-bcb9-722b2bf524ae"}
{"timestamp":"2026-07-03T13:55:48.669Z","level":"info","message":"[AgentIterator] Processing intent detection result","conversationId":"sess_d14fddcc-6e67-44bf-9e29-c42e4bd22125","turnId":"2ca6d61a-8dd9-40d2-bcb9-722b2bf524ae","rootTurnId":"2ca6d61a-8dd9-40d2-bcb9-722b2bf524ae"}
{"timestamp":"2026-07-03T13:55:48.670Z","level":"info","message":"[ChatAgent] Processing model response stream","conversationId":"sess_d14fddcc-6e67-44bf-9e29-c42e4bd22125","turnId":"2ca6d61a-8dd9-40d2-bcb9-722b2bf524ae","rootTurnId":"2ca6d61a-8dd9-40d2-bcb9-722b2bf524ae"}
{"timestamp":"2026-07-03T13:55:48.670Z","level":"info","message":"[Steering] Populating steering for execution 2ca6d61a-8dd9-40d2-bcb9-722b2bf524ae","conversationId":"sess_d14fddcc-6e67-44bf-9e29-c42e4bd22125","turnId":"2ca6d61a-8dd9-40d2-bcb9-722b2bf524ae","rootTurnId":"2ca6d61a-8dd9-40d2-bcb9-722b2bf524ae"}
{"timestamp":"2026-07-03T13:55:48.670Z","level":"info","message":"[Steering] ExistingFiles: /c:/Users/Admin/Downloads/Kiro_AWS_Nonsense/Kiro_AWS_Nonsense/app.py, /c:/Users/Admin/Downloads/Kiro_AWS_Nonsense/Kiro_AWS_Nonsense/templates/index.html, /c:/Users/Admin/Downloads/Kiro_AWS_Nonsense/Kiro_AWS_Nonsense/static/app.js, /c:/Users/Admin/Downloads/Kiro_AWS_Nonsense/Kiro_AWS_Nonsense/static/style.css, /c:/Users/Admin/Downloads/Kiro_AWS_Nonsense/Kiro_AWS_Nonsense/config.py, /c:/Users/Admin/Downloads/Kiro_AWS_Nonsense/Kiro_AWS_Nonsense/analysis.py in 2ca6d61a-8dd9-40d2-bcb9-722b2bf524ae","conversationId":"sess_d14fddcc-6e67-44bf-9e29-c42e4bd22125","turnId":"2ca6d61a-8dd9-40d2-bcb9-722b2bf524ae","rootTurnId":"2ca6d61a-8dd9-40d2-bcb9-722b2bf524ae"}
{"timestamp":"2026-07-03T13:56:04.747Z","level":"info","message":"[SessionPersistence] Appended 1 message(s) to session sess_d14fddcc-6e67-44bf-9e29-c42e4bd22125","conversationId":"sess_d14fddcc-6e67-44bf-9e29-c42e4bd22125","turnId":"2ca6d61a-8dd9-40d2-bcb9-722b2bf524ae","rootTurnId":"2ca6d61a-8dd9-40d2-bcb9-722b2bf524ae"}
{"timestamp":"2026-07-03T13:56:04.749Z","level":"warn","message":"[ACPEventAdapter] Action type \"write\" has no dedicated handler and is being routed as a tool call. If this is a new non-tool action, add it to DispatchedActionType.","conversationId":"sess_d14fddcc-6e67-44bf-9e29-c42e4bd22125","turnId":"2ca6d61a-8dd9-40d2-bcb9-722b2bf524ae","rootTurnId":"2ca6d61a-8dd9-40d2-bcb9-722b2bf524ae"}
{"timestamp":"2026-07-03T13:56:04.755Z","level":"info","message":"acp.policy-eval.complete {\"toolId\":\"fs_write\",\"effect\":\"allow\",\"capability\":\"fs_write\"}","conversationId":"sess_d14fddcc-6e67-44bf-9e29-c42e4bd22125","turnId":"2ca6d61a-8dd9-40d2-bcb9-722b2bf524ae","rootTurnId":"2ca6d61a-8dd9-40d2-bcb9-722b2bf524ae"}
{"timestamp":"2026-07-03T13:56:04.764Z","level":"info","message":"[SessionPersistence] Created snapshot 0af77591 for templates/index.html in session sess_d14fddcc-6e67-44bf-9e29-c42e4bd22125 (3256 bytes)","conversationId":"sess_d14fddcc-6e67-44bf-9e29-c42e4bd22125","turnId":"2ca6d61a-8dd9-40d2-bcb9-722b2bf524ae","rootTurnId":"2ca6d61a-8dd9-40d2-bcb9-722b2bf524ae"}
{"timestamp":"2026-07-03T13:56:04.852Z","level":"info","message":"[SessionPersistence] Created snapshot a0ab8072 for templates/index.html in session sess_d14fddcc-6e67-44bf-9e29-c42e4bd22125 (5222 bytes)","conversationId":"sess_d14fddcc-6e67-44bf-9e29-c42e4bd22125","turnId":"2ca6d61a-8dd9-40d2-bcb9-722b2bf524ae","rootTurnId":"2ca6d61a-8dd9-40d2-bcb9-722b2bf524ae"}
{"timestamp":"2026-07-03T13:56:04.859Z","level":"info","message":"[AgentIterator] Parallel invoking agent","conversationId":"sess_d14fddcc-6e67-44bf-9e29-c42e4bd22125","turnId":"2ca6d61a-8dd9-40d2-bcb9-722b2bf524ae","rootTurnId":"2ca6d61a-8dd9-40d2-bcb9-722b2bf524ae"}
{"timestamp":"2026-07-03T13:56:04.859Z","level":"info","message":"[Steering] Populating steering for execution 2ca6d61a-8dd9-40d2-bcb9-722b2bf524ae","conversationId":"sess_d14fddcc-6e67-44bf-9e29-c42e4bd22125","turnId":"2ca6d61a-8dd9-40d2-bcb9-722b2bf524ae","rootTurnId":"2ca6d61a-8dd9-40d2-bcb9-722b2bf524ae"}
{"timestamp":"2026-07-03T13:56:04.859Z","level":"info","message":"[Steering] ExistingFiles: /c:/Users/Admin/Downloads/Kiro_AWS_Nonsense/Kiro_AWS_Nonsense/app.py, /c:/Users/Admin/Downloads/Kiro_AWS_Nonsense/Kiro_AWS_Nonsense/templates/index.html, /c:/Users/Admin/Downloads/Kiro_AWS_Nonsense/Kiro_AWS_Nonsense/static/app.js, /c:/Users/Admin/Downloads/Kiro_AWS_Nonsense/Kiro_AWS_Nonsense/static/style.css, /c:/Users/Admin/Downloads/Kiro_AWS_Nonsense/Kiro_AWS_Nonsense/config.py, /c:/Users/Admin/Downloads/Kiro_AWS_Nonsense/Kiro_AWS_Nonsense/analysis.py in 2ca6d61a-8dd9-40d2-bcb9-722b2bf524ae","conversationId":"sess_d14fddcc-6e67-44bf-9e29-c42e4bd22125","turnId":"2ca6d61a-8dd9-40d2-bcb9-722b2bf524ae","rootTurnId":"2ca6d61a-8dd9-40d2-bcb9-722b2bf524ae"}
{"timestamp":"2026-07-03T13:56:04.862Z","level":"info","message":"[SessionPersistence] Appended 2 message(s) to session sess_d14fddcc-6e67-44bf-9e29-c42e4bd22125","conversationId":"sess_d14fddcc-6e67-44bf-9e29-c42e4bd22125","turnId":"2ca6d61a-8dd9-40d2-bcb9-722b2bf524ae","rootTurnId":"2ca6d61a-8dd9-40d2-bcb9-722b2bf524ae"}
{"timestamp":"2026-07-03T13:56:04.886Z","level":"info","message":"[q-developer-converse] Sending GenerateAssistantResponse modelId=auto agentMode=vibe origin=AI_EDITOR streaming=true conversationId=sess_d14fddcc-6e67-44bf-9e29-c42e4bd22125","conversationId":"sess_d14fddcc-6e67-44bf-9e29-c42e4bd22125","turnId":"2ca6d61a-8dd9-40d2-bcb9-722b2bf524ae","rootTurnId":"2ca6d61a-8dd9-40d2-bcb9-722b2bf524ae"}
{"timestamp":"2026-07-03T13:56:04.960Z","level":"info","message":"[q-developer-converse] Request payload: 10673600 chars, 26 history messages, conversationId=sess_d14fddcc-6e67-44bf-9e29-c42e4bd22125","conversationId":"sess_d14fddcc-6e67-44bf-9e29-c42e4bd22125","turnId":"2ca6d61a-8dd9-40d2-bcb9-722b2bf524ae","rootTurnId":"2ca6d61a-8dd9-40d2-bcb9-722b2bf524ae"}
{"timestamp":"2026-07-03T13:56:13.010Z","level":"info","message":"[AgentIterator] Synchronizing results","conversationId":"sess_d14fddcc-6e67-44bf-9e29-c42e4bd22125","turnId":"2ca6d61a-8dd9-40d2-bcb9-722b2bf524ae","rootTurnId":"2ca6d61a-8dd9-40d2-bcb9-722b2bf524ae"}
{"timestamp":"2026-07-03T13:56:13.010Z","level":"info","message":"[AgentIterator] Processing intent detection result","conversationId":"sess_d14fddcc-6e67-44bf-9e29-c42e4bd22125","turnId":"2ca6d61a-8dd9-40d2-bcb9-722b2bf524ae","rootTurnId":"2ca6d61a-8dd9-40d2-bcb9-722b2bf524ae"}
{"timestamp":"2026-07-03T13:56:13.011Z","level":"info","message":"[ChatAgent] Processing model response stream","conversationId":"sess_d14fddcc-6e67-44bf-9e29-c42e4bd22125","turnId":"2ca6d61a-8dd9-40d2-bcb9-722b2bf524ae","rootTurnId":"2ca6d61a-8dd9-40d2-bcb9-722b2bf524ae"}
{"timestamp":"2026-07-03T13:56:13.011Z","level":"info","message":"[Steering] Populating steering for execution 2ca6d61a-8dd9-40d2-bcb9-722b2bf524ae","conversationId":"sess_d14fddcc-6e67-44bf-9e29-c42e4bd22125","turnId":"2ca6d61a-8dd9-40d2-bcb9-722b2bf524ae","rootTurnId":"2ca6d61a-8dd9-40d2-bcb9-722b2bf524ae"}
{"timestamp":"2026-07-03T13:56:13.011Z","level":"info","message":"[Steering] ExistingFiles: /c:/Users/Admin/Downloads/Kiro_AWS_Nonsense/Kiro_AWS_Nonsense/app.py, /c:/Users/Admin/Downloads/Kiro_AWS_Nonsense/Kiro_AWS_Nonsense/templates/index.html, /c:/Users/Admin/Downloads/Kiro_AWS_Nonsense/Kiro_AWS_Nonsense/static/app.js, /c:/Users/Admin/Downloads/Kiro_AWS_Nonsense/Kiro_AWS_Nonsense/static/style.css, /c:/Users/Admin/Downloads/Kiro_AWS_Nonsense/Kiro_AWS_Nonsense/config.py, /c:/Users/Admin/Downloads/Kiro_AWS_Nonsense/Kiro_AWS_Nonsense/analysis.py in 2ca6d61a-8dd9-40d2-bcb9-722b2bf524ae","conversationId":"sess_d14fddcc-6e67-44bf-9e29-c42e4bd22125","turnId":"2ca6d61a-8dd9-40d2-bcb9-722b2bf524ae","rootTurnId":"2ca6d61a-8dd9-40d2-bcb9-722b2bf524ae"}
{"timestamp":"2026-07-03T13:56:14.528Z","level":"info","message":"[SessionPersistence] Appended 2 message(s) to session sess_d14fddcc-6e67-44bf-9e29-c42e4bd22125","conversationId":"sess_d14fddcc-6e67-44bf-9e29-c42e4bd22125","turnId":"2ca6d61a-8dd9-40d2-bcb9-722b2bf524ae","rootTurnId":"2ca6d61a-8dd9-40d2-bcb9-722b2bf524ae"}
{"timestamp":"2026-07-03T13:56:14.539Z","level":"info","message":"[AgentIterator] Parallel invoking agent","conversationId":"sess_d14fddcc-6e67-44bf-9e29-c42e4bd22125","turnId":"2ca6d61a-8dd9-40d2-bcb9-722b2bf524ae","rootTurnId":"2ca6d61a-8dd9-40d2-bcb9-722b2bf524ae"}
{"timestamp":"2026-07-03T13:56:14.539Z","level":"info","message":"[Steering] Populating steering for execution 2ca6d61a-8dd9-40d2-bcb9-722b2bf524ae","conversationId":"sess_d14fddcc-6e67-44bf-9e29-c42e4bd22125","turnId":"2ca6d61a-8dd9-40d2-bcb9-722b2bf524ae","rootTurnId":"2ca6d61a-8dd9-40d2-bcb9-722b2bf524ae"}
{"timestamp":"2026-07-03T13:56:14.539Z","level":"info","message":"[Steering] ExistingFiles: /c:/Users/Admin/Downloads/Kiro_AWS_Nonsense/Kiro_AWS_Nonsense/app.py, /c:/Users/Admin/Downloads/Kiro_AWS_Nonsense/Kiro_AWS_Nonsense/templates/index.html, /c:/Users/Admin/Downloads/Kiro_AWS_Nonsense/Kiro_AWS_Nonsense/static/app.js, /c:/Users/Admin/Downloads/Kiro_AWS_Nonsense/Kiro_AWS_Nonsense/static/style.css, /c:/Users/Admin/Downloads/Kiro_AWS_Nonsense/Kiro_AWS_Nonsense/config.py, /c:/Users/Admin/Downloads/Kiro_AWS_Nonsense/Kiro_AWS_Nonsense/analysis.py in 2ca6d61a-8dd9-40d2-bcb9-722b2bf524ae","conversationId":"sess_d14fddcc-6e67-44bf-9e29-c42e4bd22125","turnId":"2ca6d61a-8dd9-40d2-bcb9-722b2bf524ae","rootTurnId":"2ca6d61a-8dd9-40d2-bcb9-722b2bf524ae"}
{"timestamp":"2026-07-03T13:56:14.543Z","level":"info","message":"[SessionPersistence] Appended 1 message(s) to session sess_d14fddcc-6e67-44bf-9e29-c42e4bd22125","conversationId":"sess_d14fddcc-6e67-44bf-9e29-c42e4bd22125","turnId":"2ca6d61a-8dd9-40d2-bcb9-722b2bf524ae","rootTurnId":"2ca6d61a-8dd9-40d2-bcb9-722b2bf524ae"}
{"timestamp":"2026-07-03T13:56:14.544Z","level":"info","message":"Injecting todo list context into conversation","conversationId":"sess_d14fddcc-6e67-44bf-9e29-c42e4bd22125","turnId":"2ca6d61a-8dd9-40d2-bcb9-722b2bf524ae","rootTurnId":"2ca6d61a-8dd9-40d2-bcb9-722b2bf524ae"}
{"timestamp":"2026-07-03T13:56:14.568Z","level":"info","message":"[q-developer-converse] Sending GenerateAssistantResponse modelId=auto agentMode=vibe origin=AI_EDITOR streaming=true conversationId=sess_d14fddcc-6e67-44bf-9e29-c42e4bd22125","conversationId":"sess_d14fddcc-6e67-44bf-9e29-c42e4bd22125","turnId":"2ca6d61a-8dd9-40d2-bcb9-722b2bf524ae","rootTurnId":"2ca6d61a-8dd9-40d2-bcb9-722b2bf524ae"}
{"timestamp":"2026-07-03T13:56:14.632Z","level":"info","message":"[q-developer-converse] Request payload: 10678205 chars, 30 history messages, conversationId=sess_d14fddcc-6e67-44bf-9e29-c42e4bd22125","conversationId":"sess_d14fddcc-6e67-44bf-9e29-c42e4bd22125","turnId":"2ca6d61a-8dd9-40d2-bcb9-722b2bf524ae","rootTurnId":"2ca6d61a-8dd9-40d2-bcb9-722b2bf524ae"}
{"timestamp":"2026-07-03T13:56:22.049Z","level":"info","message":"[AgentIterator] Synchronizing results","conversationId":"sess_d14fddcc-6e67-44bf-9e29-c42e4bd22125","turnId":"2ca6d61a-8dd9-40d2-bcb9-722b2bf524ae","rootTurnId":"2ca6d61a-8dd9-40d2-bcb9-722b2bf524ae"}
{"timestamp":"2026-07-03T13:56:22.049Z","level":"info","message":"[AgentIterator] Processing intent detection result","conversationId":"sess_d14fddcc-6e67-44bf-9e29-c42e4bd22125","turnId":"2ca6d61a-8dd9-40d2-bcb9-722b2bf524ae","rootTurnId":"2ca6d61a-8dd9-40d2-bcb9-722b2bf524ae"}
{"timestamp":"2026-07-03T13:56:22.050Z","level":"info","message":"[ChatAgent] Processing model response stream","conversationId":"sess_d14fddcc-6e67-44bf-9e29-c42e4bd22125","turnId":"2ca6d61a-8dd9-40d2-bcb9-722b2bf524ae","rootTurnId":"2ca6d61a-8dd9-40d2-bcb9-722b2bf524ae"}
{"timestamp":"2026-07-03T13:56:22.050Z","level":"info","message":"[Steering] Populating steering for execution 2ca6d61a-8dd9-40d2-bcb9-722b2bf524ae","conversationId":"sess_d14fddcc-6e67-44bf-9e29-c42e4bd22125","turnId":"2ca6d61a-8dd9-40d2-bcb9-722b2bf524ae","rootTurnId":"2ca6d61a-8dd9-40d2-bcb9-722b2bf524ae"}
{"timestamp":"2026-07-03T13:56:22.050Z","level":"info","message":"[Steering] ExistingFiles: /c:/Users/Admin/Downloads/Kiro_AWS_Nonsense/Kiro_AWS_Nonsense/app.py, /c:/Users/Admin/Downloads/Kiro_AWS_Nonsense/Kiro_AWS_Nonsense/templates/index.html, /c:/Users/Admin/Downloads/Kiro_AWS_Nonsense/Kiro_AWS_Nonsense/static/app.js, /c:/Users/Admin/Downloads/Kiro_AWS_Nonsense/Kiro_AWS_Nonsense/static/style.css, /c:/Users/Admin/Downloads/Kiro_AWS_Nonsense/Kiro_AWS_Nonsense/config.py, /c:/Users/Admin/Downloads/Kiro_AWS_Nonsense/Kiro_AWS_Nonsense/analysis.py in 2ca6d61a-8dd9-40d2-bcb9-722b2bf524ae","conversationId":"sess_d14fddcc-6e67-44bf-9e29-c42e4bd22125","turnId":"2ca6d61a-8dd9-40d2-bcb9-722b2bf524ae","rootTurnId":"2ca6d61a-8dd9-40d2-bcb9-722b2bf524ae"}
{"timestamp":"2026-07-03T13:57:39.906Z","level":"error","message":"[fs_write] Stream error: type=StreamError message=The model output was truncated before this tool call was complete. The tool was NOT executed. When writing files, limit each fs_write call to 50 lines or fewer, then use fs_append to add remaining content in chunks of 50 lines or fewer. For edits, use multiple str_replace calls instead of one large edit.","conversationId":"sess_d14fddcc-6e67-44bf-9e29-c42e4bd22125","turnId":"2ca6d61a-8dd9-40d2-bcb9-722b2bf524ae","rootTurnId":"2ca6d61a-8dd9-40d2-bcb9-722b2bf524ae"}
{"timestamp":"2026-07-03T13:57:39.906Z","level":"warn","message":"[ACPEventAdapter] Action type \"create\" has no dedicated handler and is being routed as a tool call. If this is a new non-tool action, add it to DispatchedActionType.","conversationId":"sess_d14fddcc-6e67-44bf-9e29-c42e4bd22125","turnId":"2ca6d61a-8dd9-40d2-bcb9-722b2bf524ae","rootTurnId":"2ca6d61a-8dd9-40d2-bcb9-722b2bf524ae"}
{"timestamp":"2026-07-03T13:57:39.913Z","level":"info","message":"[AgentIterator] Parallel invoking agent","conversationId":"sess_d14fddcc-6e67-44bf-9e29-c42e4bd22125","turnId":"2ca6d61a-8dd9-40d2-bcb9-722b2bf524ae","rootTurnId":"2ca6d61a-8dd9-40d2-bcb9-722b2bf524ae"}
{"timestamp":"2026-07-03T13:57:39.913Z","level":"info","message":"[Steering] Populating steering for execution 2ca6d61a-8dd9-40d2-bcb9-722b2bf524ae","conversationId":"sess_d14fddcc-6e67-44bf-9e29-c42e4bd22125","turnId":"2ca6d61a-8dd9-40d2-bcb9-722b2bf524ae","rootTurnId":"2ca6d61a-8dd9-40d2-bcb9-722b2bf524ae"}
{"timestamp":"2026-07-03T13:57:39.913Z","level":"info","message":"[Steering] ExistingFiles: /c:/Users/Admin/Downloads/Kiro_AWS_Nonsense/Kiro_AWS_Nonsense/app.py, /c:/Users/Admin/Downloads/Kiro_AWS_Nonsense/Kiro_AWS_Nonsense/templates/index.html, /c:/Users/Admin/Downloads/Kiro_AWS_Nonsense/Kiro_AWS_Nonsense/static/app.js, /c:/Users/Admin/Downloads/Kiro_AWS_Nonsense/Kiro_AWS_Nonsense/static/style.css, /c:/Users/Admin/Downloads/Kiro_AWS_Nonsense/Kiro_AWS_Nonsense/config.py, /c:/Users/Admin/Downloads/Kiro_AWS_Nonsense/Kiro_AWS_Nonsense/analysis.py in 2ca6d61a-8dd9-40d2-bcb9-722b2bf524ae","conversationId":"sess_d14fddcc-6e67-44bf-9e29-c42e4bd22125","turnId":"2ca6d61a-8dd9-40d2-bcb9-722b2bf524ae","rootTurnId":"2ca6d61a-8dd9-40d2-bcb9-722b2bf524ae"}
{"timestamp":"2026-07-03T13:57:39.917Z","level":"info","message":"[SessionPersistence] Appended 1 message(s) to session sess_d14fddcc-6e67-44bf-9e29-c42e4bd22125","conversationId":"sess_d14fddcc-6e67-44bf-9e29-c42e4bd22125","turnId":"2ca6d61a-8dd9-40d2-bcb9-722b2bf524ae","rootTurnId":"2ca6d61a-8dd9-40d2-bcb9-722b2bf524ae"}
{"timestamp":"2026-07-03T13:57:39.942Z","level":"info","message":"[q-developer-converse] Sending GenerateAssistantResponse modelId=auto agentMode=vibe origin=AI_EDITOR streaming=true conversationId=sess_d14fddcc-6e67-44bf-9e29-c42e4bd22125","conversationId":"sess_d14fddcc-6e67-44bf-9e29-c42e4bd22125","turnId":"2ca6d61a-8dd9-40d2-bcb9-722b2bf524ae","rootTurnId":"2ca6d61a-8dd9-40d2-bcb9-722b2bf524ae"}
{"timestamp":"2026-07-03T13:57:40.008Z","level":"info","message":"[q-developer-converse] Request payload: 10678911 chars, 32 history messages, conversationId=sess_d14fddcc-6e67-44bf-9e29-c42e4bd22125","conversationId":"sess_d14fddcc-6e67-44bf-9e29-c42e4bd22125","turnId":"2ca6d61a-8dd9-40d2-bcb9-722b2bf524ae","rootTurnId":"2ca6d61a-8dd9-40d2-bcb9-722b2bf524ae"}
{"timestamp":"2026-07-03T13:57:40.041Z","level":"info","message":"[SessionPersistence] Appended 2 message(s) to session sess_d14fddcc-6e67-44bf-9e29-c42e4bd22125","conversationId":"sess_d14fddcc-6e67-44bf-9e29-c42e4bd22125","turnId":"2ca6d61a-8dd9-40d2-bcb9-722b2bf524ae","rootTurnId":"2ca6d61a-8dd9-40d2-bcb9-722b2bf524ae"}
{"timestamp":"2026-07-03T13:57:48.348Z","level":"info","message":"[AgentIterator] Synchronizing results","conversationId":"sess_d14fddcc-6e67-44bf-9e29-c42e4bd22125","turnId":"2ca6d61a-8dd9-40d2-bcb9-722b2bf524ae","rootTurnId":"2ca6d61a-8dd9-40d2-bcb9-722b2bf524ae"}
{"timestamp":"2026-07-03T13:57:48.348Z","level":"info","message":"[AgentIterator] Processing intent detection result","conversationId":"sess_d14fddcc-6e67-44bf-9e29-c42e4bd22125","turnId":"2ca6d61a-8dd9-40d2-bcb9-722b2bf524ae","rootTurnId":"2ca6d61a-8dd9-40d2-bcb9-722b2bf524ae"}
{"timestamp":"2026-07-03T13:57:48.349Z","level":"info","message":"[ChatAgent] Processing model response stream","conversationId":"sess_d14fddcc-6e67-44bf-9e29-c42e4bd22125","turnId":"2ca6d61a-8dd9-40d2-bcb9-722b2bf524ae","rootTurnId":"2ca6d61a-8dd9-40d2-bcb9-722b2bf524ae"}
{"timestamp":"2026-07-03T13:57:48.349Z","level":"info","message":"[Steering] Populating steering for execution 2ca6d61a-8dd9-40d2-bcb9-722b2bf524ae","conversationId":"sess_d14fddcc-6e67-44bf-9e29-c42e4bd22125","turnId":"2ca6d61a-8dd9-40d2-bcb9-722b2bf524ae","rootTurnId":"2ca6d61a-8dd9-40d2-bcb9-722b2bf524ae"}
{"timestamp":"2026-07-03T13:57:48.349Z","level":"info","message":"[Steering] ExistingFiles: /c:/Users/Admin/Downloads/Kiro_AWS_Nonsense/Kiro_AWS_Nonsense/app.py, /c:/Users/Admin/Downloads/Kiro_AWS_Nonsense/Kiro_AWS_Nonsense/templates/index.html, /c:/Users/Admin/Downloads/Kiro_AWS_Nonsense/Kiro_AWS_Nonsense/static/app.js, /c:/Users/Admin/Downloads/Kiro_AWS_Nonsense/Kiro_AWS_Nonsense/static/style.css, /c:/Users/Admin/Downloads/Kiro_AWS_Nonsense/Kiro_AWS_Nonsense/config.py, /c:/Users/Admin/Downloads/Kiro_AWS_Nonsense/Kiro_AWS_Nonsense/analysis.py in 2ca6d61a-8dd9-40d2-bcb9-722b2bf524ae","conversationId":"sess_d14fddcc-6e67-44bf-9e29-c42e4bd22125","turnId":"2ca6d61a-8dd9-40d2-bcb9-722b2bf524ae","rootTurnId":"2ca6d61a-8dd9-40d2-bcb9-722b2bf524ae"}
{"timestamp":"2026-07-03T13:57:48.352Z","level":"warn","message":"[ACPEventAdapter] Tool \"say\" missing rawInput, falling back to input.","conversationId":"sess_d14fddcc-6e67-44bf-9e29-c42e4bd22125","turnId":"2ca6d61a-8dd9-40d2-bcb9-722b2bf524ae","rootTurnId":"2ca6d61a-8dd9-40d2-bcb9-722b2bf524ae"}
{"timestamp":"2026-07-03T13:57:48.356Z","level":"warn","message":"[ACPEventAdapter] Tool \"say\" missing rawInput, falling back to input.","conversationId":"sess_d14fddcc-6e67-44bf-9e29-c42e4bd22125","turnId":"2ca6d61a-8dd9-40d2-bcb9-722b2bf524ae","rootTurnId":"2ca6d61a-8dd9-40d2-bcb9-722b2bf524ae"}
{"timestamp":"2026-07-03T13:57:48.412Z","level":"warn","message":"[ACPEventAdapter] Tool \"say\" missing rawInput, falling back to input.","conversationId":"sess_d14fddcc-6e67-44bf-9e29-c42e4bd22125","turnId":"2ca6d61a-8dd9-40d2-bcb9-722b2bf524ae","rootTurnId":"2ca6d61a-8dd9-40d2-bcb9-722b2bf524ae"}
{"timestamp":"2026-07-03T13:57:48.451Z","level":"warn","message":"[ACPEventAdapter] Tool \"say\" missing rawInput, falling back to input.","conversationId":"sess_d14fddcc-6e67-44bf-9e29-c42e4bd22125","turnId":"2ca6d61a-8dd9-40d2-bcb9-722b2bf524ae","rootTurnId":"2ca6d61a-8dd9-40d2-bcb9-722b2bf524ae"}
{"timestamp":"2026-07-03T13:57:48.537Z","level":"warn","message":"[ACPEventAdapter] Tool \"say\" missing rawInput, falling back to input.","conversationId":"sess_d14fddcc-6e67-44bf-9e29-c42e4bd22125","turnId":"2ca6d61a-8dd9-40d2-bcb9-722b2bf524ae","rootTurnId":"2ca6d61a-8dd9-40d2-bcb9-722b2bf524ae"}
{"timestamp":"2026-07-03T13:57:48.583Z","level":"warn","message":"[ACPEventAdapter] Tool \"say\" missing rawInput, falling back to input.","conversationId":"sess_d14fddcc-6e67-44bf-9e29-c42e4bd22125","turnId":"2ca6d61a-8dd9-40d2-bcb9-722b2bf524ae","rootTurnId":"2ca6d61a-8dd9-40d2-bcb9-722b2bf524ae"}
{"timestamp":"2026-07-03T13:57:48.610Z","level":"warn","message":"[ACPEventAdapter] Tool \"say\" missing rawInput, falling back to input.","conversationId":"sess_d14fddcc-6e67-44bf-9e29-c42e4bd22125","turnId":"2ca6d61a-8dd9-40d2-bcb9-722b2bf524ae","rootTurnId":"2ca6d61a-8dd9-40d2-bcb9-722b2bf524ae"}
{"timestamp":"2026-07-03T13:57:48.672Z","level":"warn","message":"[ACPEventAdapter] Tool \"say\" missing rawInput, falling back to input.","conversationId":"sess_d14fddcc-6e67-44bf-9e29-c42e4bd22125","turnId":"2ca6d61a-8dd9-40d2-bcb9-722b2bf524ae","rootTurnId":"2ca6d61a-8dd9-40d2-bcb9-722b2bf524ae"}
{"timestamp":"2026-07-03T13:57:48.721Z","level":"warn","message":"[ACPEventAdapter] Tool \"say\" missing rawInput, falling back to input.","conversationId":"sess_d14fddcc-6e67-44bf-9e29-c42e4bd22125","turnId":"2ca6d61a-8dd9-40d2-bcb9-722b2bf524ae","rootTurnId":"2ca6d61a-8dd9-40d2-bcb9-722b2bf524ae"}
{"timestamp":"2026-07-03T13:57:48.763Z","level":"warn","message":"[ACPEventAdapter] Tool \"say\" missing rawInput, falling back to input.","conversationId":"sess_d14fddcc-6e67-44bf-9e29-c42e4bd22125","turnId":"2ca6d61a-8dd9-40d2-bcb9-722b2bf524ae","rootTurnId":"2ca6d61a-8dd9-40d2-bcb9-722b2bf524ae"}
{"timestamp":"2026-07-03T13:57:48.816Z","level":"warn","message":"[ACPEventAdapter] Tool \"say\" missing rawInput, falling back to input.","conversationId":"sess_d14fddcc-6e67-44bf-9e29-c42e4bd22125","turnId":"2ca6d61a-8dd9-40d2-bcb9-722b2bf524ae","rootTurnId":"2ca6d61a-8dd9-40d2-bcb9-722b2bf524ae"}
{"timestamp":"2026-07-03T13:57:48.925Z","level":"warn","message":"[ACPEventAdapter] Tool \"say\" missing rawInput, falling back to input.","conversationId":"sess_d14fddcc-6e67-44bf-9e29-c42e4bd22125","turnId":"2ca6d61a-8dd9-40d2-bcb9-722b2bf524ae","rootTurnId":"2ca6d61a-8dd9-40d2-bcb9-722b2bf524ae"}
{"timestamp":"2026-07-03T13:57:48.927Z","level":"info","message":"[SessionPersistence] Appended 1 message(s) to session sess_d14fddcc-6e67-44bf-9e29-c42e4bd22125","conversationId":"sess_d14fddcc-6e67-44bf-9e29-c42e4bd22125","turnId":"2ca6d61a-8dd9-40d2-bcb9-722b2bf524ae","rootTurnId":"2ca6d61a-8dd9-40d2-bcb9-722b2bf524ae"}
{"timestamp":"2026-07-03T13:57:54.542Z","level":"info","message":"[SessionPersistence] Appended 1 message(s) to session sess_d14fddcc-6e67-44bf-9e29-c42e4bd22125","conversationId":"sess_d14fddcc-6e67-44bf-9e29-c42e4bd22125","turnId":"2ca6d61a-8dd9-40d2-bcb9-722b2bf524ae","rootTurnId":"2ca6d61a-8dd9-40d2-bcb9-722b2bf524ae"}
{"timestamp":"2026-07-03T13:57:54.549Z","level":"info","message":"acp.policy-eval.complete {\"toolId\":\"fs_write\",\"effect\":\"allow\",\"capability\":\"fs_write\"}","conversationId":"sess_d14fddcc-6e67-44bf-9e29-c42e4bd22125","turnId":"2ca6d61a-8dd9-40d2-bcb9-722b2bf524ae","rootTurnId":"2ca6d61a-8dd9-40d2-bcb9-722b2bf524ae"}
{"timestamp":"2026-07-03T13:57:54.559Z","level":"info","message":"[SessionPersistence] Created snapshot 23263c61 for static/app.js in session sess_d14fddcc-6e67-44bf-9e29-c42e4bd22125 (17650 bytes)","conversationId":"sess_d14fddcc-6e67-44bf-9e29-c42e4bd22125","turnId":"2ca6d61a-8dd9-40d2-bcb9-722b2bf524ae","rootTurnId":"2ca6d61a-8dd9-40d2-bcb9-722b2bf524ae"}
{"timestamp":"2026-07-03T13:57:54.689Z","level":"info","message":"[SessionPersistence] Created snapshot 5f27347b for static/app.js in session sess_d14fddcc-6e67-44bf-9e29-c42e4bd22125 (1098 bytes)","conversationId":"sess_d14fddcc-6e67-44bf-9e29-c42e4bd22125","turnId":"2ca6d61a-8dd9-40d2-bcb9-722b2bf524ae","rootTurnId":"2ca6d61a-8dd9-40d2-bcb9-722b2bf524ae"}
{"timestamp":"2026-07-03T13:57:54.695Z","level":"info","message":"[AgentIterator] Parallel invoking agent","conversationId":"sess_d14fddcc-6e67-44bf-9e29-c42e4bd22125","turnId":"2ca6d61a-8dd9-40d2-bcb9-722b2bf524ae","rootTurnId":"2ca6d61a-8dd9-40d2-bcb9-722b2bf524ae"}
{"timestamp":"2026-07-03T13:57:54.695Z","level":"info","message":"[Steering] Populating steering for execution 2ca6d61a-8dd9-40d2-bcb9-722b2bf524ae","conversationId":"sess_d14fddcc-6e67-44bf-9e29-c42e4bd22125","turnId":"2ca6d61a-8dd9-40d2-bcb9-722b2bf524ae","rootTurnId":"2ca6d61a-8dd9-40d2-bcb9-722b2bf524ae"}
{"timestamp":"2026-07-03T13:57:54.695Z","level":"info","message":"[Steering] ExistingFiles: /c:/Users/Admin/Downloads/Kiro_AWS_Nonsense/Kiro_AWS_Nonsense/app.py, /c:/Users/Admin/Downloads/Kiro_AWS_Nonsense/Kiro_AWS_Nonsense/templates/index.html, /c:/Users/Admin/Downloads/Kiro_AWS_Nonsense/Kiro_AWS_Nonsense/static/app.js, /c:/Users/Admin/Downloads/Kiro_AWS_Nonsense/Kiro_AWS_Nonsense/static/style.css, /c:/Users/Admin/Downloads/Kiro_AWS_Nonsense/Kiro_AWS_Nonsense/config.py, /c:/Users/Admin/Downloads/Kiro_AWS_Nonsense/Kiro_AWS_Nonsense/analysis.py in 2ca6d61a-8dd9-40d2-bcb9-722b2bf524ae","conversationId":"sess_d14fddcc-6e67-44bf-9e29-c42e4bd22125","turnId":"2ca6d61a-8dd9-40d2-bcb9-722b2bf524ae","rootTurnId":"2ca6d61a-8dd9-40d2-bcb9-722b2bf524ae"}
{"timestamp":"2026-07-03T13:57:54.699Z","level":"info","message":"[SessionPersistence] Appended 2 message(s) to session sess_d14fddcc-6e67-44bf-9e29-c42e4bd22125","conversationId":"sess_d14fddcc-6e67-44bf-9e29-c42e4bd22125","turnId":"2ca6d61a-8dd9-40d2-bcb9-722b2bf524ae","rootTurnId":"2ca6d61a-8dd9-40d2-bcb9-722b2bf524ae"}
{"timestamp":"2026-07-03T13:57:54.726Z","level":"info","message":"[q-developer-converse] Sending GenerateAssistantResponse modelId=auto agentMode=vibe origin=AI_EDITOR streaming=true conversationId=sess_d14fddcc-6e67-44bf-9e29-c42e4bd22125","conversationId":"sess_d14fddcc-6e67-44bf-9e29-c42e4bd22125","turnId":"2ca6d61a-8dd9-40d2-bcb9-722b2bf524ae","rootTurnId":"2ca6d61a-8dd9-40d2-bcb9-722b2bf524ae"}
{"timestamp":"2026-07-03T13:57:54.859Z","level":"info","message":"[q-developer-converse] Request payload: 10680649 chars, 34 history messages, conversationId=sess_d14fddcc-6e67-44bf-9e29-c42e4bd22125","conversationId":"sess_d14fddcc-6e67-44bf-9e29-c42e4bd22125","turnId":"2ca6d61a-8dd9-40d2-bcb9-722b2bf524ae","rootTurnId":"2ca6d61a-8dd9-40d2-bcb9-722b2bf524ae"}
{"timestamp":"2026-07-03T13:58:06.878Z","level":"info","message":"[AgentIterator] Synchronizing results","conversationId":"sess_d14fddcc-6e67-44bf-9e29-c42e4bd22125","turnId":"2ca6d61a-8dd9-40d2-bcb9-722b2bf524ae","rootTurnId":"2ca6d61a-8dd9-40d2-bcb9-722b2bf524ae"}
{"timestamp":"2026-07-03T13:58:06.878Z","level":"info","message":"[AgentIterator] Processing intent detection result","conversationId":"sess_d14fddcc-6e67-44bf-9e29-c42e4bd22125","turnId":"2ca6d61a-8dd9-40d2-bcb9-722b2bf524ae","rootTurnId":"2ca6d61a-8dd9-40d2-bcb9-722b2bf524ae"}
{"timestamp":"2026-07-03T13:58:06.879Z","level":"info","message":"[ChatAgent] Processing model response stream","conversationId":"sess_d14fddcc-6e67-44bf-9e29-c42e4bd22125","turnId":"2ca6d61a-8dd9-40d2-bcb9-722b2bf524ae","rootTurnId":"2ca6d61a-8dd9-40d2-bcb9-722b2bf524ae"}
{"timestamp":"2026-07-03T13:58:06.879Z","level":"info","message":"[Steering] Populating steering for execution 2ca6d61a-8dd9-40d2-bcb9-722b2bf524ae","conversationId":"sess_d14fddcc-6e67-44bf-9e29-c42e4bd22125","turnId":"2ca6d61a-8dd9-40d2-bcb9-722b2bf524ae","rootTurnId":"2ca6d61a-8dd9-40d2-bcb9-722b2bf524ae"}
{"timestamp":"2026-07-03T13:58:06.879Z","level":"info","message":"[Steering] ExistingFiles: /c:/Users/Admin/Downloads/Kiro_AWS_Nonsense/Kiro_AWS_Nonsense/app.py, /c:/Users/Admin/Downloads/Kiro_AWS_Nonsense/Kiro_AWS_Nonsense/templates/index.html, /c:/Users/Admin/Downloads/Kiro_AWS_Nonsense/Kiro_AWS_Nonsense/static/app.js, /c:/Users/Admin/Downloads/Kiro_AWS_Nonsense/Kiro_AWS_Nonsense/static/style.css, /c:/Users/Admin/Downloads/Kiro_AWS_Nonsense/Kiro_AWS_Nonsense/config.py, /c:/Users/Admin/Downloads/Kiro_AWS_Nonsense/Kiro_AWS_Nonsense/analysis.py in 2ca6d61a-8dd9-40d2-bcb9-722b2bf524ae","conversationId":"sess_d14fddcc-6e67-44bf-9e29-c42e4bd22125","turnId":"2ca6d61a-8dd9-40d2-bcb9-722b2bf524ae","rootTurnId":"2ca6d61a-8dd9-40d2-bcb9-722b2bf524ae"}
{"timestamp":"2026-07-03T13:58:07.520Z","level":"warn","message":"[ACPEventAdapter] Action type \"append\" has no dedicated handler and is being routed as a tool call. If this is a new non-tool action, add it to DispatchedActionType.","conversationId":"sess_d14fddcc-6e67-44bf-9e29-c42e4bd22125","turnId":"2ca6d61a-8dd9-40d2-bcb9-722b2bf524ae","rootTurnId":"2ca6d61a-8dd9-40d2-bcb9-722b2bf524ae"}
{"timestamp":"2026-07-03T13:58:15.430Z","level":"warn","message":"[PersistenceClassification] Unknown action type \"fs_append\" — defaulting to \"tool\". Add it to KnownActionType in persistence-classification.ts.","conversationId":"sess_d14fddcc-6e67-44bf-9e29-c42e4bd22125","turnId":"2ca6d61a-8dd9-40d2-bcb9-722b2bf524ae","rootTurnId":"2ca6d61a-8dd9-40d2-bcb9-722b2bf524ae"}
{"timestamp":"2026-07-03T13:58:15.430Z","level":"warn","message":"[ACPEventAdapter] Action type \"fs_append\" has no dedicated handler and is being routed as a tool call. If this is a new non-tool action, add it to DispatchedActionType.","conversationId":"sess_d14fddcc-6e67-44bf-9e29-c42e4bd22125","turnId":"2ca6d61a-8dd9-40d2-bcb9-722b2bf524ae","rootTurnId":"2ca6d61a-8dd9-40d2-bcb9-722b2bf524ae"}
{"timestamp":"2026-07-03T13:58:15.432Z","level":"info","message":"acp.policy-eval.complete {\"toolId\":\"fs_append\",\"effect\":\"allow\",\"capability\":\"fs_write\"}","conversationId":"sess_d14fddcc-6e67-44bf-9e29-c42e4bd22125","turnId":"2ca6d61a-8dd9-40d2-bcb9-722b2bf524ae","rootTurnId":"2ca6d61a-8dd9-40d2-bcb9-722b2bf524ae"}
{"timestamp":"2026-07-03T13:58:15.436Z","level":"info","message":"[SessionPersistence] Appended 1 message(s) to session sess_d14fddcc-6e67-44bf-9e29-c42e4bd22125","conversationId":"sess_d14fddcc-6e67-44bf-9e29-c42e4bd22125","turnId":"2ca6d61a-8dd9-40d2-bcb9-722b2bf524ae","rootTurnId":"2ca6d61a-8dd9-40d2-bcb9-722b2bf524ae"}
{"timestamp":"2026-07-03T13:58:15.441Z","level":"info","message":"[SessionPersistence] Snapshot deduplicated for static/app.js in session sess_d14fddcc-6e67-44bf-9e29-c42e4bd22125 (reused 5f27347b)","conversationId":"sess_d14fddcc-6e67-44bf-9e29-c42e4bd22125","turnId":"2ca6d61a-8dd9-40d2-bcb9-722b2bf524ae","rootTurnId":"2ca6d61a-8dd9-40d2-bcb9-722b2bf524ae"}
{"timestamp":"2026-07-03T13:58:15.476Z","level":"info","message":"[SessionPersistence] Created snapshot 099c91b9 for static/app.js in session sess_d14fddcc-6e67-44bf-9e29-c42e4bd22125 (3693 bytes)","conversationId":"sess_d14fddcc-6e67-44bf-9e29-c42e4bd22125","turnId":"2ca6d61a-8dd9-40d2-bcb9-722b2bf524ae","rootTurnId":"2ca6d61a-8dd9-40d2-bcb9-722b2bf524ae"}
{"timestamp":"2026-07-03T13:58:15.486Z","level":"info","message":"[AgentIterator] Parallel invoking agent","conversationId":"sess_d14fddcc-6e67-44bf-9e29-c42e4bd22125","turnId":"2ca6d61a-8dd9-40d2-bcb9-722b2bf524ae","rootTurnId":"2ca6d61a-8dd9-40d2-bcb9-722b2bf524ae"}
{"timestamp":"2026-07-03T13:58:15.486Z","level":"info","message":"[Steering] Populating steering for execution 2ca6d61a-8dd9-40d2-bcb9-722b2bf524ae","conversationId":"sess_d14fddcc-6e67-44bf-9e29-c42e4bd22125","turnId":"2ca6d61a-8dd9-40d2-bcb9-722b2bf524ae","rootTurnId":"2ca6d61a-8dd9-40d2-bcb9-722b2bf524ae"}
{"timestamp":"2026-07-03T13:58:15.486Z","level":"info","message":"[Steering] ExistingFiles: /c:/Users/Admin/Downloads/Kiro_AWS_Nonsense/Kiro_AWS_Nonsense/app.py, /c:/Users/Admin/Downloads/Kiro_AWS_Nonsense/Kiro_AWS_Nonsense/templates/index.html, /c:/Users/Admin/Downloads/Kiro_AWS_Nonsense/Kiro_AWS_Nonsense/static/app.js, /c:/Users/Admin/Downloads/Kiro_AWS_Nonsense/Kiro_AWS_Nonsense/static/style.css, /c:/Users/Admin/Downloads/Kiro_AWS_Nonsense/Kiro_AWS_Nonsense/config.py, /c:/Users/Admin/Downloads/Kiro_AWS_Nonsense/Kiro_AWS_Nonsense/analysis.py in 2ca6d61a-8dd9-40d2-bcb9-722b2bf524ae","conversationId":"sess_d14fddcc-6e67-44bf-9e29-c42e4bd22125","turnId":"2ca6d61a-8dd9-40d2-bcb9-722b2bf524ae","rootTurnId":"2ca6d61a-8dd9-40d2-bcb9-722b2bf524ae"}
{"timestamp":"2026-07-03T13:58:15.486Z","level":"info","message":"[SessionPersistence] Appended 2 message(s) to session sess_d14fddcc-6e67-44bf-9e29-c42e4bd22125","conversationId":"sess_d14fddcc-6e67-44bf-9e29-c42e4bd22125","turnId":"2ca6d61a-8dd9-40d2-bcb9-722b2bf524ae","rootTurnId":"2ca6d61a-8dd9-40d2-bcb9-722b2bf524ae"}
{"timestamp":"2026-07-03T13:58:15.514Z","level":"info","message":"[q-developer-converse] Sending GenerateAssistantResponse modelId=auto agentMode=vibe origin=AI_EDITOR streaming=true conversationId=sess_d14fddcc-6e67-44bf-9e29-c42e4bd22125","conversationId":"sess_d14fddcc-6e67-44bf-9e29-c42e4bd22125","turnId":"2ca6d61a-8dd9-40d2-bcb9-722b2bf524ae","rootTurnId":"2ca6d61a-8dd9-40d2-bcb9-722b2bf524ae"}
{"timestamp":"2026-07-03T13:58:15.592Z","level":"info","message":"[q-developer-converse] Request payload: 10683836 chars, 36 history messages, conversationId=sess_d14fddcc-6e67-44bf-9e29-c42e4bd22125","conversationId":"sess_d14fddcc-6e67-44bf-9e29-c42e4bd22125","turnId":"2ca6d61a-8dd9-40d2-bcb9-722b2bf524ae","rootTurnId":"2ca6d61a-8dd9-40d2-bcb9-722b2bf524ae"}
{"timestamp":"2026-07-03T13:58:21.520Z","level":"info","message":"[ACPModelConfigProvider] Loaded 15 models"}
{"timestamp":"2026-07-03T13:58:22.457Z","level":"info","message":"[AgentIterator] Synchronizing results","conversationId":"sess_d14fddcc-6e67-44bf-9e29-c42e4bd22125","turnId":"2ca6d61a-8dd9-40d2-bcb9-722b2bf524ae","rootTurnId":"2ca6d61a-8dd9-40d2-bcb9-722b2bf524ae"}
{"timestamp":"2026-07-03T13:58:22.457Z","level":"info","message":"[AgentIterator] Processing intent detection result","conversationId":"sess_d14fddcc-6e67-44bf-9e29-c42e4bd22125","turnId":"2ca6d61a-8dd9-40d2-bcb9-722b2bf524ae","rootTurnId":"2ca6d61a-8dd9-40d2-bcb9-722b2bf524ae"}
{"timestamp":"2026-07-03T13:58:22.458Z","level":"info","message":"[ChatAgent] Processing model response stream","conversationId":"sess_d14fddcc-6e67-44bf-9e29-c42e4bd22125","turnId":"2ca6d61a-8dd9-40d2-bcb9-722b2bf524ae","rootTurnId":"2ca6d61a-8dd9-40d2-bcb9-722b2bf524ae"}
{"timestamp":"2026-07-03T13:58:22.458Z","level":"info","message":"[Steering] Populating steering for execution 2ca6d61a-8dd9-40d2-bcb9-722b2bf524ae","conversationId":"sess_d14fddcc-6e67-44bf-9e29-c42e4bd22125","turnId":"2ca6d61a-8dd9-40d2-bcb9-722b2bf524ae","rootTurnId":"2ca6d61a-8dd9-40d2-bcb9-722b2bf524ae"}
{"timestamp":"2026-07-03T13:58:22.458Z","level":"info","message":"[Steering] ExistingFiles: /c:/Users/Admin/Downloads/Kiro_AWS_Nonsense/Kiro_AWS_Nonsense/app.py, /c:/Users/Admin/Downloads/Kiro_AWS_Nonsense/Kiro_AWS_Nonsense/templates/index.html, /c:/Users/Admin/Downloads/Kiro_AWS_Nonsense/Kiro_AWS_Nonsense/static/app.js, /c:/Users/Admin/Downloads/Kiro_AWS_Nonsense/Kiro_AWS_Nonsense/static/style.css, /c:/Users/Admin/Downloads/Kiro_AWS_Nonsense/Kiro_AWS_Nonsense/config.py, /c:/Users/Admin/Downloads/Kiro_AWS_Nonsense/Kiro_AWS_Nonsense/analysis.py in 2ca6d61a-8dd9-40d2-bcb9-722b2bf524ae","conversationId":"sess_d14fddcc-6e67-44bf-9e29-c42e4bd22125","turnId":"2ca6d61a-8dd9-40d2-bcb9-722b2bf524ae","rootTurnId":"2ca6d61a-8dd9-40d2-bcb9-722b2bf524ae"}
{"timestamp":"2026-07-03T13:58:29.415Z","level":"info","message":"acp.policy-eval.complete {\"toolId\":\"fs_append\",\"effect\":\"allow\",\"capability\":\"fs_write\"}","conversationId":"sess_d14fddcc-6e67-44bf-9e29-c42e4bd22125","turnId":"2ca6d61a-8dd9-40d2-bcb9-722b2bf524ae","rootTurnId":"2ca6d61a-8dd9-40d2-bcb9-722b2bf524ae"}
{"timestamp":"2026-07-03T13:58:29.421Z","level":"info","message":"[SessionPersistence] Appended 1 message(s) to session sess_d14fddcc-6e67-44bf-9e29-c42e4bd22125","conversationId":"sess_d14fddcc-6e67-44bf-9e29-c42e4bd22125","turnId":"2ca6d61a-8dd9-40d2-bcb9-722b2bf524ae","rootTurnId":"2ca6d61a-8dd9-40d2-bcb9-722b2bf524ae"}
{"timestamp":"2026-07-03T13:58:29.424Z","level":"info","message":"[SessionPersistence] Snapshot deduplicated for static/app.js in session sess_d14fddcc-6e67-44bf-9e29-c42e4bd22125 (reused 099c91b9)","conversationId":"sess_d14fddcc-6e67-44bf-9e29-c42e4bd22125","turnId":"2ca6d61a-8dd9-40d2-bcb9-722b2bf524ae","rootTurnId":"2ca6d61a-8dd9-40d2-bcb9-722b2bf524ae"}
{"timestamp":"2026-07-03T13:58:29.459Z","level":"info","message":"[SessionPersistence] Created snapshot b6d22250 for static/app.js in session sess_d14fddcc-6e67-44bf-9e29-c42e4bd22125 (5970 bytes)","conversationId":"sess_d14fddcc-6e67-44bf-9e29-c42e4bd22125","turnId":"2ca6d61a-8dd9-40d2-bcb9-722b2bf524ae","rootTurnId":"2ca6d61a-8dd9-40d2-bcb9-722b2bf524ae"}
{"timestamp":"2026-07-03T13:58:29.462Z","level":"info","message":"[SessionPersistence] Appended 2 message(s) to session sess_d14fddcc-6e67-44bf-9e29-c42e4bd22125","conversationId":"sess_d14fddcc-6e67-44bf-9e29-c42e4bd22125","turnId":"2ca6d61a-8dd9-40d2-bcb9-722b2bf524ae","rootTurnId":"2ca6d61a-8dd9-40d2-bcb9-722b2bf524ae"}
{"timestamp":"2026-07-03T13:58:29.467Z","level":"info","message":"[AgentIterator] Parallel invoking agent","conversationId":"sess_d14fddcc-6e67-44bf-9e29-c42e4bd22125","turnId":"2ca6d61a-8dd9-40d2-bcb9-722b2bf524ae","rootTurnId":"2ca6d61a-8dd9-40d2-bcb9-722b2bf524ae"}
{"timestamp":"2026-07-03T13:58:29.467Z","level":"info","message":"[Steering] Populating steering for execution 2ca6d61a-8dd9-40d2-bcb9-722b2bf524ae","conversationId":"sess_d14fddcc-6e67-44bf-9e29-c42e4bd22125","turnId":"2ca6d61a-8dd9-40d2-bcb9-722b2bf524ae","rootTurnId":"2ca6d61a-8dd9-40d2-bcb9-722b2bf524ae"}
{"timestamp":"2026-07-03T13:58:29.467Z","level":"info","message":"[Steering] ExistingFiles: /c:/Users/Admin/Downloads/Kiro_AWS_Nonsense/Kiro_AWS_Nonsense/app.py, /c:/Users/Admin/Downloads/Kiro_AWS_Nonsense/Kiro_AWS_Nonsense/templates/index.html, /c:/Users/Admin/Downloads/Kiro_AWS_Nonsense/Kiro_AWS_Nonsense/static/app.js, /c:/Users/Admin/Downloads/Kiro_AWS_Nonsense/Kiro_AWS_Nonsense/static/style.css, /c:/Users/Admin/Downloads/Kiro_AWS_Nonsense/Kiro_AWS_Nonsense/config.py, /c:/Users/Admin/Downloads/Kiro_AWS_Nonsense/Kiro_AWS_Nonsense/analysis.py in 2ca6d61a-8dd9-40d2-bcb9-722b2bf524ae","conversationId":"sess_d14fddcc-6e67-44bf-9e29-c42e4bd22125","turnId":"2ca6d61a-8dd9-40d2-bcb9-722b2bf524ae","rootTurnId":"2ca6d61a-8dd9-40d2-bcb9-722b2bf524ae"}
{"timestamp":"2026-07-03T13:58:29.492Z","level":"info","message":"[q-developer-converse] Sending GenerateAssistantResponse modelId=auto agentMode=vibe origin=AI_EDITOR streaming=true conversationId=sess_d14fddcc-6e67-44bf-9e29-c42e4bd22125","conversationId":"sess_d14fddcc-6e67-44bf-9e29-c42e4bd22125","turnId":"2ca6d61a-8dd9-40d2-bcb9-722b2bf524ae","rootTurnId":"2ca6d61a-8dd9-40d2-bcb9-722b2bf524ae"}
{"timestamp":"2026-07-03T13:58:29.556Z","level":"info","message":"[q-developer-converse] Request payload: 10686695 chars, 38 history messages, conversationId=sess_d14fddcc-6e67-44bf-9e29-c42e4bd22125","conversationId":"sess_d14fddcc-6e67-44bf-9e29-c42e4bd22125","turnId":"2ca6d61a-8dd9-40d2-bcb9-722b2bf524ae","rootTurnId":"2ca6d61a-8dd9-40d2-bcb9-722b2bf524ae"}
{"timestamp":"2026-07-03T13:58:37.676Z","level":"info","message":"[AgentIterator] Synchronizing results","conversationId":"sess_d14fddcc-6e67-44bf-9e29-c42e4bd22125","turnId":"2ca6d61a-8dd9-40d2-bcb9-722b2bf524ae","rootTurnId":"2ca6d61a-8dd9-40d2-bcb9-722b2bf524ae"}
{"timestamp":"2026-07-03T13:58:37.676Z","level":"info","message":"[AgentIterator] Processing intent detection result","conversationId":"sess_d14fddcc-6e67-44bf-9e29-c42e4bd22125","turnId":"2ca6d61a-8dd9-40d2-bcb9-722b2bf524ae","rootTurnId":"2ca6d61a-8dd9-40d2-bcb9-722b2bf524ae"}
{"timestamp":"2026-07-03T13:58:37.677Z","level":"info","message":"[ChatAgent] Processing model response stream","conversationId":"sess_d14fddcc-6e67-44bf-9e29-c42e4bd22125","turnId":"2ca6d61a-8dd9-40d2-bcb9-722b2bf524ae","rootTurnId":"2ca6d61a-8dd9-40d2-bcb9-722b2bf524ae"}
{"timestamp":"2026-07-03T13:58:37.677Z","level":"info","message":"[Steering] Populating steering for execution 2ca6d61a-8dd9-40d2-bcb9-722b2bf524ae","conversationId":"sess_d14fddcc-6e67-44bf-9e29-c42e4bd22125","turnId":"2ca6d61a-8dd9-40d2-bcb9-722b2bf524ae","rootTurnId":"2ca6d61a-8dd9-40d2-bcb9-722b2bf524ae"}
{"timestamp":"2026-07-03T13:58:37.677Z","level":"info","message":"[Steering] ExistingFiles: /c:/Users/Admin/Downloads/Kiro_AWS_Nonsense/Kiro_AWS_Nonsense/app.py, /c:/Users/Admin/Downloads/Kiro_AWS_Nonsense/Kiro_AWS_Nonsense/templates/index.html, /c:/Users/Admin/Downloads/Kiro_AWS_Nonsense/Kiro_AWS_Nonsense/static/app.js, /c:/Users/Admin/Downloads/Kiro_AWS_Nonsense/Kiro_AWS_Nonsense/static/style.css, /c:/Users/Admin/Downloads/Kiro_AWS_Nonsense/Kiro_AWS_Nonsense/config.py, /c:/Users/Admin/Downloads/Kiro_AWS_Nonsense/Kiro_AWS_Nonsense/analysis.py in 2ca6d61a-8dd9-40d2-bcb9-722b2bf524ae","conversationId":"sess_d14fddcc-6e67-44bf-9e29-c42e4bd22125","turnId":"2ca6d61a-8dd9-40d2-bcb9-722b2bf524ae","rootTurnId":"2ca6d61a-8dd9-40d2-bcb9-722b2bf524ae"}
{"timestamp":"2026-07-03T13:58:51.186Z","level":"info","message":"acp.policy-eval.complete {\"toolId\":\"fs_append\",\"effect\":\"allow\",\"capability\":\"fs_write\"}","conversationId":"sess_d14fddcc-6e67-44bf-9e29-c42e4bd22125","turnId":"2ca6d61a-8dd9-40d2-bcb9-722b2bf524ae","rootTurnId":"2ca6d61a-8dd9-40d2-bcb9-722b2bf524ae"}
{"timestamp":"2026-07-03T13:58:51.192Z","level":"info","message":"[SessionPersistence] Appended 1 message(s) to session sess_d14fddcc-6e67-44bf-9e29-c42e4bd22125","conversationId":"sess_d14fddcc-6e67-44bf-9e29-c42e4bd22125","turnId":"2ca6d61a-8dd9-40d2-bcb9-722b2bf524ae","rootTurnId":"2ca6d61a-8dd9-40d2-bcb9-722b2bf524ae"}
{"timestamp":"2026-07-03T13:58:51.198Z","level":"info","message":"[SessionPersistence] Snapshot deduplicated for static/app.js in session sess_d14fddcc-6e67-44bf-9e29-c42e4bd22125 (reused b6d22250)","conversationId":"sess_d14fddcc-6e67-44bf-9e29-c42e4bd22125","turnId":"2ca6d61a-8dd9-40d2-bcb9-722b2bf524ae","rootTurnId":"2ca6d61a-8dd9-40d2-bcb9-722b2bf524ae"}
{"timestamp":"2026-07-03T13:58:51.249Z","level":"info","message":"[SessionPersistence] Created snapshot e0a0b432 for static/app.js in session sess_d14fddcc-6e67-44bf-9e29-c42e4bd22125 (9019 bytes)","conversationId":"sess_d14fddcc-6e67-44bf-9e29-c42e4bd22125","turnId":"2ca6d61a-8dd9-40d2-bcb9-722b2bf524ae","rootTurnId":"2ca6d61a-8dd9-40d2-bcb9-722b2bf524ae"}
{"timestamp":"2026-07-03T13:58:51.257Z","level":"info","message":"[AgentIterator] Parallel invoking agent","conversationId":"sess_d14fddcc-6e67-44bf-9e29-c42e4bd22125","turnId":"2ca6d61a-8dd9-40d2-bcb9-722b2bf524ae","rootTurnId":"2ca6d61a-8dd9-40d2-bcb9-722b2bf524ae"}
{"timestamp":"2026-07-03T13:58:51.257Z","level":"info","message":"[Steering] Populating steering for execution 2ca6d61a-8dd9-40d2-bcb9-722b2bf524ae","conversationId":"sess_d14fddcc-6e67-44bf-9e29-c42e4bd22125","turnId":"2ca6d61a-8dd9-40d2-bcb9-722b2bf524ae","rootTurnId":"2ca6d61a-8dd9-40d2-bcb9-722b2bf524ae"}
{"timestamp":"2026-07-03T13:58:51.257Z","level":"info","message":"[Steering] ExistingFiles: /c:/Users/Admin/Downloads/Kiro_AWS_Nonsense/Kiro_AWS_Nonsense/app.py, /c:/Users/Admin/Downloads/Kiro_AWS_Nonsense/Kiro_AWS_Nonsense/templates/index.html, /c:/Users/Admin/Downloads/Kiro_AWS_Nonsense/Kiro_AWS_Nonsense/static/app.js, /c:/Users/Admin/Downloads/Kiro_AWS_Nonsense/Kiro_AWS_Nonsense/static/style.css, /c:/Users/Admin/Downloads/Kiro_AWS_Nonsense/Kiro_AWS_Nonsense/config.py, /c:/Users/Admin/Downloads/Kiro_AWS_Nonsense/Kiro_AWS_Nonsense/analysis.py in 2ca6d61a-8dd9-40d2-bcb9-722b2bf524ae","conversationId":"sess_d14fddcc-6e67-44bf-9e29-c42e4bd22125","turnId":"2ca6d61a-8dd9-40d2-bcb9-722b2bf524ae","rootTurnId":"2ca6d61a-8dd9-40d2-bcb9-722b2bf524ae"}
{"timestamp":"2026-07-03T13:58:51.257Z","level":"info","message":"[SessionPersistence] Appended 2 message(s) to session sess_d14fddcc-6e67-44bf-9e29-c42e4bd22125","conversationId":"sess_d14fddcc-6e67-44bf-9e29-c42e4bd22125","turnId":"2ca6d61a-8dd9-40d2-bcb9-722b2bf524ae","rootTurnId":"2ca6d61a-8dd9-40d2-bcb9-722b2bf524ae"}
{"timestamp":"2026-07-03T13:58:51.289Z","level":"info","message":"[q-developer-converse] Sending GenerateAssistantResponse modelId=auto agentMode=vibe origin=AI_EDITOR streaming=true conversationId=sess_d14fddcc-6e67-44bf-9e29-c42e4bd22125","conversationId":"sess_d14fddcc-6e67-44bf-9e29-c42e4bd22125","turnId":"2ca6d61a-8dd9-40d2-bcb9-722b2bf524ae","rootTurnId":"2ca6d61a-8dd9-40d2-bcb9-722b2bf524ae"}
{"timestamp":"2026-07-03T13:58:51.370Z","level":"info","message":"[q-developer-converse] Request payload: 10690310 chars, 40 history messages, conversationId=sess_d14fddcc-6e67-44bf-9e29-c42e4bd22125","conversationId":"sess_d14fddcc-6e67-44bf-9e29-c42e4bd22125","turnId":"2ca6d61a-8dd9-40d2-bcb9-722b2bf524ae","rootTurnId":"2ca6d61a-8dd9-40d2-bcb9-722b2bf524ae"}
{"timestamp":"2026-07-03T13:58:59.412Z","level":"info","message":"[AgentIterator] Synchronizing results","conversationId":"sess_d14fddcc-6e67-44bf-9e29-c42e4bd22125","turnId":"2ca6d61a-8dd9-40d2-bcb9-722b2bf524ae","rootTurnId":"2ca6d61a-8dd9-40d2-bcb9-722b2bf524ae"}
{"timestamp":"2026-07-03T13:58:59.412Z","level":"info","message":"[AgentIterator] Processing intent detection result","conversationId":"sess_d14fddcc-6e67-44bf-9e29-c42e4bd22125","turnId":"2ca6d61a-8dd9-40d2-bcb9-722b2bf524ae","rootTurnId":"2ca6d61a-8dd9-40d2-bcb9-722b2bf524ae"}
{"timestamp":"2026-07-03T13:58:59.413Z","level":"info","message":"[ChatAgent] Processing model response stream","conversationId":"sess_d14fddcc-6e67-44bf-9e29-c42e4bd22125","turnId":"2ca6d61a-8dd9-40d2-bcb9-722b2bf524ae","rootTurnId":"2ca6d61a-8dd9-40d2-bcb9-722b2bf524ae"}
{"timestamp":"2026-07-03T13:58:59.413Z","level":"info","message":"[Steering] Populating steering for execution 2ca6d61a-8dd9-40d2-bcb9-722b2bf524ae","conversationId":"sess_d14fddcc-6e67-44bf-9e29-c42e4bd22125","turnId":"2ca6d61a-8dd9-40d2-bcb9-722b2bf524ae","rootTurnId":"2ca6d61a-8dd9-40d2-bcb9-722b2bf524ae"}
{"timestamp":"2026-07-03T13:58:59.413Z","level":"info","message":"[Steering] ExistingFiles: /c:/Users/Admin/Downloads/Kiro_AWS_Nonsense/Kiro_AWS_Nonsense/app.py, /c:/Users/Admin/Downloads/Kiro_AWS_Nonsense/Kiro_AWS_Nonsense/templates/index.html, /c:/Users/Admin/Downloads/Kiro_AWS_Nonsense/Kiro_AWS_Nonsense/static/app.js, /c:/Users/Admin/Downloads/Kiro_AWS_Nonsense/Kiro_AWS_Nonsense/static/style.css, /c:/Users/Admin/Downloads/Kiro_AWS_Nonsense/Kiro_AWS_Nonsense/config.py, /c:/Users/Admin/Downloads/Kiro_AWS_Nonsense/Kiro_AWS_Nonsense/analysis.py in 2ca6d61a-8dd9-40d2-bcb9-722b2bf524ae","conversationId":"sess_d14fddcc-6e67-44bf-9e29-c42e4bd22125","turnId":"2ca6d61a-8dd9-40d2-bcb9-722b2bf524ae","rootTurnId":"2ca6d61a-8dd9-40d2-bcb9-722b2bf524ae"}
{"timestamp":"2026-07-03T13:59:08.055Z","level":"info","message":"acp.policy-eval.complete {\"toolId\":\"fs_append\",\"effect\":\"allow\",\"capability\":\"fs_write\"}","conversationId":"sess_d14fddcc-6e67-44bf-9e29-c42e4bd22125","turnId":"2ca6d61a-8dd9-40d2-bcb9-722b2bf524ae","rootTurnId":"2ca6d61a-8dd9-40d2-bcb9-722b2bf524ae"}
{"timestamp":"2026-07-03T13:59:08.060Z","level":"info","message":"[SessionPersistence] Appended 1 message(s) to session sess_d14fddcc-6e67-44bf-9e29-c42e4bd22125","conversationId":"sess_d14fddcc-6e67-44bf-9e29-c42e4bd22125","turnId":"2ca6d61a-8dd9-40d2-bcb9-722b2bf524ae","rootTurnId":"2ca6d61a-8dd9-40d2-bcb9-722b2bf524ae"}
{"timestamp":"2026-07-03T13:59:08.067Z","level":"info","message":"[SessionPersistence] Snapshot deduplicated for static/app.js in session sess_d14fddcc-6e67-44bf-9e29-c42e4bd22125 (reused e0a0b432)","conversationId":"sess_d14fddcc-6e67-44bf-9e29-c42e4bd22125","turnId":"2ca6d61a-8dd9-40d2-bcb9-722b2bf524ae","rootTurnId":"2ca6d61a-8dd9-40d2-bcb9-722b2bf524ae"}
{"timestamp":"2026-07-03T13:59:08.111Z","level":"info","message":"[SessionPersistence] Created snapshot dcc31863 for static/app.js in session sess_d14fddcc-6e67-44bf-9e29-c42e4bd22125 (11574 bytes)","conversationId":"sess_d14fddcc-6e67-44bf-9e29-c42e4bd22125","turnId":"2ca6d61a-8dd9-40d2-bcb9-722b2bf524ae","rootTurnId":"2ca6d61a-8dd9-40d2-bcb9-722b2bf524ae"}
{"timestamp":"2026-07-03T13:59:08.119Z","level":"info","message":"[AgentIterator] Parallel invoking agent","conversationId":"sess_d14fddcc-6e67-44bf-9e29-c42e4bd22125","turnId":"2ca6d61a-8dd9-40d2-bcb9-722b2bf524ae","rootTurnId":"2ca6d61a-8dd9-40d2-bcb9-722b2bf524ae"}
{"timestamp":"2026-07-03T13:59:08.120Z","level":"info","message":"[Steering] Populating steering for execution 2ca6d61a-8dd9-40d2-bcb9-722b2bf524ae","conversationId":"sess_d14fddcc-6e67-44bf-9e29-c42e4bd22125","turnId":"2ca6d61a-8dd9-40d2-bcb9-722b2bf524ae","rootTurnId":"2ca6d61a-8dd9-40d2-bcb9-722b2bf524ae"}
{"timestamp":"2026-07-03T13:59:08.120Z","level":"info","message":"[Steering] ExistingFiles: /c:/Users/Admin/Downloads/Kiro_AWS_Nonsense/Kiro_AWS_Nonsense/app.py, /c:/Users/Admin/Downloads/Kiro_AWS_Nonsense/Kiro_AWS_Nonsense/templates/index.html, /c:/Users/Admin/Downloads/Kiro_AWS_Nonsense/Kiro_AWS_Nonsense/static/app.js, /c:/Users/Admin/Downloads/Kiro_AWS_Nonsense/Kiro_AWS_Nonsense/static/style.css, /c:/Users/Admin/Downloads/Kiro_AWS_Nonsense/Kiro_AWS_Nonsense/config.py, /c:/Users/Admin/Downloads/Kiro_AWS_Nonsense/Kiro_AWS_Nonsense/analysis.py in 2ca6d61a-8dd9-40d2-bcb9-722b2bf524ae","conversationId":"sess_d14fddcc-6e67-44bf-9e29-c42e4bd22125","turnId":"2ca6d61a-8dd9-40d2-bcb9-722b2bf524ae","rootTurnId":"2ca6d61a-8dd9-40d2-bcb9-722b2bf524ae"}
{"timestamp":"2026-07-03T13:59:08.120Z","level":"info","message":"[SessionPersistence] Appended 2 message(s) to session sess_d14fddcc-6e67-44bf-9e29-c42e4bd22125","conversationId":"sess_d14fddcc-6e67-44bf-9e29-c42e4bd22125","turnId":"2ca6d61a-8dd9-40d2-bcb9-722b2bf524ae","rootTurnId":"2ca6d61a-8dd9-40d2-bcb9-722b2bf524ae"}
{"timestamp":"2026-07-03T13:59:08.149Z","level":"info","message":"[q-developer-converse] Sending GenerateAssistantResponse modelId=auto agentMode=vibe origin=AI_EDITOR streaming=true conversationId=sess_d14fddcc-6e67-44bf-9e29-c42e4bd22125","conversationId":"sess_d14fddcc-6e67-44bf-9e29-c42e4bd22125","turnId":"2ca6d61a-8dd9-40d2-bcb9-722b2bf524ae","rootTurnId":"2ca6d61a-8dd9-40d2-bcb9-722b2bf524ae"}
{"timestamp":"2026-07-03T13:59:08.233Z","level":"info","message":"[q-developer-converse] Request payload: 10693491 chars, 42 history messages, conversationId=sess_d14fddcc-6e67-44bf-9e29-c42e4bd22125","conversationId":"sess_d14fddcc-6e67-44bf-9e29-c42e4bd22125","turnId":"2ca6d61a-8dd9-40d2-bcb9-722b2bf524ae","rootTurnId":"2ca6d61a-8dd9-40d2-bcb9-722b2bf524ae"}
{"timestamp":"2026-07-03T13:59:16.062Z","level":"info","message":"[AgentIterator] Synchronizing results","conversationId":"sess_d14fddcc-6e67-44bf-9e29-c42e4bd22125","turnId":"2ca6d61a-8dd9-40d2-bcb9-722b2bf524ae","rootTurnId":"2ca6d61a-8dd9-40d2-bcb9-722b2bf524ae"}
{"timestamp":"2026-07-03T13:59:16.062Z","level":"info","message":"[AgentIterator] Processing intent detection result","conversationId":"sess_d14fddcc-6e67-44bf-9e29-c42e4bd22125","turnId":"2ca6d61a-8dd9-40d2-bcb9-722b2bf524ae","rootTurnId":"2ca6d61a-8dd9-40d2-bcb9-722b2bf524ae"}
{"timestamp":"2026-07-03T13:59:16.063Z","level":"info","message":"[ChatAgent] Processing model response stream","conversationId":"sess_d14fddcc-6e67-44bf-9e29-c42e4bd22125","turnId":"2ca6d61a-8dd9-40d2-bcb9-722b2bf524ae","rootTurnId":"2ca6d61a-8dd9-40d2-bcb9-722b2bf524ae"}
{"timestamp":"2026-07-03T13:59:16.063Z","level":"info","message":"[Steering] Populating steering for execution 2ca6d61a-8dd9-40d2-bcb9-722b2bf524ae","conversationId":"sess_d14fddcc-6e67-44bf-9e29-c42e4bd22125","turnId":"2ca6d61a-8dd9-40d2-bcb9-722b2bf524ae","rootTurnId":"2ca6d61a-8dd9-40d2-bcb9-722b2bf524ae"}
{"timestamp":"2026-07-03T13:59:16.063Z","level":"info","message":"[Steering] ExistingFiles: /c:/Users/Admin/Downloads/Kiro_AWS_Nonsense/Kiro_AWS_Nonsense/app.py, /c:/Users/Admin/Downloads/Kiro_AWS_Nonsense/Kiro_AWS_Nonsense/templates/index.html, /c:/Users/Admin/Downloads/Kiro_AWS_Nonsense/Kiro_AWS_Nonsense/static/app.js, /c:/Users/Admin/Downloads/Kiro_AWS_Nonsense/Kiro_AWS_Nonsense/static/style.css, /c:/Users/Admin/Downloads/Kiro_AWS_Nonsense/Kiro_AWS_Nonsense/config.py, /c:/Users/Admin/Downloads/Kiro_AWS_Nonsense/Kiro_AWS_Nonsense/analysis.py in 2ca6d61a-8dd9-40d2-bcb9-722b2bf524ae","conversationId":"sess_d14fddcc-6e67-44bf-9e29-c42e4bd22125","turnId":"2ca6d61a-8dd9-40d2-bcb9-722b2bf524ae","rootTurnId":"2ca6d61a-8dd9-40d2-bcb9-722b2bf524ae"}
{"timestamp":"2026-07-03T13:59:29.412Z","level":"info","message":"acp.policy-eval.complete {\"toolId\":\"fs_append\",\"effect\":\"allow\",\"capability\":\"fs_write\"}","conversationId":"sess_d14fddcc-6e67-44bf-9e29-c42e4bd22125","turnId":"2ca6d61a-8dd9-40d2-bcb9-722b2bf524ae","rootTurnId":"2ca6d61a-8dd9-40d2-bcb9-722b2bf524ae"}
{"timestamp":"2026-07-03T13:59:29.418Z","level":"info","message":"[SessionPersistence] Appended 1 message(s) to session sess_d14fddcc-6e67-44bf-9e29-c42e4bd22125","conversationId":"sess_d14fddcc-6e67-44bf-9e29-c42e4bd22125","turnId":"2ca6d61a-8dd9-40d2-bcb9-722b2bf524ae","rootTurnId":"2ca6d61a-8dd9-40d2-bcb9-722b2bf524ae"}
{"timestamp":"2026-07-03T13:59:29.426Z","level":"info","message":"[SessionPersistence] Snapshot deduplicated for static/app.js in session sess_d14fddcc-6e67-44bf-9e29-c42e4bd22125 (reused dcc31863)","conversationId":"sess_d14fddcc-6e67-44bf-9e29-c42e4bd22125","turnId":"2ca6d61a-8dd9-40d2-bcb9-722b2bf524ae","rootTurnId":"2ca6d61a-8dd9-40d2-bcb9-722b2bf524ae"}
{"timestamp":"2026-07-03T13:59:29.471Z","level":"info","message":"[SessionPersistence] Created snapshot 0a5837f4 for static/app.js in session sess_d14fddcc-6e67-44bf-9e29-c42e4bd22125 (15332 bytes)","conversationId":"sess_d14fddcc-6e67-44bf-9e29-c42e4bd22125","turnId":"2ca6d61a-8dd9-40d2-bcb9-722b2bf524ae","rootTurnId":"2ca6d61a-8dd9-40d2-bcb9-722b2bf524ae"}
{"timestamp":"2026-07-03T13:59:29.480Z","level":"info","message":"[AgentIterator] Parallel invoking agent","conversationId":"sess_d14fddcc-6e67-44bf-9e29-c42e4bd22125","turnId":"2ca6d61a-8dd9-40d2-bcb9-722b2bf524ae","rootTurnId":"2ca6d61a-8dd9-40d2-bcb9-722b2bf524ae"}
{"timestamp":"2026-07-03T13:59:29.480Z","level":"info","message":"[Steering] Populating steering for execution 2ca6d61a-8dd9-40d2-bcb9-722b2bf524ae","conversationId":"sess_d14fddcc-6e67-44bf-9e29-c42e4bd22125","turnId":"2ca6d61a-8dd9-40d2-bcb9-722b2bf524ae","rootTurnId":"2ca6d61a-8dd9-40d2-bcb9-722b2bf524ae"}
{"timestamp":"2026-07-03T13:59:29.480Z","level":"info","message":"[Steering] ExistingFiles: /c:/Users/Admin/Downloads/Kiro_AWS_Nonsense/Kiro_AWS_Nonsense/app.py, /c:/Users/Admin/Downloads/Kiro_AWS_Nonsense/Kiro_AWS_Nonsense/templates/index.html, /c:/Users/Admin/Downloads/Kiro_AWS_Nonsense/Kiro_AWS_Nonsense/static/app.js, /c:/Users/Admin/Downloads/Kiro_AWS_Nonsense/Kiro_AWS_Nonsense/static/style.css, /c:/Users/Admin/Downloads/Kiro_AWS_Nonsense/Kiro_AWS_Nonsense/config.py, /c:/Users/Admin/Downloads/Kiro_AWS_Nonsense/Kiro_AWS_Nonsense/analysis.py in 2ca6d61a-8dd9-40d2-bcb9-722b2bf524ae","conversationId":"sess_d14fddcc-6e67-44bf-9e29-c42e4bd22125","turnId":"2ca6d61a-8dd9-40d2-bcb9-722b2bf524ae","rootTurnId":"2ca6d61a-8dd9-40d2-bcb9-722b2bf524ae"}
{"timestamp":"2026-07-03T13:59:29.480Z","level":"info","message":"[SessionPersistence] Appended 2 message(s) to session sess_d14fddcc-6e67-44bf-9e29-c42e4bd22125","conversationId":"sess_d14fddcc-6e67-44bf-9e29-c42e4bd22125","turnId":"2ca6d61a-8dd9-40d2-bcb9-722b2bf524ae","rootTurnId":"2ca6d61a-8dd9-40d2-bcb9-722b2bf524ae"}
{"timestamp":"2026-07-03T13:59:29.512Z","level":"info","message":"[q-developer-converse] Sending GenerateAssistantResponse modelId=auto agentMode=vibe origin=AI_EDITOR streaming=true conversationId=sess_d14fddcc-6e67-44bf-9e29-c42e4bd22125","conversationId":"sess_d14fddcc-6e67-44bf-9e29-c42e4bd22125","turnId":"2ca6d61a-8dd9-40d2-bcb9-722b2bf524ae","rootTurnId":"2ca6d61a-8dd9-40d2-bcb9-722b2bf524ae"}
{"timestamp":"2026-07-03T13:59:29.591Z","level":"info","message":"[q-developer-converse] Request payload: 10697857 chars, 44 history messages, conversationId=sess_d14fddcc-6e67-44bf-9e29-c42e4bd22125","conversationId":"sess_d14fddcc-6e67-44bf-9e29-c42e4bd22125","turnId":"2ca6d61a-8dd9-40d2-bcb9-722b2bf524ae","rootTurnId":"2ca6d61a-8dd9-40d2-bcb9-722b2bf524ae"}
{"timestamp":"2026-07-03T13:59:37.495Z","level":"info","message":"[AgentIterator] Synchronizing results","conversationId":"sess_d14fddcc-6e67-44bf-9e29-c42e4bd22125","turnId":"2ca6d61a-8dd9-40d2-bcb9-722b2bf524ae","rootTurnId":"2ca6d61a-8dd9-40d2-bcb9-722b2bf524ae"}
{"timestamp":"2026-07-03T13:59:37.495Z","level":"info","message":"[AgentIterator] Processing intent detection result","conversationId":"sess_d14fddcc-6e67-44bf-9e29-c42e4bd22125","turnId":"2ca6d61a-8dd9-40d2-bcb9-722b2bf524ae","rootTurnId":"2ca6d61a-8dd9-40d2-bcb9-722b2bf524ae"}
{"timestamp":"2026-07-03T13:59:37.496Z","level":"info","message":"[ChatAgent] Processing model response stream","conversationId":"sess_d14fddcc-6e67-44bf-9e29-c42e4bd22125","turnId":"2ca6d61a-8dd9-40d2-bcb9-722b2bf524ae","rootTurnId":"2ca6d61a-8dd9-40d2-bcb9-722b2bf524ae"}
{"timestamp":"2026-07-03T13:59:37.496Z","level":"info","message":"[Steering] Populating steering for execution 2ca6d61a-8dd9-40d2-bcb9-722b2bf524ae","conversationId":"sess_d14fddcc-6e67-44bf-9e29-c42e4bd22125","turnId":"2ca6d61a-8dd9-40d2-bcb9-722b2bf524ae","rootTurnId":"2ca6d61a-8dd9-40d2-bcb9-722b2bf524ae"}
{"timestamp":"2026-07-03T13:59:37.496Z","level":"info","message":"[Steering] ExistingFiles: /c:/Users/Admin/Downloads/Kiro_AWS_Nonsense/Kiro_AWS_Nonsense/app.py, /c:/Users/Admin/Downloads/Kiro_AWS_Nonsense/Kiro_AWS_Nonsense/templates/index.html, /c:/Users/Admin/Downloads/Kiro_AWS_Nonsense/Kiro_AWS_Nonsense/static/app.js, /c:/Users/Admin/Downloads/Kiro_AWS_Nonsense/Kiro_AWS_Nonsense/static/style.css, /c:/Users/Admin/Downloads/Kiro_AWS_Nonsense/Kiro_AWS_Nonsense/config.py, /c:/Users/Admin/Downloads/Kiro_AWS_Nonsense/Kiro_AWS_Nonsense/analysis.py in 2ca6d61a-8dd9-40d2-bcb9-722b2bf524ae","conversationId":"sess_d14fddcc-6e67-44bf-9e29-c42e4bd22125","turnId":"2ca6d61a-8dd9-40d2-bcb9-722b2bf524ae","rootTurnId":"2ca6d61a-8dd9-40d2-bcb9-722b2bf524ae"}
{"timestamp":"2026-07-03T13:59:41.914Z","level":"info","message":"acp.policy-eval.complete {\"toolId\":\"fs_append\",\"effect\":\"allow\",\"capability\":\"fs_write\"}","conversationId":"sess_d14fddcc-6e67-44bf-9e29-c42e4bd22125","turnId":"2ca6d61a-8dd9-40d2-bcb9-722b2bf524ae","rootTurnId":"2ca6d61a-8dd9-40d2-bcb9-722b2bf524ae"}
{"timestamp":"2026-07-03T13:59:41.920Z","level":"info","message":"[SessionPersistence] Appended 1 message(s) to session sess_d14fddcc-6e67-44bf-9e29-c42e4bd22125","conversationId":"sess_d14fddcc-6e67-44bf-9e29-c42e4bd22125","turnId":"2ca6d61a-8dd9-40d2-bcb9-722b2bf524ae","rootTurnId":"2ca6d61a-8dd9-40d2-bcb9-722b2bf524ae"}
{"timestamp":"2026-07-03T13:59:41.925Z","level":"info","message":"[SessionPersistence] Snapshot deduplicated for static/app.js in session sess_d14fddcc-6e67-44bf-9e29-c42e4bd22125 (reused 0a5837f4)","conversationId":"sess_d14fddcc-6e67-44bf-9e29-c42e4bd22125","turnId":"2ca6d61a-8dd9-40d2-bcb9-722b2bf524ae","rootTurnId":"2ca6d61a-8dd9-40d2-bcb9-722b2bf524ae"}
{"timestamp":"2026-07-03T13:59:41.974Z","level":"info","message":"[SessionPersistence] Created snapshot 05605e16 for static/app.js in session sess_d14fddcc-6e67-44bf-9e29-c42e4bd22125 (16481 bytes)","conversationId":"sess_d14fddcc-6e67-44bf-9e29-c42e4bd22125","turnId":"2ca6d61a-8dd9-40d2-bcb9-722b2bf524ae","rootTurnId":"2ca6d61a-8dd9-40d2-bcb9-722b2bf524ae"}
{"timestamp":"2026-07-03T13:59:41.985Z","level":"info","message":"[AgentIterator] Parallel invoking agent","conversationId":"sess_d14fddcc-6e67-44bf-9e29-c42e4bd22125","turnId":"2ca6d61a-8dd9-40d2-bcb9-722b2bf524ae","rootTurnId":"2ca6d61a-8dd9-40d2-bcb9-722b2bf524ae"}
{"timestamp":"2026-07-03T13:59:41.985Z","level":"info","message":"[Steering] Populating steering for execution 2ca6d61a-8dd9-40d2-bcb9-722b2bf524ae","conversationId":"sess_d14fddcc-6e67-44bf-9e29-c42e4bd22125","turnId":"2ca6d61a-8dd9-40d2-bcb9-722b2bf524ae","rootTurnId":"2ca6d61a-8dd9-40d2-bcb9-722b2bf524ae"}
{"timestamp":"2026-07-03T13:59:41.985Z","level":"info","message":"[Steering] ExistingFiles: /c:/Users/Admin/Downloads/Kiro_AWS_Nonsense/Kiro_AWS_Nonsense/app.py, /c:/Users/Admin/Downloads/Kiro_AWS_Nonsense/Kiro_AWS_Nonsense/templates/index.html, /c:/Users/Admin/Downloads/Kiro_AWS_Nonsense/Kiro_AWS_Nonsense/static/app.js, /c:/Users/Admin/Downloads/Kiro_AWS_Nonsense/Kiro_AWS_Nonsense/static/style.css, /c:/Users/Admin/Downloads/Kiro_AWS_Nonsense/Kiro_AWS_Nonsense/config.py, /c:/Users/Admin/Downloads/Kiro_AWS_Nonsense/Kiro_AWS_Nonsense/analysis.py in 2ca6d61a-8dd9-40d2-bcb9-722b2bf524ae","conversationId":"sess_d14fddcc-6e67-44bf-9e29-c42e4bd22125","turnId":"2ca6d61a-8dd9-40d2-bcb9-722b2bf524ae","rootTurnId":"2ca6d61a-8dd9-40d2-bcb9-722b2bf524ae"}
{"timestamp":"2026-07-03T13:59:41.985Z","level":"info","message":"[SessionPersistence] Appended 2 message(s) to session sess_d14fddcc-6e67-44bf-9e29-c42e4bd22125","conversationId":"sess_d14fddcc-6e67-44bf-9e29-c42e4bd22125","turnId":"2ca6d61a-8dd9-40d2-bcb9-722b2bf524ae","rootTurnId":"2ca6d61a-8dd9-40d2-bcb9-722b2bf524ae"}
{"timestamp":"2026-07-03T13:59:42.017Z","level":"info","message":"[q-developer-converse] Sending GenerateAssistantResponse modelId=auto agentMode=vibe origin=AI_EDITOR streaming=true conversationId=sess_d14fddcc-6e67-44bf-9e29-c42e4bd22125","conversationId":"sess_d14fddcc-6e67-44bf-9e29-c42e4bd22125","turnId":"2ca6d61a-8dd9-40d2-bcb9-722b2bf524ae","rootTurnId":"2ca6d61a-8dd9-40d2-bcb9-722b2bf524ae"}
{"timestamp":"2026-07-03T13:59:42.099Z","level":"info","message":"[q-developer-converse] Request payload: 10699560 chars, 46 history messages, conversationId=sess_d14fddcc-6e67-44bf-9e29-c42e4bd22125","conversationId":"sess_d14fddcc-6e67-44bf-9e29-c42e4bd22125","turnId":"2ca6d61a-8dd9-40d2-bcb9-722b2bf524ae","rootTurnId":"2ca6d61a-8dd9-40d2-bcb9-722b2bf524ae"}
{"timestamp":"2026-07-03T13:59:49.871Z","level":"info","message":"[AgentIterator] Synchronizing results","conversationId":"sess_d14fddcc-6e67-44bf-9e29-c42e4bd22125","turnId":"2ca6d61a-8dd9-40d2-bcb9-722b2bf524ae","rootTurnId":"2ca6d61a-8dd9-40d2-bcb9-722b2bf524ae"}
{"timestamp":"2026-07-03T13:59:49.871Z","level":"info","message":"[AgentIterator] Processing intent detection result","conversationId":"sess_d14fddcc-6e67-44bf-9e29-c42e4bd22125","turnId":"2ca6d61a-8dd9-40d2-bcb9-722b2bf524ae","rootTurnId":"2ca6d61a-8dd9-40d2-bcb9-722b2bf524ae"}
{"timestamp":"2026-07-03T13:59:49.872Z","level":"info","message":"[ChatAgent] Processing model response stream","conversationId":"sess_d14fddcc-6e67-44bf-9e29-c42e4bd22125","turnId":"2ca6d61a-8dd9-40d2-bcb9-722b2bf524ae","rootTurnId":"2ca6d61a-8dd9-40d2-bcb9-722b2bf524ae"}
{"timestamp":"2026-07-03T13:59:49.872Z","level":"info","message":"[Steering] Populating steering for execution 2ca6d61a-8dd9-40d2-bcb9-722b2bf524ae","conversationId":"sess_d14fddcc-6e67-44bf-9e29-c42e4bd22125","turnId":"2ca6d61a-8dd9-40d2-bcb9-722b2bf524ae","rootTurnId":"2ca6d61a-8dd9-40d2-bcb9-722b2bf524ae"}
{"timestamp":"2026-07-03T13:59:49.872Z","level":"info","message":"[Steering] ExistingFiles: /c:/Users/Admin/Downloads/Kiro_AWS_Nonsense/Kiro_AWS_Nonsense/app.py, /c:/Users/Admin/Downloads/Kiro_AWS_Nonsense/Kiro_AWS_Nonsense/templates/index.html, /c:/Users/Admin/Downloads/Kiro_AWS_Nonsense/Kiro_AWS_Nonsense/static/app.js, /c:/Users/Admin/Downloads/Kiro_AWS_Nonsense/Kiro_AWS_Nonsense/static/style.css, /c:/Users/Admin/Downloads/Kiro_AWS_Nonsense/Kiro_AWS_Nonsense/config.py, /c:/Users/Admin/Downloads/Kiro_AWS_Nonsense/Kiro_AWS_Nonsense/analysis.py in 2ca6d61a-8dd9-40d2-bcb9-722b2bf524ae","conversationId":"sess_d14fddcc-6e67-44bf-9e29-c42e4bd22125","turnId":"2ca6d61a-8dd9-40d2-bcb9-722b2bf524ae","rootTurnId":"2ca6d61a-8dd9-40d2-bcb9-722b2bf524ae"}
{"timestamp":"2026-07-03T13:59:49.875Z","level":"warn","message":"[ACPEventAdapter] Tool \"say\" missing rawInput, falling back to input.","conversationId":"sess_d14fddcc-6e67-44bf-9e29-c42e4bd22125","turnId":"2ca6d61a-8dd9-40d2-bcb9-722b2bf524ae","rootTurnId":"2ca6d61a-8dd9-40d2-bcb9-722b2bf524ae"}
{"timestamp":"2026-07-03T13:59:49.875Z","level":"warn","message":"[ACPEventAdapter] Tool \"say\" missing rawInput, falling back to input.","conversationId":"sess_d14fddcc-6e67-44bf-9e29-c42e4bd22125","turnId":"2ca6d61a-8dd9-40d2-bcb9-722b2bf524ae","rootTurnId":"2ca6d61a-8dd9-40d2-bcb9-722b2bf524ae"}
{"timestamp":"2026-07-03T13:59:49.929Z","level":"warn","message":"[ACPEventAdapter] Tool \"say\" missing rawInput, falling back to input.","conversationId":"sess_d14fddcc-6e67-44bf-9e29-c42e4bd22125","turnId":"2ca6d61a-8dd9-40d2-bcb9-722b2bf524ae","rootTurnId":"2ca6d61a-8dd9-40d2-bcb9-722b2bf524ae"}
{"timestamp":"2026-07-03T13:59:49.986Z","level":"warn","message":"[ACPEventAdapter] Tool \"say\" missing rawInput, falling back to input.","conversationId":"sess_d14fddcc-6e67-44bf-9e29-c42e4bd22125","turnId":"2ca6d61a-8dd9-40d2-bcb9-722b2bf524ae","rootTurnId":"2ca6d61a-8dd9-40d2-bcb9-722b2bf524ae"}
{"timestamp":"2026-07-03T13:59:50.034Z","level":"warn","message":"[ACPEventAdapter] Tool \"say\" missing rawInput, falling back to input.","conversationId":"sess_d14fddcc-6e67-44bf-9e29-c42e4bd22125","turnId":"2ca6d61a-8dd9-40d2-bcb9-722b2bf524ae","rootTurnId":"2ca6d61a-8dd9-40d2-bcb9-722b2bf524ae"}
{"timestamp":"2026-07-03T13:59:50.086Z","level":"warn","message":"[ACPEventAdapter] Tool \"say\" missing rawInput, falling back to input.","conversationId":"sess_d14fddcc-6e67-44bf-9e29-c42e4bd22125","turnId":"2ca6d61a-8dd9-40d2-bcb9-722b2bf524ae","rootTurnId":"2ca6d61a-8dd9-40d2-bcb9-722b2bf524ae"}
{"timestamp":"2026-07-03T13:59:50.144Z","level":"warn","message":"[ACPEventAdapter] Tool \"say\" missing rawInput, falling back to input.","conversationId":"sess_d14fddcc-6e67-44bf-9e29-c42e4bd22125","turnId":"2ca6d61a-8dd9-40d2-bcb9-722b2bf524ae","rootTurnId":"2ca6d61a-8dd9-40d2-bcb9-722b2bf524ae"}
{"timestamp":"2026-07-03T13:59:50.184Z","level":"warn","message":"[ACPEventAdapter] Tool \"say\" missing rawInput, falling back to input.","conversationId":"sess_d14fddcc-6e67-44bf-9e29-c42e4bd22125","turnId":"2ca6d61a-8dd9-40d2-bcb9-722b2bf524ae","rootTurnId":"2ca6d61a-8dd9-40d2-bcb9-722b2bf524ae"}
{"timestamp":"2026-07-03T13:59:50.343Z","level":"warn","message":"[ACPEventAdapter] Tool \"say\" missing rawInput, falling back to input.","conversationId":"sess_d14fddcc-6e67-44bf-9e29-c42e4bd22125","turnId":"2ca6d61a-8dd9-40d2-bcb9-722b2bf524ae","rootTurnId":"2ca6d61a-8dd9-40d2-bcb9-722b2bf524ae"}
{"timestamp":"2026-07-03T13:59:50.344Z","level":"info","message":"[SessionPersistence] Appended 1 message(s) to session sess_d14fddcc-6e67-44bf-9e29-c42e4bd22125","conversationId":"sess_d14fddcc-6e67-44bf-9e29-c42e4bd22125","turnId":"2ca6d61a-8dd9-40d2-bcb9-722b2bf524ae","rootTurnId":"2ca6d61a-8dd9-40d2-bcb9-722b2bf524ae"}
{"timestamp":"2026-07-03T13:59:54.301Z","level":"info","message":"acp.policy-eval.complete {\"toolId\":\"fs_append\",\"effect\":\"allow\",\"capability\":\"fs_write\"}","conversationId":"sess_d14fddcc-6e67-44bf-9e29-c42e4bd22125","turnId":"2ca6d61a-8dd9-40d2-bcb9-722b2bf524ae","rootTurnId":"2ca6d61a-8dd9-40d2-bcb9-722b2bf524ae"}
{"timestamp":"2026-07-03T13:59:54.308Z","level":"info","message":"[SessionPersistence] Appended 1 message(s) to session sess_d14fddcc-6e67-44bf-9e29-c42e4bd22125","conversationId":"sess_d14fddcc-6e67-44bf-9e29-c42e4bd22125","turnId":"2ca6d61a-8dd9-40d2-bcb9-722b2bf524ae","rootTurnId":"2ca6d61a-8dd9-40d2-bcb9-722b2bf524ae"}
{"timestamp":"2026-07-03T13:59:54.312Z","level":"info","message":"[SessionPersistence] Snapshot deduplicated for static/app.js in session sess_d14fddcc-6e67-44bf-9e29-c42e4bd22125 (reused 05605e16)","conversationId":"sess_d14fddcc-6e67-44bf-9e29-c42e4bd22125","turnId":"2ca6d61a-8dd9-40d2-bcb9-722b2bf524ae","rootTurnId":"2ca6d61a-8dd9-40d2-bcb9-722b2bf524ae"}
{"timestamp":"2026-07-03T13:59:54.360Z","level":"info","message":"[SessionPersistence] Created snapshot c4168537 for static/app.js in session sess_d14fddcc-6e67-44bf-9e29-c42e4bd22125 (17512 bytes)","conversationId":"sess_d14fddcc-6e67-44bf-9e29-c42e4bd22125","turnId":"2ca6d61a-8dd9-40d2-bcb9-722b2bf524ae","rootTurnId":"2ca6d61a-8dd9-40d2-bcb9-722b2bf524ae"}
{"timestamp":"2026-07-03T13:59:54.372Z","level":"info","message":"[AgentIterator] Parallel invoking agent","conversationId":"sess_d14fddcc-6e67-44bf-9e29-c42e4bd22125","turnId":"2ca6d61a-8dd9-40d2-bcb9-722b2bf524ae","rootTurnId":"2ca6d61a-8dd9-40d2-bcb9-722b2bf524ae"}
{"timestamp":"2026-07-03T13:59:54.372Z","level":"info","message":"[Steering] Populating steering for execution 2ca6d61a-8dd9-40d2-bcb9-722b2bf524ae","conversationId":"sess_d14fddcc-6e67-44bf-9e29-c42e4bd22125","turnId":"2ca6d61a-8dd9-40d2-bcb9-722b2bf524ae","rootTurnId":"2ca6d61a-8dd9-40d2-bcb9-722b2bf524ae"}
{"timestamp":"2026-07-03T13:59:54.372Z","level":"info","message":"[Steering] ExistingFiles: /c:/Users/Admin/Downloads/Kiro_AWS_Nonsense/Kiro_AWS_Nonsense/app.py, /c:/Users/Admin/Downloads/Kiro_AWS_Nonsense/Kiro_AWS_Nonsense/templates/index.html, /c:/Users/Admin/Downloads/Kiro_AWS_Nonsense/Kiro_AWS_Nonsense/static/app.js, /c:/Users/Admin/Downloads/Kiro_AWS_Nonsense/Kiro_AWS_Nonsense/static/style.css, /c:/Users/Admin/Downloads/Kiro_AWS_Nonsense/Kiro_AWS_Nonsense/config.py, /c:/Users/Admin/Downloads/Kiro_AWS_Nonsense/Kiro_AWS_Nonsense/analysis.py in 2ca6d61a-8dd9-40d2-bcb9-722b2bf524ae","conversationId":"sess_d14fddcc-6e67-44bf-9e29-c42e4bd22125","turnId":"2ca6d61a-8dd9-40d2-bcb9-722b2bf524ae","rootTurnId":"2ca6d61a-8dd9-40d2-bcb9-722b2bf524ae"}
{"timestamp":"2026-07-03T13:59:54.372Z","level":"info","message":"[SessionPersistence] Appended 2 message(s) to session sess_d14fddcc-6e67-44bf-9e29-c42e4bd22125","conversationId":"sess_d14fddcc-6e67-44bf-9e29-c42e4bd22125","turnId":"2ca6d61a-8dd9-40d2-bcb9-722b2bf524ae","rootTurnId":"2ca6d61a-8dd9-40d2-bcb9-722b2bf524ae"}
{"timestamp":"2026-07-03T13:59:54.404Z","level":"info","message":"[q-developer-converse] Sending GenerateAssistantResponse modelId=auto agentMode=vibe origin=AI_EDITOR streaming=true conversationId=sess_d14fddcc-6e67-44bf-9e29-c42e4bd22125","conversationId":"sess_d14fddcc-6e67-44bf-9e29-c42e4bd22125","turnId":"2ca6d61a-8dd9-40d2-bcb9-722b2bf524ae","rootTurnId":"2ca6d61a-8dd9-40d2-bcb9-722b2bf524ae"}
{"timestamp":"2026-07-03T13:59:54.478Z","level":"info","message":"[q-developer-converse] Request payload: 10701208 chars, 48 history messages, conversationId=sess_d14fddcc-6e67-44bf-9e29-c42e4bd22125","conversationId":"sess_d14fddcc-6e67-44bf-9e29-c42e4bd22125","turnId":"2ca6d61a-8dd9-40d2-bcb9-722b2bf524ae","rootTurnId":"2ca6d61a-8dd9-40d2-bcb9-722b2bf524ae"}
{"timestamp":"2026-07-03T14:00:02.936Z","level":"info","message":"[AgentIterator] Synchronizing results","conversationId":"sess_d14fddcc-6e67-44bf-9e29-c42e4bd22125","turnId":"2ca6d61a-8dd9-40d2-bcb9-722b2bf524ae","rootTurnId":"2ca6d61a-8dd9-40d2-bcb9-722b2bf524ae"}
{"timestamp":"2026-07-03T14:00:02.936Z","level":"info","message":"[AgentIterator] Processing intent detection result","conversationId":"sess_d14fddcc-6e67-44bf-9e29-c42e4bd22125","turnId":"2ca6d61a-8dd9-40d2-bcb9-722b2bf524ae","rootTurnId":"2ca6d61a-8dd9-40d2-bcb9-722b2bf524ae"}
{"timestamp":"2026-07-03T14:00:02.937Z","level":"info","message":"[ChatAgent] Processing model response stream","conversationId":"sess_d14fddcc-6e67-44bf-9e29-c42e4bd22125","turnId":"2ca6d61a-8dd9-40d2-bcb9-722b2bf524ae","rootTurnId":"2ca6d61a-8dd9-40d2-bcb9-722b2bf524ae"}
{"timestamp":"2026-07-03T14:00:02.938Z","level":"info","message":"[Steering] Populating steering for execution 2ca6d61a-8dd9-40d2-bcb9-722b2bf524ae","conversationId":"sess_d14fddcc-6e67-44bf-9e29-c42e4bd22125","turnId":"2ca6d61a-8dd9-40d2-bcb9-722b2bf524ae","rootTurnId":"2ca6d61a-8dd9-40d2-bcb9-722b2bf524ae"}
{"timestamp":"2026-07-03T14:00:02.938Z","level":"info","message":"[Steering] ExistingFiles: /c:/Users/Admin/Downloads/Kiro_AWS_Nonsense/Kiro_AWS_Nonsense/app.py, /c:/Users/Admin/Downloads/Kiro_AWS_Nonsense/Kiro_AWS_Nonsense/templates/index.html, /c:/Users/Admin/Downloads/Kiro_AWS_Nonsense/Kiro_AWS_Nonsense/static/app.js, /c:/Users/Admin/Downloads/Kiro_AWS_Nonsense/Kiro_AWS_Nonsense/static/style.css, /c:/Users/Admin/Downloads/Kiro_AWS_Nonsense/Kiro_AWS_Nonsense/config.py, /c:/Users/Admin/Downloads/Kiro_AWS_Nonsense/Kiro_AWS_Nonsense/analysis.py in 2ca6d61a-8dd9-40d2-bcb9-722b2bf524ae","conversationId":"sess_d14fddcc-6e67-44bf-9e29-c42e4bd22125","turnId":"2ca6d61a-8dd9-40d2-bcb9-722b2bf524ae","rootTurnId":"2ca6d61a-8dd9-40d2-bcb9-722b2bf524ae"}
{"timestamp":"2026-07-03T14:00:11.607Z","level":"info","message":"acp.policy-eval.complete {\"toolId\":\"fs_append\",\"effect\":\"allow\",\"capability\":\"fs_write\"}","conversationId":"sess_d14fddcc-6e67-44bf-9e29-c42e4bd22125","turnId":"2ca6d61a-8dd9-40d2-bcb9-722b2bf524ae","rootTurnId":"2ca6d61a-8dd9-40d2-bcb9-722b2bf524ae"}
{"timestamp":"2026-07-03T14:00:11.611Z","level":"info","message":"[SessionPersistence] Appended 1 message(s) to session sess_d14fddcc-6e67-44bf-9e29-c42e4bd22125","conversationId":"sess_d14fddcc-6e67-44bf-9e29-c42e4bd22125","turnId":"2ca6d61a-8dd9-40d2-bcb9-722b2bf524ae","rootTurnId":"2ca6d61a-8dd9-40d2-bcb9-722b2bf524ae"}
{"timestamp":"2026-07-03T14:00:11.619Z","level":"info","message":"[SessionPersistence] Snapshot deduplicated for static/app.js in session sess_d14fddcc-6e67-44bf-9e29-c42e4bd22125 (reused c4168537)","conversationId":"sess_d14fddcc-6e67-44bf-9e29-c42e4bd22125","turnId":"2ca6d61a-8dd9-40d2-bcb9-722b2bf524ae","rootTurnId":"2ca6d61a-8dd9-40d2-bcb9-722b2bf524ae"}
{"timestamp":"2026-07-03T14:00:11.668Z","level":"info","message":"[SessionPersistence] Created snapshot 2559564c for static/app.js in session sess_d14fddcc-6e67-44bf-9e29-c42e4bd22125 (19841 bytes)","conversationId":"sess_d14fddcc-6e67-44bf-9e29-c42e4bd22125","turnId":"2ca6d61a-8dd9-40d2-bcb9-722b2bf524ae","rootTurnId":"2ca6d61a-8dd9-40d2-bcb9-722b2bf524ae"}
{"timestamp":"2026-07-03T14:00:11.678Z","level":"info","message":"[AgentIterator] Parallel invoking agent","conversationId":"sess_d14fddcc-6e67-44bf-9e29-c42e4bd22125","turnId":"2ca6d61a-8dd9-40d2-bcb9-722b2bf524ae","rootTurnId":"2ca6d61a-8dd9-40d2-bcb9-722b2bf524ae"}
{"timestamp":"2026-07-03T14:00:11.678Z","level":"info","message":"[Steering] Populating steering for execution 2ca6d61a-8dd9-40d2-bcb9-722b2bf524ae","conversationId":"sess_d14fddcc-6e67-44bf-9e29-c42e4bd22125","turnId":"2ca6d61a-8dd9-40d2-bcb9-722b2bf524ae","rootTurnId":"2ca6d61a-8dd9-40d2-bcb9-722b2bf524ae"}
{"timestamp":"2026-07-03T14:00:11.678Z","level":"info","message":"[Steering] ExistingFiles: /c:/Users/Admin/Downloads/Kiro_AWS_Nonsense/Kiro_AWS_Nonsense/app.py, /c:/Users/Admin/Downloads/Kiro_AWS_Nonsense/Kiro_AWS_Nonsense/templates/index.html, /c:/Users/Admin/Downloads/Kiro_AWS_Nonsense/Kiro_AWS_Nonsense/static/app.js, /c:/Users/Admin/Downloads/Kiro_AWS_Nonsense/Kiro_AWS_Nonsense/static/style.css, /c:/Users/Admin/Downloads/Kiro_AWS_Nonsense/Kiro_AWS_Nonsense/config.py, /c:/Users/Admin/Downloads/Kiro_AWS_Nonsense/Kiro_AWS_Nonsense/analysis.py in 2ca6d61a-8dd9-40d2-bcb9-722b2bf524ae","conversationId":"sess_d14fddcc-6e67-44bf-9e29-c42e4bd22125","turnId":"2ca6d61a-8dd9-40d2-bcb9-722b2bf524ae","rootTurnId":"2ca6d61a-8dd9-40d2-bcb9-722b2bf524ae"}
{"timestamp":"2026-07-03T14:00:11.678Z","level":"info","message":"[SessionPersistence] Appended 2 message(s) to session sess_d14fddcc-6e67-44bf-9e29-c42e4bd22125","conversationId":"sess_d14fddcc-6e67-44bf-9e29-c42e4bd22125","turnId":"2ca6d61a-8dd9-40d2-bcb9-722b2bf524ae","rootTurnId":"2ca6d61a-8dd9-40d2-bcb9-722b2bf524ae"}
{"timestamp":"2026-07-03T14:00:11.707Z","level":"info","message":"[q-developer-converse] Sending GenerateAssistantResponse modelId=auto agentMode=vibe origin=AI_EDITOR streaming=true conversationId=sess_d14fddcc-6e67-44bf-9e29-c42e4bd22125","conversationId":"sess_d14fddcc-6e67-44bf-9e29-c42e4bd22125","turnId":"2ca6d61a-8dd9-40d2-bcb9-722b2bf524ae","rootTurnId":"2ca6d61a-8dd9-40d2-bcb9-722b2bf524ae"}
{"timestamp":"2026-07-03T14:00:11.773Z","level":"info","message":"[q-developer-converse] Request payload: 10704144 chars, 50 history messages, conversationId=sess_d14fddcc-6e67-44bf-9e29-c42e4bd22125","conversationId":"sess_d14fddcc-6e67-44bf-9e29-c42e4bd22125","turnId":"2ca6d61a-8dd9-40d2-bcb9-722b2bf524ae","rootTurnId":"2ca6d61a-8dd9-40d2-bcb9-722b2bf524ae"}
{"timestamp":"2026-07-03T14:00:19.165Z","level":"info","message":"[AgentIterator] Synchronizing results","conversationId":"sess_d14fddcc-6e67-44bf-9e29-c42e4bd22125","turnId":"2ca6d61a-8dd9-40d2-bcb9-722b2bf524ae","rootTurnId":"2ca6d61a-8dd9-40d2-bcb9-722b2bf524ae"}
{"timestamp":"2026-07-03T14:00:19.165Z","level":"info","message":"[AgentIterator] Processing intent detection result","conversationId":"sess_d14fddcc-6e67-44bf-9e29-c42e4bd22125","turnId":"2ca6d61a-8dd9-40d2-bcb9-722b2bf524ae","rootTurnId":"2ca6d61a-8dd9-40d2-bcb9-722b2bf524ae"}
{"timestamp":"2026-07-03T14:00:19.166Z","level":"info","message":"[ChatAgent] Processing model response stream","conversationId":"sess_d14fddcc-6e67-44bf-9e29-c42e4bd22125","turnId":"2ca6d61a-8dd9-40d2-bcb9-722b2bf524ae","rootTurnId":"2ca6d61a-8dd9-40d2-bcb9-722b2bf524ae"}
{"timestamp":"2026-07-03T14:00:19.166Z","level":"info","message":"[Steering] Populating steering for execution 2ca6d61a-8dd9-40d2-bcb9-722b2bf524ae","conversationId":"sess_d14fddcc-6e67-44bf-9e29-c42e4bd22125","turnId":"2ca6d61a-8dd9-40d2-bcb9-722b2bf524ae","rootTurnId":"2ca6d61a-8dd9-40d2-bcb9-722b2bf524ae"}
{"timestamp":"2026-07-03T14:00:19.166Z","level":"info","message":"[Steering] ExistingFiles: /c:/Users/Admin/Downloads/Kiro_AWS_Nonsense/Kiro_AWS_Nonsense/app.py, /c:/Users/Admin/Downloads/Kiro_AWS_Nonsense/Kiro_AWS_Nonsense/templates/index.html, /c:/Users/Admin/Downloads/Kiro_AWS_Nonsense/Kiro_AWS_Nonsense/static/app.js, /c:/Users/Admin/Downloads/Kiro_AWS_Nonsense/Kiro_AWS_Nonsense/static/style.css, /c:/Users/Admin/Downloads/Kiro_AWS_Nonsense/Kiro_AWS_Nonsense/config.py, /c:/Users/Admin/Downloads/Kiro_AWS_Nonsense/Kiro_AWS_Nonsense/analysis.py in 2ca6d61a-8dd9-40d2-bcb9-722b2bf524ae","conversationId":"sess_d14fddcc-6e67-44bf-9e29-c42e4bd22125","turnId":"2ca6d61a-8dd9-40d2-bcb9-722b2bf524ae","rootTurnId":"2ca6d61a-8dd9-40d2-bcb9-722b2bf524ae"}
{"timestamp":"2026-07-03T14:00:27.663Z","level":"info","message":"acp.policy-eval.complete {\"toolId\":\"fs_append\",\"effect\":\"allow\",\"capability\":\"fs_write\"}","conversationId":"sess_d14fddcc-6e67-44bf-9e29-c42e4bd22125","turnId":"2ca6d61a-8dd9-40d2-bcb9-722b2bf524ae","rootTurnId":"2ca6d61a-8dd9-40d2-bcb9-722b2bf524ae"}
{"timestamp":"2026-07-03T14:00:27.669Z","level":"info","message":"[SessionPersistence] Appended 1 message(s) to session sess_d14fddcc-6e67-44bf-9e29-c42e4bd22125","conversationId":"sess_d14fddcc-6e67-44bf-9e29-c42e4bd22125","turnId":"2ca6d61a-8dd9-40d2-bcb9-722b2bf524ae","rootTurnId":"2ca6d61a-8dd9-40d2-bcb9-722b2bf524ae"}
{"timestamp":"2026-07-03T14:00:27.675Z","level":"info","message":"[SessionPersistence] Snapshot deduplicated for static/app.js in session sess_d14fddcc-6e67-44bf-9e29-c42e4bd22125 (reused 2559564c)","conversationId":"sess_d14fddcc-6e67-44bf-9e29-c42e4bd22125","turnId":"2ca6d61a-8dd9-40d2-bcb9-722b2bf524ae","rootTurnId":"2ca6d61a-8dd9-40d2-bcb9-722b2bf524ae"}
{"timestamp":"2026-07-03T14:00:27.719Z","level":"info","message":"[SessionPersistence] Created snapshot 5318e4f1 for static/app.js in session sess_d14fddcc-6e67-44bf-9e29-c42e4bd22125 (22619 bytes)","conversationId":"sess_d14fddcc-6e67-44bf-9e29-c42e4bd22125","turnId":"2ca6d61a-8dd9-40d2-bcb9-722b2bf524ae","rootTurnId":"2ca6d61a-8dd9-40d2-bcb9-722b2bf524ae"}
{"timestamp":"2026-07-03T14:00:27.723Z","level":"info","message":"[SessionPersistence] Appended 2 message(s) to session sess_d14fddcc-6e67-44bf-9e29-c42e4bd22125","conversationId":"sess_d14fddcc-6e67-44bf-9e29-c42e4bd22125","turnId":"2ca6d61a-8dd9-40d2-bcb9-722b2bf524ae","rootTurnId":"2ca6d61a-8dd9-40d2-bcb9-722b2bf524ae"}
{"timestamp":"2026-07-03T14:00:27.728Z","level":"info","message":"[AgentIterator] Parallel invoking agent","conversationId":"sess_d14fddcc-6e67-44bf-9e29-c42e4bd22125","turnId":"2ca6d61a-8dd9-40d2-bcb9-722b2bf524ae","rootTurnId":"2ca6d61a-8dd9-40d2-bcb9-722b2bf524ae"}
{"timestamp":"2026-07-03T14:00:27.728Z","level":"info","message":"[Steering] Populating steering for execution 2ca6d61a-8dd9-40d2-bcb9-722b2bf524ae","conversationId":"sess_d14fddcc-6e67-44bf-9e29-c42e4bd22125","turnId":"2ca6d61a-8dd9-40d2-bcb9-722b2bf524ae","rootTurnId":"2ca6d61a-8dd9-40d2-bcb9-722b2bf524ae"}
{"timestamp":"2026-07-03T14:00:27.728Z","level":"info","message":"[Steering] ExistingFiles: /c:/Users/Admin/Downloads/Kiro_AWS_Nonsense/Kiro_AWS_Nonsense/app.py, /c:/Users/Admin/Downloads/Kiro_AWS_Nonsense/Kiro_AWS_Nonsense/templates/index.html, /c:/Users/Admin/Downloads/Kiro_AWS_Nonsense/Kiro_AWS_Nonsense/static/app.js, /c:/Users/Admin/Downloads/Kiro_AWS_Nonsense/Kiro_AWS_Nonsense/static/style.css, /c:/Users/Admin/Downloads/Kiro_AWS_Nonsense/Kiro_AWS_Nonsense/config.py, /c:/Users/Admin/Downloads/Kiro_AWS_Nonsense/Kiro_AWS_Nonsense/analysis.py in 2ca6d61a-8dd9-40d2-bcb9-722b2bf524ae","conversationId":"sess_d14fddcc-6e67-44bf-9e29-c42e4bd22125","turnId":"2ca6d61a-8dd9-40d2-bcb9-722b2bf524ae","rootTurnId":"2ca6d61a-8dd9-40d2-bcb9-722b2bf524ae"}
{"timestamp":"2026-07-03T14:00:27.756Z","level":"info","message":"[q-developer-converse] Sending GenerateAssistantResponse modelId=auto agentMode=vibe origin=AI_EDITOR streaming=true conversationId=sess_d14fddcc-6e67-44bf-9e29-c42e4bd22125","conversationId":"sess_d14fddcc-6e67-44bf-9e29-c42e4bd22125","turnId":"2ca6d61a-8dd9-40d2-bcb9-722b2bf524ae","rootTurnId":"2ca6d61a-8dd9-40d2-bcb9-722b2bf524ae"}
{"timestamp":"2026-07-03T14:00:27.820Z","level":"info","message":"[q-developer-converse] Request payload: 10707533 chars, 52 history messages, conversationId=sess_d14fddcc-6e67-44bf-9e29-c42e4bd22125","conversationId":"sess_d14fddcc-6e67-44bf-9e29-c42e4bd22125","turnId":"2ca6d61a-8dd9-40d2-bcb9-722b2bf524ae","rootTurnId":"2ca6d61a-8dd9-40d2-bcb9-722b2bf524ae"}
{"timestamp":"2026-07-03T14:00:35.583Z","level":"info","message":"[AgentIterator] Synchronizing results","conversationId":"sess_d14fddcc-6e67-44bf-9e29-c42e4bd22125","turnId":"2ca6d61a-8dd9-40d2-bcb9-722b2bf524ae","rootTurnId":"2ca6d61a-8dd9-40d2-bcb9-722b2bf524ae"}
{"timestamp":"2026-07-03T14:00:35.583Z","level":"info","message":"[AgentIterator] Processing intent detection result","conversationId":"sess_d14fddcc-6e67-44bf-9e29-c42e4bd22125","turnId":"2ca6d61a-8dd9-40d2-bcb9-722b2bf524ae","rootTurnId":"2ca6d61a-8dd9-40d2-bcb9-722b2bf524ae"}
{"timestamp":"2026-07-03T14:00:35.584Z","level":"info","message":"[ChatAgent] Processing model response stream","conversationId":"sess_d14fddcc-6e67-44bf-9e29-c42e4bd22125","turnId":"2ca6d61a-8dd9-40d2-bcb9-722b2bf524ae","rootTurnId":"2ca6d61a-8dd9-40d2-bcb9-722b2bf524ae"}
{"timestamp":"2026-07-03T14:00:35.584Z","level":"info","message":"[Steering] Populating steering for execution 2ca6d61a-8dd9-40d2-bcb9-722b2bf524ae","conversationId":"sess_d14fddcc-6e67-44bf-9e29-c42e4bd22125","turnId":"2ca6d61a-8dd9-40d2-bcb9-722b2bf524ae","rootTurnId":"2ca6d61a-8dd9-40d2-bcb9-722b2bf524ae"}
{"timestamp":"2026-07-03T14:00:35.584Z","level":"info","message":"[Steering] ExistingFiles: /c:/Users/Admin/Downloads/Kiro_AWS_Nonsense/Kiro_AWS_Nonsense/app.py, /c:/Users/Admin/Downloads/Kiro_AWS_Nonsense/Kiro_AWS_Nonsense/templates/index.html, /c:/Users/Admin/Downloads/Kiro_AWS_Nonsense/Kiro_AWS_Nonsense/static/app.js, /c:/Users/Admin/Downloads/Kiro_AWS_Nonsense/Kiro_AWS_Nonsense/static/style.css, /c:/Users/Admin/Downloads/Kiro_AWS_Nonsense/Kiro_AWS_Nonsense/config.py, /c:/Users/Admin/Downloads/Kiro_AWS_Nonsense/Kiro_AWS_Nonsense/analysis.py in 2ca6d61a-8dd9-40d2-bcb9-722b2bf524ae","conversationId":"sess_d14fddcc-6e67-44bf-9e29-c42e4bd22125","turnId":"2ca6d61a-8dd9-40d2-bcb9-722b2bf524ae","rootTurnId":"2ca6d61a-8dd9-40d2-bcb9-722b2bf524ae"}
{"timestamp":"2026-07-03T14:00:50.950Z","level":"info","message":"acp.policy-eval.complete {\"toolId\":\"fs_append\",\"effect\":\"allow\",\"capability\":\"fs_write\"}","conversationId":"sess_d14fddcc-6e67-44bf-9e29-c42e4bd22125","turnId":"2ca6d61a-8dd9-40d2-bcb9-722b2bf524ae","rootTurnId":"2ca6d61a-8dd9-40d2-bcb9-722b2bf524ae"}
{"timestamp":"2026-07-03T14:00:50.955Z","level":"info","message":"[SessionPersistence] Appended 1 message(s) to session sess_d14fddcc-6e67-44bf-9e29-c42e4bd22125","conversationId":"sess_d14fddcc-6e67-44bf-9e29-c42e4bd22125","turnId":"2ca6d61a-8dd9-40d2-bcb9-722b2bf524ae","rootTurnId":"2ca6d61a-8dd9-40d2-bcb9-722b2bf524ae"}
{"timestamp":"2026-07-03T14:00:50.964Z","level":"info","message":"[SessionPersistence] Snapshot deduplicated for static/app.js in session sess_d14fddcc-6e67-44bf-9e29-c42e4bd22125 (reused 5318e4f1)","conversationId":"sess_d14fddcc-6e67-44bf-9e29-c42e4bd22125","turnId":"2ca6d61a-8dd9-40d2-bcb9-722b2bf524ae","rootTurnId":"2ca6d61a-8dd9-40d2-bcb9-722b2bf524ae"}
{"timestamp":"2026-07-03T14:00:51.020Z","level":"info","message":"[SessionPersistence] Created snapshot 55e4bdb3 for static/app.js in session sess_d14fddcc-6e67-44bf-9e29-c42e4bd22125 (27057 bytes)","conversationId":"sess_d14fddcc-6e67-44bf-9e29-c42e4bd22125","turnId":"2ca6d61a-8dd9-40d2-bcb9-722b2bf524ae","rootTurnId":"2ca6d61a-8dd9-40d2-bcb9-722b2bf524ae"}
{"timestamp":"2026-07-03T14:00:51.031Z","level":"info","message":"[AgentIterator] Parallel invoking agent","conversationId":"sess_d14fddcc-6e67-44bf-9e29-c42e4bd22125","turnId":"2ca6d61a-8dd9-40d2-bcb9-722b2bf524ae","rootTurnId":"2ca6d61a-8dd9-40d2-bcb9-722b2bf524ae"}
{"timestamp":"2026-07-03T14:00:51.031Z","level":"info","message":"[Steering] Populating steering for execution 2ca6d61a-8dd9-40d2-bcb9-722b2bf524ae","conversationId":"sess_d14fddcc-6e67-44bf-9e29-c42e4bd22125","turnId":"2ca6d61a-8dd9-40d2-bcb9-722b2bf524ae","rootTurnId":"2ca6d61a-8dd9-40d2-bcb9-722b2bf524ae"}
{"timestamp":"2026-07-03T14:00:51.031Z","level":"info","message":"[Steering] ExistingFiles: /c:/Users/Admin/Downloads/Kiro_AWS_Nonsense/Kiro_AWS_Nonsense/app.py, /c:/Users/Admin/Downloads/Kiro_AWS_Nonsense/Kiro_AWS_Nonsense/templates/index.html, /c:/Users/Admin/Downloads/Kiro_AWS_Nonsense/Kiro_AWS_Nonsense/static/app.js, /c:/Users/Admin/Downloads/Kiro_AWS_Nonsense/Kiro_AWS_Nonsense/static/style.css, /c:/Users/Admin/Downloads/Kiro_AWS_Nonsense/Kiro_AWS_Nonsense/config.py, /c:/Users/Admin/Downloads/Kiro_AWS_Nonsense/Kiro_AWS_Nonsense/analysis.py in 2ca6d61a-8dd9-40d2-bcb9-722b2bf524ae","conversationId":"sess_d14fddcc-6e67-44bf-9e29-c42e4bd22125","turnId":"2ca6d61a-8dd9-40d2-bcb9-722b2bf524ae","rootTurnId":"2ca6d61a-8dd9-40d2-bcb9-722b2bf524ae"}
{"timestamp":"2026-07-03T14:00:51.032Z","level":"info","message":"[SessionPersistence] Appended 2 message(s) to session sess_d14fddcc-6e67-44bf-9e29-c42e4bd22125","conversationId":"sess_d14fddcc-6e67-44bf-9e29-c42e4bd22125","turnId":"2ca6d61a-8dd9-40d2-bcb9-722b2bf524ae","rootTurnId":"2ca6d61a-8dd9-40d2-bcb9-722b2bf524ae"}
{"timestamp":"2026-07-03T14:00:51.061Z","level":"info","message":"[q-developer-converse] Sending GenerateAssistantResponse modelId=auto agentMode=vibe origin=AI_EDITOR streaming=true conversationId=sess_d14fddcc-6e67-44bf-9e29-c42e4bd22125","conversationId":"sess_d14fddcc-6e67-44bf-9e29-c42e4bd22125","turnId":"2ca6d61a-8dd9-40d2-bcb9-722b2bf524ae","rootTurnId":"2ca6d61a-8dd9-40d2-bcb9-722b2bf524ae"}
{"timestamp":"2026-07-03T14:00:51.125Z","level":"info","message":"[q-developer-converse] Request payload: 10712605 chars, 54 history messages, conversationId=sess_d14fddcc-6e67-44bf-9e29-c42e4bd22125","conversationId":"sess_d14fddcc-6e67-44bf-9e29-c42e4bd22125","turnId":"2ca6d61a-8dd9-40d2-bcb9-722b2bf524ae","rootTurnId":"2ca6d61a-8dd9-40d2-bcb9-722b2bf524ae"}
{"timestamp":"2026-07-03T14:00:58.708Z","level":"info","message":"[AgentIterator] Synchronizing results","conversationId":"sess_d14fddcc-6e67-44bf-9e29-c42e4bd22125","turnId":"2ca6d61a-8dd9-40d2-bcb9-722b2bf524ae","rootTurnId":"2ca6d61a-8dd9-40d2-bcb9-722b2bf524ae"}
{"timestamp":"2026-07-03T14:00:58.708Z","level":"info","message":"[AgentIterator] Processing intent detection result","conversationId":"sess_d14fddcc-6e67-44bf-9e29-c42e4bd22125","turnId":"2ca6d61a-8dd9-40d2-bcb9-722b2bf524ae","rootTurnId":"2ca6d61a-8dd9-40d2-bcb9-722b2bf524ae"}
{"timestamp":"2026-07-03T14:00:58.709Z","level":"info","message":"[ChatAgent] Processing model response stream","conversationId":"sess_d14fddcc-6e67-44bf-9e29-c42e4bd22125","turnId":"2ca6d61a-8dd9-40d2-bcb9-722b2bf524ae","rootTurnId":"2ca6d61a-8dd9-40d2-bcb9-722b2bf524ae"}
{"timestamp":"2026-07-03T14:00:58.709Z","level":"info","message":"[Steering] Populating steering for execution 2ca6d61a-8dd9-40d2-bcb9-722b2bf524ae","conversationId":"sess_d14fddcc-6e67-44bf-9e29-c42e4bd22125","turnId":"2ca6d61a-8dd9-40d2-bcb9-722b2bf524ae","rootTurnId":"2ca6d61a-8dd9-40d2-bcb9-722b2bf524ae"}
{"timestamp":"2026-07-03T14:00:58.709Z","level":"info","message":"[Steering] ExistingFiles: /c:/Users/Admin/Downloads/Kiro_AWS_Nonsense/Kiro_AWS_Nonsense/app.py, /c:/Users/Admin/Downloads/Kiro_AWS_Nonsense/Kiro_AWS_Nonsense/templates/index.html, /c:/Users/Admin/Downloads/Kiro_AWS_Nonsense/Kiro_AWS_Nonsense/static/app.js, /c:/Users/Admin/Downloads/Kiro_AWS_Nonsense/Kiro_AWS_Nonsense/static/style.css, /c:/Users/Admin/Downloads/Kiro_AWS_Nonsense/Kiro_AWS_Nonsense/config.py, /c:/Users/Admin/Downloads/Kiro_AWS_Nonsense/Kiro_AWS_Nonsense/analysis.py in 2ca6d61a-8dd9-40d2-bcb9-722b2bf524ae","conversationId":"sess_d14fddcc-6e67-44bf-9e29-c42e4bd22125","turnId":"2ca6d61a-8dd9-40d2-bcb9-722b2bf524ae","rootTurnId":"2ca6d61a-8dd9-40d2-bcb9-722b2bf524ae"}
{"timestamp":"2026-07-03T14:01:04.590Z","level":"info","message":"acp.policy-eval.complete {\"toolId\":\"fs_append\",\"effect\":\"allow\",\"capability\":\"fs_write\"}","conversationId":"sess_d14fddcc-6e67-44bf-9e29-c42e4bd22125","turnId":"2ca6d61a-8dd9-40d2-bcb9-722b2bf524ae","rootTurnId":"2ca6d61a-8dd9-40d2-bcb9-722b2bf524ae"}
{"timestamp":"2026-07-03T14:01:04.596Z","level":"info","message":"[SessionPersistence] Appended 1 message(s) to session sess_d14fddcc-6e67-44bf-9e29-c42e4bd22125","conversationId":"sess_d14fddcc-6e67-44bf-9e29-c42e4bd22125","turnId":"2ca6d61a-8dd9-40d2-bcb9-722b2bf524ae","rootTurnId":"2ca6d61a-8dd9-40d2-bcb9-722b2bf524ae"}
{"timestamp":"2026-07-03T14:01:04.605Z","level":"info","message":"[SessionPersistence] Snapshot deduplicated for static/app.js in session sess_d14fddcc-6e67-44bf-9e29-c42e4bd22125 (reused 55e4bdb3)","conversationId":"sess_d14fddcc-6e67-44bf-9e29-c42e4bd22125","turnId":"2ca6d61a-8dd9-40d2-bcb9-722b2bf524ae","rootTurnId":"2ca6d61a-8dd9-40d2-bcb9-722b2bf524ae"}
{"timestamp":"2026-07-03T14:01:04.651Z","level":"info","message":"[SessionPersistence] Created snapshot 1d512b6c for static/app.js in session sess_d14fddcc-6e67-44bf-9e29-c42e4bd22125 (29052 bytes)","conversationId":"sess_d14fddcc-6e67-44bf-9e29-c42e4bd22125","turnId":"2ca6d61a-8dd9-40d2-bcb9-722b2bf524ae","rootTurnId":"2ca6d61a-8dd9-40d2-bcb9-722b2bf524ae"}
{"timestamp":"2026-07-03T14:01:04.656Z","level":"info","message":"[SessionPersistence] Appended 2 message(s) to session sess_d14fddcc-6e67-44bf-9e29-c42e4bd22125","conversationId":"sess_d14fddcc-6e67-44bf-9e29-c42e4bd22125","turnId":"2ca6d61a-8dd9-40d2-bcb9-722b2bf524ae","rootTurnId":"2ca6d61a-8dd9-40d2-bcb9-722b2bf524ae"}
{"timestamp":"2026-07-03T14:01:04.661Z","level":"info","message":"[AgentIterator] Parallel invoking agent","conversationId":"sess_d14fddcc-6e67-44bf-9e29-c42e4bd22125","turnId":"2ca6d61a-8dd9-40d2-bcb9-722b2bf524ae","rootTurnId":"2ca6d61a-8dd9-40d2-bcb9-722b2bf524ae"}
{"timestamp":"2026-07-03T14:01:04.661Z","level":"info","message":"[Steering] Populating steering for execution 2ca6d61a-8dd9-40d2-bcb9-722b2bf524ae","conversationId":"sess_d14fddcc-6e67-44bf-9e29-c42e4bd22125","turnId":"2ca6d61a-8dd9-40d2-bcb9-722b2bf524ae","rootTurnId":"2ca6d61a-8dd9-40d2-bcb9-722b2bf524ae"}
{"timestamp":"2026-07-03T14:01:04.661Z","level":"info","message":"[Steering] ExistingFiles: /c:/Users/Admin/Downloads/Kiro_AWS_Nonsense/Kiro_AWS_Nonsense/app.py, /c:/Users/Admin/Downloads/Kiro_AWS_Nonsense/Kiro_AWS_Nonsense/templates/index.html, /c:/Users/Admin/Downloads/Kiro_AWS_Nonsense/Kiro_AWS_Nonsense/static/app.js, /c:/Users/Admin/Downloads/Kiro_AWS_Nonsense/Kiro_AWS_Nonsense/static/style.css, /c:/Users/Admin/Downloads/Kiro_AWS_Nonsense/Kiro_AWS_Nonsense/config.py, /c:/Users/Admin/Downloads/Kiro_AWS_Nonsense/Kiro_AWS_Nonsense/analysis.py in 2ca6d61a-8dd9-40d2-bcb9-722b2bf524ae","conversationId":"sess_d14fddcc-6e67-44bf-9e29-c42e4bd22125","turnId":"2ca6d61a-8dd9-40d2-bcb9-722b2bf524ae","rootTurnId":"2ca6d61a-8dd9-40d2-bcb9-722b2bf524ae"}
{"timestamp":"2026-07-03T14:01:04.692Z","level":"info","message":"[q-developer-converse] Sending GenerateAssistantResponse modelId=auto agentMode=vibe origin=AI_EDITOR streaming=true conversationId=sess_d14fddcc-6e67-44bf-9e29-c42e4bd22125","conversationId":"sess_d14fddcc-6e67-44bf-9e29-c42e4bd22125","turnId":"2ca6d61a-8dd9-40d2-bcb9-722b2bf524ae","rootTurnId":"2ca6d61a-8dd9-40d2-bcb9-722b2bf524ae"}
{"timestamp":"2026-07-03T14:01:04.761Z","level":"info","message":"[q-developer-converse] Request payload: 10715194 chars, 56 history messages, conversationId=sess_d14fddcc-6e67-44bf-9e29-c42e4bd22125","conversationId":"sess_d14fddcc-6e67-44bf-9e29-c42e4bd22125","turnId":"2ca6d61a-8dd9-40d2-bcb9-722b2bf524ae","rootTurnId":"2ca6d61a-8dd9-40d2-bcb9-722b2bf524ae"}
{"timestamp":"2026-07-03T14:01:13.089Z","level":"info","message":"[AgentIterator] Synchronizing results","conversationId":"sess_d14fddcc-6e67-44bf-9e29-c42e4bd22125","turnId":"2ca6d61a-8dd9-40d2-bcb9-722b2bf524ae","rootTurnId":"2ca6d61a-8dd9-40d2-bcb9-722b2bf524ae"}
{"timestamp":"2026-07-03T14:01:13.089Z","level":"info","message":"[AgentIterator] Processing intent detection result","conversationId":"sess_d14fddcc-6e67-44bf-9e29-c42e4bd22125","turnId":"2ca6d61a-8dd9-40d2-bcb9-722b2bf524ae","rootTurnId":"2ca6d61a-8dd9-40d2-bcb9-722b2bf524ae"}
{"timestamp":"2026-07-03T14:01:13.090Z","level":"info","message":"[ChatAgent] Processing model response stream","conversationId":"sess_d14fddcc-6e67-44bf-9e29-c42e4bd22125","turnId":"2ca6d61a-8dd9-40d2-bcb9-722b2bf524ae","rootTurnId":"2ca6d61a-8dd9-40d2-bcb9-722b2bf524ae"}
{"timestamp":"2026-07-03T14:01:13.090Z","level":"info","message":"[Steering] Populating steering for execution 2ca6d61a-8dd9-40d2-bcb9-722b2bf524ae","conversationId":"sess_d14fddcc-6e67-44bf-9e29-c42e4bd22125","turnId":"2ca6d61a-8dd9-40d2-bcb9-722b2bf524ae","rootTurnId":"2ca6d61a-8dd9-40d2-bcb9-722b2bf524ae"}
{"timestamp":"2026-07-03T14:01:13.090Z","level":"info","message":"[Steering] ExistingFiles: /c:/Users/Admin/Downloads/Kiro_AWS_Nonsense/Kiro_AWS_Nonsense/app.py, /c:/Users/Admin/Downloads/Kiro_AWS_Nonsense/Kiro_AWS_Nonsense/templates/index.html, /c:/Users/Admin/Downloads/Kiro_AWS_Nonsense/Kiro_AWS_Nonsense/static/app.js, /c:/Users/Admin/Downloads/Kiro_AWS_Nonsense/Kiro_AWS_Nonsense/static/style.css, /c:/Users/Admin/Downloads/Kiro_AWS_Nonsense/Kiro_AWS_Nonsense/config.py, /c:/Users/Admin/Downloads/Kiro_AWS_Nonsense/Kiro_AWS_Nonsense/analysis.py in 2ca6d61a-8dd9-40d2-bcb9-722b2bf524ae","conversationId":"sess_d14fddcc-6e67-44bf-9e29-c42e4bd22125","turnId":"2ca6d61a-8dd9-40d2-bcb9-722b2bf524ae","rootTurnId":"2ca6d61a-8dd9-40d2-bcb9-722b2bf524ae"}
{"timestamp":"2026-07-03T14:01:18.302Z","level":"info","message":"acp.policy-eval.complete {\"toolId\":\"fs_append\",\"effect\":\"allow\",\"capability\":\"fs_write\"}","conversationId":"sess_d14fddcc-6e67-44bf-9e29-c42e4bd22125","turnId":"2ca6d61a-8dd9-40d2-bcb9-722b2bf524ae","rootTurnId":"2ca6d61a-8dd9-40d2-bcb9-722b2bf524ae"}
{"timestamp":"2026-07-03T14:01:18.308Z","level":"info","message":"[SessionPersistence] Appended 1 message(s) to session sess_d14fddcc-6e67-44bf-9e29-c42e4bd22125","conversationId":"sess_d14fddcc-6e67-44bf-9e29-c42e4bd22125","turnId":"2ca6d61a-8dd9-40d2-bcb9-722b2bf524ae","rootTurnId":"2ca6d61a-8dd9-40d2-bcb9-722b2bf524ae"}
{"timestamp":"2026-07-03T14:01:18.317Z","level":"info","message":"[SessionPersistence] Snapshot deduplicated for static/app.js in session sess_d14fddcc-6e67-44bf-9e29-c42e4bd22125 (reused 1d512b6c)","conversationId":"sess_d14fddcc-6e67-44bf-9e29-c42e4bd22125","turnId":"2ca6d61a-8dd9-40d2-bcb9-722b2bf524ae","rootTurnId":"2ca6d61a-8dd9-40d2-bcb9-722b2bf524ae"}
{"timestamp":"2026-07-03T14:01:18.363Z","level":"info","message":"[SessionPersistence] Created snapshot 035ded39 for static/app.js in session sess_d14fddcc-6e67-44bf-9e29-c42e4bd22125 (30706 bytes)","conversationId":"sess_d14fddcc-6e67-44bf-9e29-c42e4bd22125","turnId":"2ca6d61a-8dd9-40d2-bcb9-722b2bf524ae","rootTurnId":"2ca6d61a-8dd9-40d2-bcb9-722b2bf524ae"}
{"timestamp":"2026-07-03T14:01:18.371Z","level":"info","message":"[AgentIterator] Parallel invoking agent","conversationId":"sess_d14fddcc-6e67-44bf-9e29-c42e4bd22125","turnId":"2ca6d61a-8dd9-40d2-bcb9-722b2bf524ae","rootTurnId":"2ca6d61a-8dd9-40d2-bcb9-722b2bf524ae"}
{"timestamp":"2026-07-03T14:01:18.371Z","level":"info","message":"[Steering] Populating steering for execution 2ca6d61a-8dd9-40d2-bcb9-722b2bf524ae","conversationId":"sess_d14fddcc-6e67-44bf-9e29-c42e4bd22125","turnId":"2ca6d61a-8dd9-40d2-bcb9-722b2bf524ae","rootTurnId":"2ca6d61a-8dd9-40d2-bcb9-722b2bf524ae"}
{"timestamp":"2026-07-03T14:01:18.371Z","level":"info","message":"[Steering] ExistingFiles: /c:/Users/Admin/Downloads/Kiro_AWS_Nonsense/Kiro_AWS_Nonsense/app.py, /c:/Users/Admin/Downloads/Kiro_AWS_Nonsense/Kiro_AWS_Nonsense/templates/index.html, /c:/Users/Admin/Downloads/Kiro_AWS_Nonsense/Kiro_AWS_Nonsense/static/app.js, /c:/Users/Admin/Downloads/Kiro_AWS_Nonsense/Kiro_AWS_Nonsense/static/style.css, /c:/Users/Admin/Downloads/Kiro_AWS_Nonsense/Kiro_AWS_Nonsense/config.py, /c:/Users/Admin/Downloads/Kiro_AWS_Nonsense/Kiro_AWS_Nonsense/analysis.py in 2ca6d61a-8dd9-40d2-bcb9-722b2bf524ae","conversationId":"sess_d14fddcc-6e67-44bf-9e29-c42e4bd22125","turnId":"2ca6d61a-8dd9-40d2-bcb9-722b2bf524ae","rootTurnId":"2ca6d61a-8dd9-40d2-bcb9-722b2bf524ae"}
{"timestamp":"2026-07-03T14:01:18.372Z","level":"info","message":"[SessionPersistence] Appended 2 message(s) to session sess_d14fddcc-6e67-44bf-9e29-c42e4bd22125","conversationId":"sess_d14fddcc-6e67-44bf-9e29-c42e4bd22125","turnId":"2ca6d61a-8dd9-40d2-bcb9-722b2bf524ae","rootTurnId":"2ca6d61a-8dd9-40d2-bcb9-722b2bf524ae"}
{"timestamp":"2026-07-03T14:01:18.421Z","level":"info","message":"[q-developer-converse] Sending GenerateAssistantResponse modelId=auto agentMode=vibe origin=AI_EDITOR streaming=true conversationId=sess_d14fddcc-6e67-44bf-9e29-c42e4bd22125","conversationId":"sess_d14fddcc-6e67-44bf-9e29-c42e4bd22125","turnId":"2ca6d61a-8dd9-40d2-bcb9-722b2bf524ae","rootTurnId":"2ca6d61a-8dd9-40d2-bcb9-722b2bf524ae"}
{"timestamp":"2026-07-03T14:01:18.495Z","level":"info","message":"[q-developer-converse] Request payload: 10717430 chars, 58 history messages, conversationId=sess_d14fddcc-6e67-44bf-9e29-c42e4bd22125","conversationId":"sess_d14fddcc-6e67-44bf-9e29-c42e4bd22125","turnId":"2ca6d61a-8dd9-40d2-bcb9-722b2bf524ae","rootTurnId":"2ca6d61a-8dd9-40d2-bcb9-722b2bf524ae"}
{"timestamp":"2026-07-03T14:01:26.705Z","level":"info","message":"[AgentIterator] Synchronizing results","conversationId":"sess_d14fddcc-6e67-44bf-9e29-c42e4bd22125","turnId":"2ca6d61a-8dd9-40d2-bcb9-722b2bf524ae","rootTurnId":"2ca6d61a-8dd9-40d2-bcb9-722b2bf524ae"}
{"timestamp":"2026-07-03T14:01:26.705Z","level":"info","message":"[AgentIterator] Processing intent detection result","conversationId":"sess_d14fddcc-6e67-44bf-9e29-c42e4bd22125","turnId":"2ca6d61a-8dd9-40d2-bcb9-722b2bf524ae","rootTurnId":"2ca6d61a-8dd9-40d2-bcb9-722b2bf524ae"}
{"timestamp":"2026-07-03T14:01:26.706Z","level":"info","message":"[ChatAgent] Processing model response stream","conversationId":"sess_d14fddcc-6e67-44bf-9e29-c42e4bd22125","turnId":"2ca6d61a-8dd9-40d2-bcb9-722b2bf524ae","rootTurnId":"2ca6d61a-8dd9-40d2-bcb9-722b2bf524ae"}
{"timestamp":"2026-07-03T14:01:26.706Z","level":"info","message":"[Steering] Populating steering for execution 2ca6d61a-8dd9-40d2-bcb9-722b2bf524ae","conversationId":"sess_d14fddcc-6e67-44bf-9e29-c42e4bd22125","turnId":"2ca6d61a-8dd9-40d2-bcb9-722b2bf524ae","rootTurnId":"2ca6d61a-8dd9-40d2-bcb9-722b2bf524ae"}
{"timestamp":"2026-07-03T14:01:26.706Z","level":"info","message":"[Steering] ExistingFiles: /c:/Users/Admin/Downloads/Kiro_AWS_Nonsense/Kiro_AWS_Nonsense/app.py, /c:/Users/Admin/Downloads/Kiro_AWS_Nonsense/Kiro_AWS_Nonsense/templates/index.html, /c:/Users/Admin/Downloads/Kiro_AWS_Nonsense/Kiro_AWS_Nonsense/static/app.js, /c:/Users/Admin/Downloads/Kiro_AWS_Nonsense/Kiro_AWS_Nonsense/static/style.css, /c:/Users/Admin/Downloads/Kiro_AWS_Nonsense/Kiro_AWS_Nonsense/config.py, /c:/Users/Admin/Downloads/Kiro_AWS_Nonsense/Kiro_AWS_Nonsense/analysis.py in 2ca6d61a-8dd9-40d2-bcb9-722b2bf524ae","conversationId":"sess_d14fddcc-6e67-44bf-9e29-c42e4bd22125","turnId":"2ca6d61a-8dd9-40d2-bcb9-722b2bf524ae","rootTurnId":"2ca6d61a-8dd9-40d2-bcb9-722b2bf524ae"}
{"timestamp":"2026-07-03T14:01:29.543Z","level":"info","message":"[AgentIterator] Parallel invoking agent","conversationId":"sess_d14fddcc-6e67-44bf-9e29-c42e4bd22125","turnId":"2ca6d61a-8dd9-40d2-bcb9-722b2bf524ae","rootTurnId":"2ca6d61a-8dd9-40d2-bcb9-722b2bf524ae"}
{"timestamp":"2026-07-03T14:01:29.543Z","level":"info","message":"[Steering] Populating steering for execution 2ca6d61a-8dd9-40d2-bcb9-722b2bf524ae","conversationId":"sess_d14fddcc-6e67-44bf-9e29-c42e4bd22125","turnId":"2ca6d61a-8dd9-40d2-bcb9-722b2bf524ae","rootTurnId":"2ca6d61a-8dd9-40d2-bcb9-722b2bf524ae"}
{"timestamp":"2026-07-03T14:01:29.543Z","level":"info","message":"[Steering] ExistingFiles: /c:/Users/Admin/Downloads/Kiro_AWS_Nonsense/Kiro_AWS_Nonsense/app.py, /c:/Users/Admin/Downloads/Kiro_AWS_Nonsense/Kiro_AWS_Nonsense/templates/index.html, /c:/Users/Admin/Downloads/Kiro_AWS_Nonsense/Kiro_AWS_Nonsense/static/app.js, /c:/Users/Admin/Downloads/Kiro_AWS_Nonsense/Kiro_AWS_Nonsense/static/style.css, /c:/Users/Admin/Downloads/Kiro_AWS_Nonsense/Kiro_AWS_Nonsense/config.py, /c:/Users/Admin/Downloads/Kiro_AWS_Nonsense/Kiro_AWS_Nonsense/analysis.py in 2ca6d61a-8dd9-40d2-bcb9-722b2bf524ae","conversationId":"sess_d14fddcc-6e67-44bf-9e29-c42e4bd22125","turnId":"2ca6d61a-8dd9-40d2-bcb9-722b2bf524ae","rootTurnId":"2ca6d61a-8dd9-40d2-bcb9-722b2bf524ae"}
{"timestamp":"2026-07-03T14:01:29.549Z","level":"info","message":"[SessionPersistence] Appended 2 message(s) to session sess_d14fddcc-6e67-44bf-9e29-c42e4bd22125","conversationId":"sess_d14fddcc-6e67-44bf-9e29-c42e4bd22125","turnId":"2ca6d61a-8dd9-40d2-bcb9-722b2bf524ae","rootTurnId":"2ca6d61a-8dd9-40d2-bcb9-722b2bf524ae"}
{"timestamp":"2026-07-03T14:01:29.549Z","level":"info","message":"Injecting todo list context into conversation","conversationId":"sess_d14fddcc-6e67-44bf-9e29-c42e4bd22125","turnId":"2ca6d61a-8dd9-40d2-bcb9-722b2bf524ae","rootTurnId":"2ca6d61a-8dd9-40d2-bcb9-722b2bf524ae"}
{"timestamp":"2026-07-03T14:01:29.578Z","level":"info","message":"[q-developer-converse] Sending GenerateAssistantResponse modelId=auto agentMode=vibe origin=AI_EDITOR streaming=true conversationId=sess_d14fddcc-6e67-44bf-9e29-c42e4bd22125","conversationId":"sess_d14fddcc-6e67-44bf-9e29-c42e4bd22125","turnId":"2ca6d61a-8dd9-40d2-bcb9-722b2bf524ae","rootTurnId":"2ca6d61a-8dd9-40d2-bcb9-722b2bf524ae"}
{"timestamp":"2026-07-03T14:01:29.645Z","level":"info","message":"[q-developer-converse] Request payload: 10722588 chars, 62 history messages, conversationId=sess_d14fddcc-6e67-44bf-9e29-c42e4bd22125","conversationId":"sess_d14fddcc-6e67-44bf-9e29-c42e4bd22125","turnId":"2ca6d61a-8dd9-40d2-bcb9-722b2bf524ae","rootTurnId":"2ca6d61a-8dd9-40d2-bcb9-722b2bf524ae"}
{"timestamp":"2026-07-03T14:01:29.671Z","level":"info","message":"[SessionPersistence] Appended 1 message(s) to session sess_d14fddcc-6e67-44bf-9e29-c42e4bd22125","conversationId":"sess_d14fddcc-6e67-44bf-9e29-c42e4bd22125","turnId":"2ca6d61a-8dd9-40d2-bcb9-722b2bf524ae","rootTurnId":"2ca6d61a-8dd9-40d2-bcb9-722b2bf524ae"}
{"timestamp":"2026-07-03T14:01:37.641Z","level":"info","message":"[AgentIterator] Synchronizing results","conversationId":"sess_d14fddcc-6e67-44bf-9e29-c42e4bd22125","turnId":"2ca6d61a-8dd9-40d2-bcb9-722b2bf524ae","rootTurnId":"2ca6d61a-8dd9-40d2-bcb9-722b2bf524ae"}
{"timestamp":"2026-07-03T14:01:37.641Z","level":"info","message":"[AgentIterator] Processing intent detection result","conversationId":"sess_d14fddcc-6e67-44bf-9e29-c42e4bd22125","turnId":"2ca6d61a-8dd9-40d2-bcb9-722b2bf524ae","rootTurnId":"2ca6d61a-8dd9-40d2-bcb9-722b2bf524ae"}
{"timestamp":"2026-07-03T14:01:37.641Z","level":"info","message":"[ChatAgent] Processing model response stream","conversationId":"sess_d14fddcc-6e67-44bf-9e29-c42e4bd22125","turnId":"2ca6d61a-8dd9-40d2-bcb9-722b2bf524ae","rootTurnId":"2ca6d61a-8dd9-40d2-bcb9-722b2bf524ae"}
{"timestamp":"2026-07-03T14:01:37.642Z","level":"info","message":"[Steering] Populating steering for execution 2ca6d61a-8dd9-40d2-bcb9-722b2bf524ae","conversationId":"sess_d14fddcc-6e67-44bf-9e29-c42e4bd22125","turnId":"2ca6d61a-8dd9-40d2-bcb9-722b2bf524ae","rootTurnId":"2ca6d61a-8dd9-40d2-bcb9-722b2bf524ae"}
{"timestamp":"2026-07-03T14:01:37.642Z","level":"info","message":"[Steering] ExistingFiles: /c:/Users/Admin/Downloads/Kiro_AWS_Nonsense/Kiro_AWS_Nonsense/app.py, /c:/Users/Admin/Downloads/Kiro_AWS_Nonsense/Kiro_AWS_Nonsense/templates/index.html, /c:/Users/Admin/Downloads/Kiro_AWS_Nonsense/Kiro_AWS_Nonsense/static/app.js, /c:/Users/Admin/Downloads/Kiro_AWS_Nonsense/Kiro_AWS_Nonsense/static/style.css, /c:/Users/Admin/Downloads/Kiro_AWS_Nonsense/Kiro_AWS_Nonsense/config.py, /c:/Users/Admin/Downloads/Kiro_AWS_Nonsense/Kiro_AWS_Nonsense/analysis.py in 2ca6d61a-8dd9-40d2-bcb9-722b2bf524ae","conversationId":"sess_d14fddcc-6e67-44bf-9e29-c42e4bd22125","turnId":"2ca6d61a-8dd9-40d2-bcb9-722b2bf524ae","rootTurnId":"2ca6d61a-8dd9-40d2-bcb9-722b2bf524ae"}
{"timestamp":"2026-07-03T14:01:41.644Z","level":"info","message":"acp.policy-eval.complete {\"toolId\":\"fs_append\",\"effect\":\"allow\",\"capability\":\"fs_write\"}","conversationId":"sess_d14fddcc-6e67-44bf-9e29-c42e4bd22125","turnId":"2ca6d61a-8dd9-40d2-bcb9-722b2bf524ae","rootTurnId":"2ca6d61a-8dd9-40d2-bcb9-722b2bf524ae"}
{"timestamp":"2026-07-03T14:01:41.650Z","level":"info","message":"[SessionPersistence] Appended 1 message(s) to session sess_d14fddcc-6e67-44bf-9e29-c42e4bd22125","conversationId":"sess_d14fddcc-6e67-44bf-9e29-c42e4bd22125","turnId":"2ca6d61a-8dd9-40d2-bcb9-722b2bf524ae","rootTurnId":"2ca6d61a-8dd9-40d2-bcb9-722b2bf524ae"}
{"timestamp":"2026-07-03T14:01:41.661Z","level":"info","message":"[SessionPersistence] Created snapshot 6822d89c for static/style.css in session sess_d14fddcc-6e67-44bf-9e29-c42e4bd22125 (11186 bytes)","conversationId":"sess_d14fddcc-6e67-44bf-9e29-c42e4bd22125","turnId":"2ca6d61a-8dd9-40d2-bcb9-722b2bf524ae","rootTurnId":"2ca6d61a-8dd9-40d2-bcb9-722b2bf524ae"}
{"timestamp":"2026-07-03T14:01:41.746Z","level":"info","message":"[SessionPersistence] Created snapshot 7355dc85 for static/style.css in session sess_d14fddcc-6e67-44bf-9e29-c42e4bd22125 (12047 bytes)","conversationId":"sess_d14fddcc-6e67-44bf-9e29-c42e4bd22125","turnId":"2ca6d61a-8dd9-40d2-bcb9-722b2bf524ae","rootTurnId":"2ca6d61a-8dd9-40d2-bcb9-722b2bf524ae"}
{"timestamp":"2026-07-03T14:01:41.755Z","level":"info","message":"[AgentIterator] Parallel invoking agent","conversationId":"sess_d14fddcc-6e67-44bf-9e29-c42e4bd22125","turnId":"2ca6d61a-8dd9-40d2-bcb9-722b2bf524ae","rootTurnId":"2ca6d61a-8dd9-40d2-bcb9-722b2bf524ae"}
{"timestamp":"2026-07-03T14:01:41.755Z","level":"info","message":"[Steering] Populating steering for execution 2ca6d61a-8dd9-40d2-bcb9-722b2bf524ae","conversationId":"sess_d14fddcc-6e67-44bf-9e29-c42e4bd22125","turnId":"2ca6d61a-8dd9-40d2-bcb9-722b2bf524ae","rootTurnId":"2ca6d61a-8dd9-40d2-bcb9-722b2bf524ae"}
{"timestamp":"2026-07-03T14:01:41.755Z","level":"info","message":"[Steering] ExistingFiles: /c:/Users/Admin/Downloads/Kiro_AWS_Nonsense/Kiro_AWS_Nonsense/app.py, /c:/Users/Admin/Downloads/Kiro_AWS_Nonsense/Kiro_AWS_Nonsense/templates/index.html, /c:/Users/Admin/Downloads/Kiro_AWS_Nonsense/Kiro_AWS_Nonsense/static/app.js, /c:/Users/Admin/Downloads/Kiro_AWS_Nonsense/Kiro_AWS_Nonsense/static/style.css, /c:/Users/Admin/Downloads/Kiro_AWS_Nonsense/Kiro_AWS_Nonsense/config.py, /c:/Users/Admin/Downloads/Kiro_AWS_Nonsense/Kiro_AWS_Nonsense/analysis.py in 2ca6d61a-8dd9-40d2-bcb9-722b2bf524ae","conversationId":"sess_d14fddcc-6e67-44bf-9e29-c42e4bd22125","turnId":"2ca6d61a-8dd9-40d2-bcb9-722b2bf524ae","rootTurnId":"2ca6d61a-8dd9-40d2-bcb9-722b2bf524ae"}
{"timestamp":"2026-07-03T14:01:41.756Z","level":"info","message":"[SessionPersistence] Appended 2 message(s) to session sess_d14fddcc-6e67-44bf-9e29-c42e4bd22125","conversationId":"sess_d14fddcc-6e67-44bf-9e29-c42e4bd22125","turnId":"2ca6d61a-8dd9-40d2-bcb9-722b2bf524ae","rootTurnId":"2ca6d61a-8dd9-40d2-bcb9-722b2bf524ae"}
{"timestamp":"2026-07-03T14:01:41.788Z","level":"info","message":"[q-developer-converse] Sending GenerateAssistantResponse modelId=auto agentMode=vibe origin=AI_EDITOR streaming=true conversationId=sess_d14fddcc-6e67-44bf-9e29-c42e4bd22125","conversationId":"sess_d14fddcc-6e67-44bf-9e29-c42e4bd22125","turnId":"2ca6d61a-8dd9-40d2-bcb9-722b2bf524ae","rootTurnId":"2ca6d61a-8dd9-40d2-bcb9-722b2bf524ae"}
{"timestamp":"2026-07-03T14:01:41.859Z","level":"info","message":"[q-developer-converse] Request payload: 10723981 chars, 64 history messages, conversationId=sess_d14fddcc-6e67-44bf-9e29-c42e4bd22125","conversationId":"sess_d14fddcc-6e67-44bf-9e29-c42e4bd22125","turnId":"2ca6d61a-8dd9-40d2-bcb9-722b2bf524ae","rootTurnId":"2ca6d61a-8dd9-40d2-bcb9-722b2bf524ae"}
{"timestamp":"2026-07-03T14:01:50.313Z","level":"info","message":"[AgentIterator] Synchronizing results","conversationId":"sess_d14fddcc-6e67-44bf-9e29-c42e4bd22125","turnId":"2ca6d61a-8dd9-40d2-bcb9-722b2bf524ae","rootTurnId":"2ca6d61a-8dd9-40d2-bcb9-722b2bf524ae"}
{"timestamp":"2026-07-03T14:01:50.313Z","level":"info","message":"[AgentIterator] Processing intent detection result","conversationId":"sess_d14fddcc-6e67-44bf-9e29-c42e4bd22125","turnId":"2ca6d61a-8dd9-40d2-bcb9-722b2bf524ae","rootTurnId":"2ca6d61a-8dd9-40d2-bcb9-722b2bf524ae"}
{"timestamp":"2026-07-03T14:01:50.314Z","level":"info","message":"[ChatAgent] Processing model response stream","conversationId":"sess_d14fddcc-6e67-44bf-9e29-c42e4bd22125","turnId":"2ca6d61a-8dd9-40d2-bcb9-722b2bf524ae","rootTurnId":"2ca6d61a-8dd9-40d2-bcb9-722b2bf524ae"}
{"timestamp":"2026-07-03T14:01:50.314Z","level":"info","message":"[Steering] Populating steering for execution 2ca6d61a-8dd9-40d2-bcb9-722b2bf524ae","conversationId":"sess_d14fddcc-6e67-44bf-9e29-c42e4bd22125","turnId":"2ca6d61a-8dd9-40d2-bcb9-722b2bf524ae","rootTurnId":"2ca6d61a-8dd9-40d2-bcb9-722b2bf524ae"}
{"timestamp":"2026-07-03T14:01:50.314Z","level":"info","message":"[Steering] ExistingFiles: /c:/Users/Admin/Downloads/Kiro_AWS_Nonsense/Kiro_AWS_Nonsense/app.py, /c:/Users/Admin/Downloads/Kiro_AWS_Nonsense/Kiro_AWS_Nonsense/templates/index.html, /c:/Users/Admin/Downloads/Kiro_AWS_Nonsense/Kiro_AWS_Nonsense/static/app.js, /c:/Users/Admin/Downloads/Kiro_AWS_Nonsense/Kiro_AWS_Nonsense/static/style.css, /c:/Users/Admin/Downloads/Kiro_AWS_Nonsense/Kiro_AWS_Nonsense/config.py, /c:/Users/Admin/Downloads/Kiro_AWS_Nonsense/Kiro_AWS_Nonsense/analysis.py in 2ca6d61a-8dd9-40d2-bcb9-722b2bf524ae","conversationId":"sess_d14fddcc-6e67-44bf-9e29-c42e4bd22125","turnId":"2ca6d61a-8dd9-40d2-bcb9-722b2bf524ae","rootTurnId":"2ca6d61a-8dd9-40d2-bcb9-722b2bf524ae"}
{"timestamp":"2026-07-03T14:01:57.402Z","level":"info","message":"acp.policy-eval.complete {\"toolId\":\"fs_append\",\"effect\":\"allow\",\"capability\":\"fs_write\"}","conversationId":"sess_d14fddcc-6e67-44bf-9e29-c42e4bd22125","turnId":"2ca6d61a-8dd9-40d2-bcb9-722b2bf524ae","rootTurnId":"2ca6d61a-8dd9-40d2-bcb9-722b2bf524ae"}
{"timestamp":"2026-07-03T14:01:57.407Z","level":"info","message":"[SessionPersistence] Appended 1 message(s) to session sess_d14fddcc-6e67-44bf-9e29-c42e4bd22125","conversationId":"sess_d14fddcc-6e67-44bf-9e29-c42e4bd22125","turnId":"2ca6d61a-8dd9-40d2-bcb9-722b2bf524ae","rootTurnId":"2ca6d61a-8dd9-40d2-bcb9-722b2bf524ae"}
{"timestamp":"2026-07-03T14:01:57.415Z","level":"info","message":"[SessionPersistence] Snapshot deduplicated for static/style.css in session sess_d14fddcc-6e67-44bf-9e29-c42e4bd22125 (reused 7355dc85)","conversationId":"sess_d14fddcc-6e67-44bf-9e29-c42e4bd22125","turnId":"2ca6d61a-8dd9-40d2-bcb9-722b2bf524ae","rootTurnId":"2ca6d61a-8dd9-40d2-bcb9-722b2bf524ae"}
{"timestamp":"2026-07-03T14:01:57.451Z","level":"info","message":"[SessionPersistence] Created snapshot 16289727 for static/style.css in session sess_d14fddcc-6e67-44bf-9e29-c42e4bd22125 (13638 bytes)","conversationId":"sess_d14fddcc-6e67-44bf-9e29-c42e4bd22125","turnId":"2ca6d61a-8dd9-40d2-bcb9-722b2bf524ae","rootTurnId":"2ca6d61a-8dd9-40d2-bcb9-722b2bf524ae"}
{"timestamp":"2026-07-03T14:01:57.460Z","level":"info","message":"[AgentIterator] Parallel invoking agent","conversationId":"sess_d14fddcc-6e67-44bf-9e29-c42e4bd22125","turnId":"2ca6d61a-8dd9-40d2-bcb9-722b2bf524ae","rootTurnId":"2ca6d61a-8dd9-40d2-bcb9-722b2bf524ae"}
{"timestamp":"2026-07-03T14:01:57.460Z","level":"info","message":"[Steering] Populating steering for execution 2ca6d61a-8dd9-40d2-bcb9-722b2bf524ae","conversationId":"sess_d14fddcc-6e67-44bf-9e29-c42e4bd22125","turnId":"2ca6d61a-8dd9-40d2-bcb9-722b2bf524ae","rootTurnId":"2ca6d61a-8dd9-40d2-bcb9-722b2bf524ae"}
{"timestamp":"2026-07-03T14:01:57.460Z","level":"info","message":"[Steering] ExistingFiles: /c:/Users/Admin/Downloads/Kiro_AWS_Nonsense/Kiro_AWS_Nonsense/app.py, /c:/Users/Admin/Downloads/Kiro_AWS_Nonsense/Kiro_AWS_Nonsense/templates/index.html, /c:/Users/Admin/Downloads/Kiro_AWS_Nonsense/Kiro_AWS_Nonsense/static/app.js, /c:/Users/Admin/Downloads/Kiro_AWS_Nonsense/Kiro_AWS_Nonsense/static/style.css, /c:/Users/Admin/Downloads/Kiro_AWS_Nonsense/Kiro_AWS_Nonsense/config.py, /c:/Users/Admin/Downloads/Kiro_AWS_Nonsense/Kiro_AWS_Nonsense/analysis.py in 2ca6d61a-8dd9-40d2-bcb9-722b2bf524ae","conversationId":"sess_d14fddcc-6e67-44bf-9e29-c42e4bd22125","turnId":"2ca6d61a-8dd9-40d2-bcb9-722b2bf524ae","rootTurnId":"2ca6d61a-8dd9-40d2-bcb9-722b2bf524ae"}
{"timestamp":"2026-07-03T14:01:57.460Z","level":"info","message":"[SessionPersistence] Appended 2 message(s) to session sess_d14fddcc-6e67-44bf-9e29-c42e4bd22125","conversationId":"sess_d14fddcc-6e67-44bf-9e29-c42e4bd22125","turnId":"2ca6d61a-8dd9-40d2-bcb9-722b2bf524ae","rootTurnId":"2ca6d61a-8dd9-40d2-bcb9-722b2bf524ae"}
{"timestamp":"2026-07-03T14:01:57.491Z","level":"info","message":"[q-developer-converse] Sending GenerateAssistantResponse modelId=auto agentMode=vibe origin=AI_EDITOR streaming=true conversationId=sess_d14fddcc-6e67-44bf-9e29-c42e4bd22125","conversationId":"sess_d14fddcc-6e67-44bf-9e29-c42e4bd22125","turnId":"2ca6d61a-8dd9-40d2-bcb9-722b2bf524ae","rootTurnId":"2ca6d61a-8dd9-40d2-bcb9-722b2bf524ae"}
{"timestamp":"2026-07-03T14:01:57.556Z","level":"info","message":"[q-developer-converse] Request payload: 10726132 chars, 66 history messages, conversationId=sess_d14fddcc-6e67-44bf-9e29-c42e4bd22125","conversationId":"sess_d14fddcc-6e67-44bf-9e29-c42e4bd22125","turnId":"2ca6d61a-8dd9-40d2-bcb9-722b2bf524ae","rootTurnId":"2ca6d61a-8dd9-40d2-bcb9-722b2bf524ae"}
{"timestamp":"2026-07-03T14:02:05.441Z","level":"info","message":"[AgentIterator] Synchronizing results","conversationId":"sess_d14fddcc-6e67-44bf-9e29-c42e4bd22125","turnId":"2ca6d61a-8dd9-40d2-bcb9-722b2bf524ae","rootTurnId":"2ca6d61a-8dd9-40d2-bcb9-722b2bf524ae"}
{"timestamp":"2026-07-03T14:02:05.441Z","level":"info","message":"[AgentIterator] Processing intent detection result","conversationId":"sess_d14fddcc-6e67-44bf-9e29-c42e4bd22125","turnId":"2ca6d61a-8dd9-40d2-bcb9-722b2bf524ae","rootTurnId":"2ca6d61a-8dd9-40d2-bcb9-722b2bf524ae"}
{"timestamp":"2026-07-03T14:02:05.441Z","level":"info","message":"[ChatAgent] Processing model response stream","conversationId":"sess_d14fddcc-6e67-44bf-9e29-c42e4bd22125","turnId":"2ca6d61a-8dd9-40d2-bcb9-722b2bf524ae","rootTurnId":"2ca6d61a-8dd9-40d2-bcb9-722b2bf524ae"}
{"timestamp":"2026-07-03T14:02:05.441Z","level":"info","message":"[Steering] Populating steering for execution 2ca6d61a-8dd9-40d2-bcb9-722b2bf524ae","conversationId":"sess_d14fddcc-6e67-44bf-9e29-c42e4bd22125","turnId":"2ca6d61a-8dd9-40d2-bcb9-722b2bf524ae","rootTurnId":"2ca6d61a-8dd9-40d2-bcb9-722b2bf524ae"}
{"timestamp":"2026-07-03T14:02:05.442Z","level":"info","message":"[Steering] ExistingFiles: /c:/Users/Admin/Downloads/Kiro_AWS_Nonsense/Kiro_AWS_Nonsense/app.py, /c:/Users/Admin/Downloads/Kiro_AWS_Nonsense/Kiro_AWS_Nonsense/templates/index.html, /c:/Users/Admin/Downloads/Kiro_AWS_Nonsense/Kiro_AWS_Nonsense/static/app.js, /c:/Users/Admin/Downloads/Kiro_AWS_Nonsense/Kiro_AWS_Nonsense/static/style.css, /c:/Users/Admin/Downloads/Kiro_AWS_Nonsense/Kiro_AWS_Nonsense/config.py, /c:/Users/Admin/Downloads/Kiro_AWS_Nonsense/Kiro_AWS_Nonsense/analysis.py in 2ca6d61a-8dd9-40d2-bcb9-722b2bf524ae","conversationId":"sess_d14fddcc-6e67-44bf-9e29-c42e4bd22125","turnId":"2ca6d61a-8dd9-40d2-bcb9-722b2bf524ae","rootTurnId":"2ca6d61a-8dd9-40d2-bcb9-722b2bf524ae"}
{"timestamp":"2026-07-03T14:02:08.938Z","level":"info","message":"acp.policy-eval.complete {\"toolId\":\"fs_append\",\"effect\":\"allow\",\"capability\":\"fs_write\"}","conversationId":"sess_d14fddcc-6e67-44bf-9e29-c42e4bd22125","turnId":"2ca6d61a-8dd9-40d2-bcb9-722b2bf524ae","rootTurnId":"2ca6d61a-8dd9-40d2-bcb9-722b2bf524ae"}
{"timestamp":"2026-07-03T14:02:08.944Z","level":"info","message":"[SessionPersistence] Appended 1 message(s) to session sess_d14fddcc-6e67-44bf-9e29-c42e4bd22125","conversationId":"sess_d14fddcc-6e67-44bf-9e29-c42e4bd22125","turnId":"2ca6d61a-8dd9-40d2-bcb9-722b2bf524ae","rootTurnId":"2ca6d61a-8dd9-40d2-bcb9-722b2bf524ae"}
{"timestamp":"2026-07-03T14:02:08.951Z","level":"info","message":"[SessionPersistence] Snapshot deduplicated for static/style.css in session sess_d14fddcc-6e67-44bf-9e29-c42e4bd22125 (reused 16289727)","conversationId":"sess_d14fddcc-6e67-44bf-9e29-c42e4bd22125","turnId":"2ca6d61a-8dd9-40d2-bcb9-722b2bf524ae","rootTurnId":"2ca6d61a-8dd9-40d2-bcb9-722b2bf524ae"}
{"timestamp":"2026-07-03T14:02:08.986Z","level":"info","message":"[SessionPersistence] Created snapshot bf4b9bbd for static/style.css in session sess_d14fddcc-6e67-44bf-9e29-c42e4bd22125 (14577 bytes)","conversationId":"sess_d14fddcc-6e67-44bf-9e29-c42e4bd22125","turnId":"2ca6d61a-8dd9-40d2-bcb9-722b2bf524ae","rootTurnId":"2ca6d61a-8dd9-40d2-bcb9-722b2bf524ae"}
{"timestamp":"2026-07-03T14:02:08.988Z","level":"info","message":"[SessionPersistence] Appended 2 message(s) to session sess_d14fddcc-6e67-44bf-9e29-c42e4bd22125","conversationId":"sess_d14fddcc-6e67-44bf-9e29-c42e4bd22125","turnId":"2ca6d61a-8dd9-40d2-bcb9-722b2bf524ae","rootTurnId":"2ca6d61a-8dd9-40d2-bcb9-722b2bf524ae"}
{"timestamp":"2026-07-03T14:02:08.992Z","level":"info","message":"[AgentIterator] Parallel invoking agent","conversationId":"sess_d14fddcc-6e67-44bf-9e29-c42e4bd22125","turnId":"2ca6d61a-8dd9-40d2-bcb9-722b2bf524ae","rootTurnId":"2ca6d61a-8dd9-40d2-bcb9-722b2bf524ae"}
{"timestamp":"2026-07-03T14:02:08.993Z","level":"info","message":"[Steering] Populating steering for execution 2ca6d61a-8dd9-40d2-bcb9-722b2bf524ae","conversationId":"sess_d14fddcc-6e67-44bf-9e29-c42e4bd22125","turnId":"2ca6d61a-8dd9-40d2-bcb9-722b2bf524ae","rootTurnId":"2ca6d61a-8dd9-40d2-bcb9-722b2bf524ae"}
{"timestamp":"2026-07-03T14:02:08.993Z","level":"info","message":"[Steering] ExistingFiles: /c:/Users/Admin/Downloads/Kiro_AWS_Nonsense/Kiro_AWS_Nonsense/app.py, /c:/Users/Admin/Downloads/Kiro_AWS_Nonsense/Kiro_AWS_Nonsense/templates/index.html, /c:/Users/Admin/Downloads/Kiro_AWS_Nonsense/Kiro_AWS_Nonsense/static/app.js, /c:/Users/Admin/Downloads/Kiro_AWS_Nonsense/Kiro_AWS_Nonsense/static/style.css, /c:/Users/Admin/Downloads/Kiro_AWS_Nonsense/Kiro_AWS_Nonsense/config.py, /c:/Users/Admin/Downloads/Kiro_AWS_Nonsense/Kiro_AWS_Nonsense/analysis.py in 2ca6d61a-8dd9-40d2-bcb9-722b2bf524ae","conversationId":"sess_d14fddcc-6e67-44bf-9e29-c42e4bd22125","turnId":"2ca6d61a-8dd9-40d2-bcb9-722b2bf524ae","rootTurnId":"2ca6d61a-8dd9-40d2-bcb9-722b2bf524ae"}
{"timestamp":"2026-07-03T14:02:09.028Z","level":"info","message":"[q-developer-converse] Sending GenerateAssistantResponse modelId=auto agentMode=vibe origin=AI_EDITOR streaming=true conversationId=sess_d14fddcc-6e67-44bf-9e29-c42e4bd22125","conversationId":"sess_d14fddcc-6e67-44bf-9e29-c42e4bd22125","turnId":"2ca6d61a-8dd9-40d2-bcb9-722b2bf524ae","rootTurnId":"2ca6d61a-8dd9-40d2-bcb9-722b2bf524ae"}
{"timestamp":"2026-07-03T14:02:09.097Z","level":"info","message":"[q-developer-converse] Request payload: 10727631 chars, 68 history messages, conversationId=sess_d14fddcc-6e67-44bf-9e29-c42e4bd22125","conversationId":"sess_d14fddcc-6e67-44bf-9e29-c42e4bd22125","turnId":"2ca6d61a-8dd9-40d2-bcb9-722b2bf524ae","rootTurnId":"2ca6d61a-8dd9-40d2-bcb9-722b2bf524ae"}
{"timestamp":"2026-07-03T14:02:17.793Z","level":"info","message":"[AgentIterator] Synchronizing results","conversationId":"sess_d14fddcc-6e67-44bf-9e29-c42e4bd22125","turnId":"2ca6d61a-8dd9-40d2-bcb9-722b2bf524ae","rootTurnId":"2ca6d61a-8dd9-40d2-bcb9-722b2bf524ae"}
{"timestamp":"2026-07-03T14:02:17.793Z","level":"info","message":"[AgentIterator] Processing intent detection result","conversationId":"sess_d14fddcc-6e67-44bf-9e29-c42e4bd22125","turnId":"2ca6d61a-8dd9-40d2-bcb9-722b2bf524ae","rootTurnId":"2ca6d61a-8dd9-40d2-bcb9-722b2bf524ae"}
{"timestamp":"2026-07-03T14:02:17.794Z","level":"info","message":"[ChatAgent] Processing model response stream","conversationId":"sess_d14fddcc-6e67-44bf-9e29-c42e4bd22125","turnId":"2ca6d61a-8dd9-40d2-bcb9-722b2bf524ae","rootTurnId":"2ca6d61a-8dd9-40d2-bcb9-722b2bf524ae"}
{"timestamp":"2026-07-03T14:02:17.794Z","level":"info","message":"[Steering] Populating steering for execution 2ca6d61a-8dd9-40d2-bcb9-722b2bf524ae","conversationId":"sess_d14fddcc-6e67-44bf-9e29-c42e4bd22125","turnId":"2ca6d61a-8dd9-40d2-bcb9-722b2bf524ae","rootTurnId":"2ca6d61a-8dd9-40d2-bcb9-722b2bf524ae"}
{"timestamp":"2026-07-03T14:02:17.794Z","level":"info","message":"[Steering] ExistingFiles: /c:/Users/Admin/Downloads/Kiro_AWS_Nonsense/Kiro_AWS_Nonsense/app.py, /c:/Users/Admin/Downloads/Kiro_AWS_Nonsense/Kiro_AWS_Nonsense/templates/index.html, /c:/Users/Admin/Downloads/Kiro_AWS_Nonsense/Kiro_AWS_Nonsense/static/app.js, /c:/Users/Admin/Downloads/Kiro_AWS_Nonsense/Kiro_AWS_Nonsense/static/style.css, /c:/Users/Admin/Downloads/Kiro_AWS_Nonsense/Kiro_AWS_Nonsense/config.py, /c:/Users/Admin/Downloads/Kiro_AWS_Nonsense/Kiro_AWS_Nonsense/analysis.py in 2ca6d61a-8dd9-40d2-bcb9-722b2bf524ae","conversationId":"sess_d14fddcc-6e67-44bf-9e29-c42e4bd22125","turnId":"2ca6d61a-8dd9-40d2-bcb9-722b2bf524ae","rootTurnId":"2ca6d61a-8dd9-40d2-bcb9-722b2bf524ae"}
{"timestamp":"2026-07-03T14:02:27.940Z","level":"info","message":"acp.policy-eval.complete {\"toolId\":\"fs_append\",\"effect\":\"allow\",\"capability\":\"fs_write\"}","conversationId":"sess_d14fddcc-6e67-44bf-9e29-c42e4bd22125","turnId":"2ca6d61a-8dd9-40d2-bcb9-722b2bf524ae","rootTurnId":"2ca6d61a-8dd9-40d2-bcb9-722b2bf524ae"}
{"timestamp":"2026-07-03T14:02:27.947Z","level":"info","message":"[SessionPersistence] Appended 1 message(s) to session sess_d14fddcc-6e67-44bf-9e29-c42e4bd22125","conversationId":"sess_d14fddcc-6e67-44bf-9e29-c42e4bd22125","turnId":"2ca6d61a-8dd9-40d2-bcb9-722b2bf524ae","rootTurnId":"2ca6d61a-8dd9-40d2-bcb9-722b2bf524ae"}
{"timestamp":"2026-07-03T14:02:27.956Z","level":"info","message":"[SessionPersistence] Snapshot deduplicated for static/style.css in session sess_d14fddcc-6e67-44bf-9e29-c42e4bd22125 (reused bf4b9bbd)","conversationId":"sess_d14fddcc-6e67-44bf-9e29-c42e4bd22125","turnId":"2ca6d61a-8dd9-40d2-bcb9-722b2bf524ae","rootTurnId":"2ca6d61a-8dd9-40d2-bcb9-722b2bf524ae"}
{"timestamp":"2026-07-03T14:02:27.988Z","level":"info","message":"[SessionPersistence] Created snapshot b50d9b38 for static/style.css in session sess_d14fddcc-6e67-44bf-9e29-c42e4bd22125 (17055 bytes)","conversationId":"sess_d14fddcc-6e67-44bf-9e29-c42e4bd22125","turnId":"2ca6d61a-8dd9-40d2-bcb9-722b2bf524ae","rootTurnId":"2ca6d61a-8dd9-40d2-bcb9-722b2bf524ae"}
{"timestamp":"2026-07-03T14:02:27.991Z","level":"info","message":"[SessionPersistence] Appended 2 message(s) to session sess_d14fddcc-6e67-44bf-9e29-c42e4bd22125","conversationId":"sess_d14fddcc-6e67-44bf-9e29-c42e4bd22125","turnId":"2ca6d61a-8dd9-40d2-bcb9-722b2bf524ae","rootTurnId":"2ca6d61a-8dd9-40d2-bcb9-722b2bf524ae"}
{"timestamp":"2026-07-03T14:02:27.996Z","level":"info","message":"[AgentIterator] Parallel invoking agent","conversationId":"sess_d14fddcc-6e67-44bf-9e29-c42e4bd22125","turnId":"2ca6d61a-8dd9-40d2-bcb9-722b2bf524ae","rootTurnId":"2ca6d61a-8dd9-40d2-bcb9-722b2bf524ae"}
{"timestamp":"2026-07-03T14:02:27.996Z","level":"info","message":"[Steering] Populating steering for execution 2ca6d61a-8dd9-40d2-bcb9-722b2bf524ae","conversationId":"sess_d14fddcc-6e67-44bf-9e29-c42e4bd22125","turnId":"2ca6d61a-8dd9-40d2-bcb9-722b2bf524ae","rootTurnId":"2ca6d61a-8dd9-40d2-bcb9-722b2bf524ae"}
{"timestamp":"2026-07-03T14:02:27.996Z","level":"info","message":"[Steering] ExistingFiles: /c:/Users/Admin/Downloads/Kiro_AWS_Nonsense/Kiro_AWS_Nonsense/app.py, /c:/Users/Admin/Downloads/Kiro_AWS_Nonsense/Kiro_AWS_Nonsense/templates/index.html, /c:/Users/Admin/Downloads/Kiro_AWS_Nonsense/Kiro_AWS_Nonsense/static/app.js, /c:/Users/Admin/Downloads/Kiro_AWS_Nonsense/Kiro_AWS_Nonsense/static/style.css, /c:/Users/Admin/Downloads/Kiro_AWS_Nonsense/Kiro_AWS_Nonsense/config.py, /c:/Users/Admin/Downloads/Kiro_AWS_Nonsense/Kiro_AWS_Nonsense/analysis.py in 2ca6d61a-8dd9-40d2-bcb9-722b2bf524ae","conversationId":"sess_d14fddcc-6e67-44bf-9e29-c42e4bd22125","turnId":"2ca6d61a-8dd9-40d2-bcb9-722b2bf524ae","rootTurnId":"2ca6d61a-8dd9-40d2-bcb9-722b2bf524ae"}
{"timestamp":"2026-07-03T14:02:28.026Z","level":"info","message":"[q-developer-converse] Sending GenerateAssistantResponse modelId=auto agentMode=vibe origin=AI_EDITOR streaming=true conversationId=sess_d14fddcc-6e67-44bf-9e29-c42e4bd22125","conversationId":"sess_d14fddcc-6e67-44bf-9e29-c42e4bd22125","turnId":"2ca6d61a-8dd9-40d2-bcb9-722b2bf524ae","rootTurnId":"2ca6d61a-8dd9-40d2-bcb9-722b2bf524ae"}
{"timestamp":"2026-07-03T14:02:28.096Z","level":"info","message":"[q-developer-converse] Request payload: 10730669 chars, 70 history messages, conversationId=sess_d14fddcc-6e67-44bf-9e29-c42e4bd22125","conversationId":"sess_d14fddcc-6e67-44bf-9e29-c42e4bd22125","turnId":"2ca6d61a-8dd9-40d2-bcb9-722b2bf524ae","rootTurnId":"2ca6d61a-8dd9-40d2-bcb9-722b2bf524ae"}
{"timestamp":"2026-07-03T14:02:37.941Z","level":"info","message":"[AgentIterator] Synchronizing results","conversationId":"sess_d14fddcc-6e67-44bf-9e29-c42e4bd22125","turnId":"2ca6d61a-8dd9-40d2-bcb9-722b2bf524ae","rootTurnId":"2ca6d61a-8dd9-40d2-bcb9-722b2bf524ae"}
{"timestamp":"2026-07-03T14:02:37.941Z","level":"info","message":"[AgentIterator] Processing intent detection result","conversationId":"sess_d14fddcc-6e67-44bf-9e29-c42e4bd22125","turnId":"2ca6d61a-8dd9-40d2-bcb9-722b2bf524ae","rootTurnId":"2ca6d61a-8dd9-40d2-bcb9-722b2bf524ae"}
{"timestamp":"2026-07-03T14:02:37.942Z","level":"info","message":"[ChatAgent] Processing model response stream","conversationId":"sess_d14fddcc-6e67-44bf-9e29-c42e4bd22125","turnId":"2ca6d61a-8dd9-40d2-bcb9-722b2bf524ae","rootTurnId":"2ca6d61a-8dd9-40d2-bcb9-722b2bf524ae"}
{"timestamp":"2026-07-03T14:02:37.942Z","level":"info","message":"[Steering] Populating steering for execution 2ca6d61a-8dd9-40d2-bcb9-722b2bf524ae","conversationId":"sess_d14fddcc-6e67-44bf-9e29-c42e4bd22125","turnId":"2ca6d61a-8dd9-40d2-bcb9-722b2bf524ae","rootTurnId":"2ca6d61a-8dd9-40d2-bcb9-722b2bf524ae"}
{"timestamp":"2026-07-03T14:02:37.942Z","level":"info","message":"[Steering] ExistingFiles: /c:/Users/Admin/Downloads/Kiro_AWS_Nonsense/Kiro_AWS_Nonsense/app.py, /c:/Users/Admin/Downloads/Kiro_AWS_Nonsense/Kiro_AWS_Nonsense/templates/index.html, /c:/Users/Admin/Downloads/Kiro_AWS_Nonsense/Kiro_AWS_Nonsense/static/app.js, /c:/Users/Admin/Downloads/Kiro_AWS_Nonsense/Kiro_AWS_Nonsense/static/style.css, /c:/Users/Admin/Downloads/Kiro_AWS_Nonsense/Kiro_AWS_Nonsense/config.py, /c:/Users/Admin/Downloads/Kiro_AWS_Nonsense/Kiro_AWS_Nonsense/analysis.py in 2ca6d61a-8dd9-40d2-bcb9-722b2bf524ae","conversationId":"sess_d14fddcc-6e67-44bf-9e29-c42e4bd22125","turnId":"2ca6d61a-8dd9-40d2-bcb9-722b2bf524ae","rootTurnId":"2ca6d61a-8dd9-40d2-bcb9-722b2bf524ae"}
{"timestamp":"2026-07-03T14:02:41.820Z","level":"info","message":"acp.policy-eval.complete {\"toolId\":\"fs_append\",\"effect\":\"allow\",\"capability\":\"fs_write\"}","conversationId":"sess_d14fddcc-6e67-44bf-9e29-c42e4bd22125","turnId":"2ca6d61a-8dd9-40d2-bcb9-722b2bf524ae","rootTurnId":"2ca6d61a-8dd9-40d2-bcb9-722b2bf524ae"}
{"timestamp":"2026-07-03T14:02:41.826Z","level":"info","message":"[SessionPersistence] Appended 1 message(s) to session sess_d14fddcc-6e67-44bf-9e29-c42e4bd22125","conversationId":"sess_d14fddcc-6e67-44bf-9e29-c42e4bd22125","turnId":"2ca6d61a-8dd9-40d2-bcb9-722b2bf524ae","rootTurnId":"2ca6d61a-8dd9-40d2-bcb9-722b2bf524ae"}
{"timestamp":"2026-07-03T14:02:41.835Z","level":"info","message":"[SessionPersistence] Snapshot deduplicated for static/style.css in session sess_d14fddcc-6e67-44bf-9e29-c42e4bd22125 (reused b50d9b38)","conversationId":"sess_d14fddcc-6e67-44bf-9e29-c42e4bd22125","turnId":"2ca6d61a-8dd9-40d2-bcb9-722b2bf524ae","rootTurnId":"2ca6d61a-8dd9-40d2-bcb9-722b2bf524ae"}
{"timestamp":"2026-07-03T14:02:41.864Z","level":"info","message":"[SessionPersistence] Created snapshot 5d2379b2 for static/style.css in session sess_d14fddcc-6e67-44bf-9e29-c42e4bd22125 (18097 bytes)","conversationId":"sess_d14fddcc-6e67-44bf-9e29-c42e4bd22125","turnId":"2ca6d61a-8dd9-40d2-bcb9-722b2bf524ae","rootTurnId":"2ca6d61a-8dd9-40d2-bcb9-722b2bf524ae"}
{"timestamp":"2026-07-03T14:02:41.872Z","level":"info","message":"[AgentIterator] Parallel invoking agent","conversationId":"sess_d14fddcc-6e67-44bf-9e29-c42e4bd22125","turnId":"2ca6d61a-8dd9-40d2-bcb9-722b2bf524ae","rootTurnId":"2ca6d61a-8dd9-40d2-bcb9-722b2bf524ae"}
{"timestamp":"2026-07-03T14:02:41.872Z","level":"info","message":"[Steering] Populating steering for execution 2ca6d61a-8dd9-40d2-bcb9-722b2bf524ae","conversationId":"sess_d14fddcc-6e67-44bf-9e29-c42e4bd22125","turnId":"2ca6d61a-8dd9-40d2-bcb9-722b2bf524ae","rootTurnId":"2ca6d61a-8dd9-40d2-bcb9-722b2bf524ae"}
{"timestamp":"2026-07-03T14:02:41.873Z","level":"info","message":"[Steering] ExistingFiles: /c:/Users/Admin/Downloads/Kiro_AWS_Nonsense/Kiro_AWS_Nonsense/app.py, /c:/Users/Admin/Downloads/Kiro_AWS_Nonsense/Kiro_AWS_Nonsense/templates/index.html, /c:/Users/Admin/Downloads/Kiro_AWS_Nonsense/Kiro_AWS_Nonsense/static/app.js, /c:/Users/Admin/Downloads/Kiro_AWS_Nonsense/Kiro_AWS_Nonsense/static/style.css, /c:/Users/Admin/Downloads/Kiro_AWS_Nonsense/Kiro_AWS_Nonsense/config.py, /c:/Users/Admin/Downloads/Kiro_AWS_Nonsense/Kiro_AWS_Nonsense/analysis.py in 2ca6d61a-8dd9-40d2-bcb9-722b2bf524ae","conversationId":"sess_d14fddcc-6e67-44bf-9e29-c42e4bd22125","turnId":"2ca6d61a-8dd9-40d2-bcb9-722b2bf524ae","rootTurnId":"2ca6d61a-8dd9-40d2-bcb9-722b2bf524ae"}
{"timestamp":"2026-07-03T14:02:41.873Z","level":"info","message":"[SessionPersistence] Appended 2 message(s) to session sess_d14fddcc-6e67-44bf-9e29-c42e4bd22125","conversationId":"sess_d14fddcc-6e67-44bf-9e29-c42e4bd22125","turnId":"2ca6d61a-8dd9-40d2-bcb9-722b2bf524ae","rootTurnId":"2ca6d61a-8dd9-40d2-bcb9-722b2bf524ae"}
{"timestamp":"2026-07-03T14:02:41.901Z","level":"info","message":"[q-developer-converse] Sending GenerateAssistantResponse modelId=auto agentMode=vibe origin=AI_EDITOR streaming=true conversationId=sess_d14fddcc-6e67-44bf-9e29-c42e4bd22125","conversationId":"sess_d14fddcc-6e67-44bf-9e29-c42e4bd22125","turnId":"2ca6d61a-8dd9-40d2-bcb9-722b2bf524ae","rootTurnId":"2ca6d61a-8dd9-40d2-bcb9-722b2bf524ae"}
{"timestamp":"2026-07-03T14:02:41.971Z","level":"info","message":"[q-developer-converse] Request payload: 10732271 chars, 72 history messages, conversationId=sess_d14fddcc-6e67-44bf-9e29-c42e4bd22125","conversationId":"sess_d14fddcc-6e67-44bf-9e29-c42e4bd22125","turnId":"2ca6d61a-8dd9-40d2-bcb9-722b2bf524ae","rootTurnId":"2ca6d61a-8dd9-40d2-bcb9-722b2bf524ae"}
{"timestamp":"2026-07-03T14:02:49.797Z","level":"info","message":"[AgentIterator] Synchronizing results","conversationId":"sess_d14fddcc-6e67-44bf-9e29-c42e4bd22125","turnId":"2ca6d61a-8dd9-40d2-bcb9-722b2bf524ae","rootTurnId":"2ca6d61a-8dd9-40d2-bcb9-722b2bf524ae"}
{"timestamp":"2026-07-03T14:02:49.797Z","level":"info","message":"[AgentIterator] Processing intent detection result","conversationId":"sess_d14fddcc-6e67-44bf-9e29-c42e4bd22125","turnId":"2ca6d61a-8dd9-40d2-bcb9-722b2bf524ae","rootTurnId":"2ca6d61a-8dd9-40d2-bcb9-722b2bf524ae"}
{"timestamp":"2026-07-03T14:02:49.798Z","level":"info","message":"[ChatAgent] Processing model response stream","conversationId":"sess_d14fddcc-6e67-44bf-9e29-c42e4bd22125","turnId":"2ca6d61a-8dd9-40d2-bcb9-722b2bf524ae","rootTurnId":"2ca6d61a-8dd9-40d2-bcb9-722b2bf524ae"}
{"timestamp":"2026-07-03T14:02:49.798Z","level":"info","message":"[Steering] Populating steering for execution 2ca6d61a-8dd9-40d2-bcb9-722b2bf524ae","conversationId":"sess_d14fddcc-6e67-44bf-9e29-c42e4bd22125","turnId":"2ca6d61a-8dd9-40d2-bcb9-722b2bf524ae","rootTurnId":"2ca6d61a-8dd9-40d2-bcb9-722b2bf524ae"}
{"timestamp":"2026-07-03T14:02:49.798Z","level":"info","message":"[Steering] ExistingFiles: /c:/Users/Admin/Downloads/Kiro_AWS_Nonsense/Kiro_AWS_Nonsense/app.py, /c:/Users/Admin/Downloads/Kiro_AWS_Nonsense/Kiro_AWS_Nonsense/templates/index.html, /c:/Users/Admin/Downloads/Kiro_AWS_Nonsense/Kiro_AWS_Nonsense/static/app.js, /c:/Users/Admin/Downloads/Kiro_AWS_Nonsense/Kiro_AWS_Nonsense/static/style.css, /c:/Users/Admin/Downloads/Kiro_AWS_Nonsense/Kiro_AWS_Nonsense/config.py, /c:/Users/Admin/Downloads/Kiro_AWS_Nonsense/Kiro_AWS_Nonsense/analysis.py in 2ca6d61a-8dd9-40d2-bcb9-722b2bf524ae","conversationId":"sess_d14fddcc-6e67-44bf-9e29-c42e4bd22125","turnId":"2ca6d61a-8dd9-40d2-bcb9-722b2bf524ae","rootTurnId":"2ca6d61a-8dd9-40d2-bcb9-722b2bf524ae"}
{"timestamp":"2026-07-03T14:02:55.809Z","level":"info","message":"acp.policy-eval.complete {\"toolId\":\"fs_append\",\"effect\":\"allow\",\"capability\":\"fs_write\"}","conversationId":"sess_d14fddcc-6e67-44bf-9e29-c42e4bd22125","turnId":"2ca6d61a-8dd9-40d2-bcb9-722b2bf524ae","rootTurnId":"2ca6d61a-8dd9-40d2-bcb9-722b2bf524ae"}
{"timestamp":"2026-07-03T14:02:55.815Z","level":"info","message":"[SessionPersistence] Appended 1 message(s) to session sess_d14fddcc-6e67-44bf-9e29-c42e4bd22125","conversationId":"sess_d14fddcc-6e67-44bf-9e29-c42e4bd22125","turnId":"2ca6d61a-8dd9-40d2-bcb9-722b2bf524ae","rootTurnId":"2ca6d61a-8dd9-40d2-bcb9-722b2bf524ae"}
{"timestamp":"2026-07-03T14:02:55.835Z","level":"info","message":"[SessionPersistence] Snapshot deduplicated for static/style.css in session sess_d14fddcc-6e67-44bf-9e29-c42e4bd22125 (reused 5d2379b2)","conversationId":"sess_d14fddcc-6e67-44bf-9e29-c42e4bd22125","turnId":"2ca6d61a-8dd9-40d2-bcb9-722b2bf524ae","rootTurnId":"2ca6d61a-8dd9-40d2-bcb9-722b2bf524ae"}
{"timestamp":"2026-07-03T14:02:55.879Z","level":"info","message":"[SessionPersistence] Created snapshot 3eb16d3f for static/style.css in session sess_d14fddcc-6e67-44bf-9e29-c42e4bd22125 (19865 bytes)","conversationId":"sess_d14fddcc-6e67-44bf-9e29-c42e4bd22125","turnId":"2ca6d61a-8dd9-40d2-bcb9-722b2bf524ae","rootTurnId":"2ca6d61a-8dd9-40d2-bcb9-722b2bf524ae"}
{"timestamp":"2026-07-03T14:02:55.887Z","level":"info","message":"[AgentIterator] Parallel invoking agent","conversationId":"sess_d14fddcc-6e67-44bf-9e29-c42e4bd22125","turnId":"2ca6d61a-8dd9-40d2-bcb9-722b2bf524ae","rootTurnId":"2ca6d61a-8dd9-40d2-bcb9-722b2bf524ae"}
{"timestamp":"2026-07-03T14:02:55.887Z","level":"info","message":"[Steering] Populating steering for execution 2ca6d61a-8dd9-40d2-bcb9-722b2bf524ae","conversationId":"sess_d14fddcc-6e67-44bf-9e29-c42e4bd22125","turnId":"2ca6d61a-8dd9-40d2-bcb9-722b2bf524ae","rootTurnId":"2ca6d61a-8dd9-40d2-bcb9-722b2bf524ae"}
{"timestamp":"2026-07-03T14:02:55.887Z","level":"info","message":"[Steering] ExistingFiles: /c:/Users/Admin/Downloads/Kiro_AWS_Nonsense/Kiro_AWS_Nonsense/app.py, /c:/Users/Admin/Downloads/Kiro_AWS_Nonsense/Kiro_AWS_Nonsense/templates/index.html, /c:/Users/Admin/Downloads/Kiro_AWS_Nonsense/Kiro_AWS_Nonsense/static/app.js, /c:/Users/Admin/Downloads/Kiro_AWS_Nonsense/Kiro_AWS_Nonsense/static/style.css, /c:/Users/Admin/Downloads/Kiro_AWS_Nonsense/Kiro_AWS_Nonsense/config.py, /c:/Users/Admin/Downloads/Kiro_AWS_Nonsense/Kiro_AWS_Nonsense/analysis.py in 2ca6d61a-8dd9-40d2-bcb9-722b2bf524ae","conversationId":"sess_d14fddcc-6e67-44bf-9e29-c42e4bd22125","turnId":"2ca6d61a-8dd9-40d2-bcb9-722b2bf524ae","rootTurnId":"2ca6d61a-8dd9-40d2-bcb9-722b2bf524ae"}
{"timestamp":"2026-07-03T14:02:55.887Z","level":"info","message":"[SessionPersistence] Appended 2 message(s) to session sess_d14fddcc-6e67-44bf-9e29-c42e4bd22125","conversationId":"sess_d14fddcc-6e67-44bf-9e29-c42e4bd22125","turnId":"2ca6d61a-8dd9-40d2-bcb9-722b2bf524ae","rootTurnId":"2ca6d61a-8dd9-40d2-bcb9-722b2bf524ae"}
{"timestamp":"2026-07-03T14:02:55.917Z","level":"info","message":"[q-developer-converse] Sending GenerateAssistantResponse modelId=auto agentMode=vibe origin=AI_EDITOR streaming=true conversationId=sess_d14fddcc-6e67-44bf-9e29-c42e4bd22125","conversationId":"sess_d14fddcc-6e67-44bf-9e29-c42e4bd22125","turnId":"2ca6d61a-8dd9-40d2-bcb9-722b2bf524ae","rootTurnId":"2ca6d61a-8dd9-40d2-bcb9-722b2bf524ae"}
{"timestamp":"2026-07-03T14:02:55.986Z","level":"info","message":"[q-developer-converse] Request payload: 10734599 chars, 74 history messages, conversationId=sess_d14fddcc-6e67-44bf-9e29-c42e4bd22125","conversationId":"sess_d14fddcc-6e67-44bf-9e29-c42e4bd22125","turnId":"2ca6d61a-8dd9-40d2-bcb9-722b2bf524ae","rootTurnId":"2ca6d61a-8dd9-40d2-bcb9-722b2bf524ae"}
{"timestamp":"2026-07-03T14:03:04.133Z","level":"info","message":"[AgentIterator] Synchronizing results","conversationId":"sess_d14fddcc-6e67-44bf-9e29-c42e4bd22125","turnId":"2ca6d61a-8dd9-40d2-bcb9-722b2bf524ae","rootTurnId":"2ca6d61a-8dd9-40d2-bcb9-722b2bf524ae"}
{"timestamp":"2026-07-03T14:03:04.133Z","level":"info","message":"[AgentIterator] Processing intent detection result","conversationId":"sess_d14fddcc-6e67-44bf-9e29-c42e4bd22125","turnId":"2ca6d61a-8dd9-40d2-bcb9-722b2bf524ae","rootTurnId":"2ca6d61a-8dd9-40d2-bcb9-722b2bf524ae"}
{"timestamp":"2026-07-03T14:03:04.134Z","level":"info","message":"[ChatAgent] Processing model response stream","conversationId":"sess_d14fddcc-6e67-44bf-9e29-c42e4bd22125","turnId":"2ca6d61a-8dd9-40d2-bcb9-722b2bf524ae","rootTurnId":"2ca6d61a-8dd9-40d2-bcb9-722b2bf524ae"}
{"timestamp":"2026-07-03T14:03:04.134Z","level":"info","message":"[Steering] Populating steering for execution 2ca6d61a-8dd9-40d2-bcb9-722b2bf524ae","conversationId":"sess_d14fddcc-6e67-44bf-9e29-c42e4bd22125","turnId":"2ca6d61a-8dd9-40d2-bcb9-722b2bf524ae","rootTurnId":"2ca6d61a-8dd9-40d2-bcb9-722b2bf524ae"}
{"timestamp":"2026-07-03T14:03:04.135Z","level":"info","message":"[Steering] ExistingFiles: /c:/Users/Admin/Downloads/Kiro_AWS_Nonsense/Kiro_AWS_Nonsense/app.py, /c:/Users/Admin/Downloads/Kiro_AWS_Nonsense/Kiro_AWS_Nonsense/templates/index.html, /c:/Users/Admin/Downloads/Kiro_AWS_Nonsense/Kiro_AWS_Nonsense/static/app.js, /c:/Users/Admin/Downloads/Kiro_AWS_Nonsense/Kiro_AWS_Nonsense/static/style.css, /c:/Users/Admin/Downloads/Kiro_AWS_Nonsense/Kiro_AWS_Nonsense/config.py, /c:/Users/Admin/Downloads/Kiro_AWS_Nonsense/Kiro_AWS_Nonsense/analysis.py in 2ca6d61a-8dd9-40d2-bcb9-722b2bf524ae","conversationId":"sess_d14fddcc-6e67-44bf-9e29-c42e4bd22125","turnId":"2ca6d61a-8dd9-40d2-bcb9-722b2bf524ae","rootTurnId":"2ca6d61a-8dd9-40d2-bcb9-722b2bf524ae"}
{"timestamp":"2026-07-03T14:03:07.993Z","level":"info","message":"acp.policy-eval.complete {\"toolId\":\"fs_append\",\"effect\":\"allow\",\"capability\":\"fs_write\"}","conversationId":"sess_d14fddcc-6e67-44bf-9e29-c42e4bd22125","turnId":"2ca6d61a-8dd9-40d2-bcb9-722b2bf524ae","rootTurnId":"2ca6d61a-8dd9-40d2-bcb9-722b2bf524ae"}
{"timestamp":"2026-07-03T14:03:08.000Z","level":"info","message":"[SessionPersistence] Appended 1 message(s) to session sess_d14fddcc-6e67-44bf-9e29-c42e4bd22125","conversationId":"sess_d14fddcc-6e67-44bf-9e29-c42e4bd22125","turnId":"2ca6d61a-8dd9-40d2-bcb9-722b2bf524ae","rootTurnId":"2ca6d61a-8dd9-40d2-bcb9-722b2bf524ae"}
{"timestamp":"2026-07-03T14:03:08.008Z","level":"info","message":"[SessionPersistence] Snapshot deduplicated for static/style.css in session sess_d14fddcc-6e67-44bf-9e29-c42e4bd22125 (reused 3eb16d3f)","conversationId":"sess_d14fddcc-6e67-44bf-9e29-c42e4bd22125","turnId":"2ca6d61a-8dd9-40d2-bcb9-722b2bf524ae","rootTurnId":"2ca6d61a-8dd9-40d2-bcb9-722b2bf524ae"}
{"timestamp":"2026-07-03T14:03:08.036Z","level":"info","message":"[SessionPersistence] Created snapshot 80a37895 for static/style.css in session sess_d14fddcc-6e67-44bf-9e29-c42e4bd22125 (20829 bytes)","conversationId":"sess_d14fddcc-6e67-44bf-9e29-c42e4bd22125","turnId":"2ca6d61a-8dd9-40d2-bcb9-722b2bf524ae","rootTurnId":"2ca6d61a-8dd9-40d2-bcb9-722b2bf524ae"}
{"timestamp":"2026-07-03T14:03:08.044Z","level":"info","message":"[AgentIterator] Parallel invoking agent","conversationId":"sess_d14fddcc-6e67-44bf-9e29-c42e4bd22125","turnId":"2ca6d61a-8dd9-40d2-bcb9-722b2bf524ae","rootTurnId":"2ca6d61a-8dd9-40d2-bcb9-722b2bf524ae"}
{"timestamp":"2026-07-03T14:03:08.044Z","level":"info","message":"[Steering] Populating steering for execution 2ca6d61a-8dd9-40d2-bcb9-722b2bf524ae","conversationId":"sess_d14fddcc-6e67-44bf-9e29-c42e4bd22125","turnId":"2ca6d61a-8dd9-40d2-bcb9-722b2bf524ae","rootTurnId":"2ca6d61a-8dd9-40d2-bcb9-722b2bf524ae"}
{"timestamp":"2026-07-03T14:03:08.044Z","level":"info","message":"[Steering] ExistingFiles: /c:/Users/Admin/Downloads/Kiro_AWS_Nonsense/Kiro_AWS_Nonsense/app.py, /c:/Users/Admin/Downloads/Kiro_AWS_Nonsense/Kiro_AWS_Nonsense/templates/index.html, /c:/Users/Admin/Downloads/Kiro_AWS_Nonsense/Kiro_AWS_Nonsense/static/app.js, /c:/Users/Admin/Downloads/Kiro_AWS_Nonsense/Kiro_AWS_Nonsense/static/style.css, /c:/Users/Admin/Downloads/Kiro_AWS_Nonsense/Kiro_AWS_Nonsense/config.py, /c:/Users/Admin/Downloads/Kiro_AWS_Nonsense/Kiro_AWS_Nonsense/analysis.py in 2ca6d61a-8dd9-40d2-bcb9-722b2bf524ae","conversationId":"sess_d14fddcc-6e67-44bf-9e29-c42e4bd22125","turnId":"2ca6d61a-8dd9-40d2-bcb9-722b2bf524ae","rootTurnId":"2ca6d61a-8dd9-40d2-bcb9-722b2bf524ae"}
{"timestamp":"2026-07-03T14:03:08.045Z","level":"info","message":"[SessionPersistence] Appended 2 message(s) to session sess_d14fddcc-6e67-44bf-9e29-c42e4bd22125","conversationId":"sess_d14fddcc-6e67-44bf-9e29-c42e4bd22125","turnId":"2ca6d61a-8dd9-40d2-bcb9-722b2bf524ae","rootTurnId":"2ca6d61a-8dd9-40d2-bcb9-722b2bf524ae"}
{"timestamp":"2026-07-03T14:03:08.072Z","level":"info","message":"[q-developer-converse] Sending GenerateAssistantResponse modelId=auto agentMode=vibe origin=AI_EDITOR streaming=true conversationId=sess_d14fddcc-6e67-44bf-9e29-c42e4bd22125","conversationId":"sess_d14fddcc-6e67-44bf-9e29-c42e4bd22125","turnId":"2ca6d61a-8dd9-40d2-bcb9-722b2bf524ae","rootTurnId":"2ca6d61a-8dd9-40d2-bcb9-722b2bf524ae"}
{"timestamp":"2026-07-03T14:03:08.145Z","level":"info","message":"[q-developer-converse] Request payload: 10736123 chars, 76 history messages, conversationId=sess_d14fddcc-6e67-44bf-9e29-c42e4bd22125","conversationId":"sess_d14fddcc-6e67-44bf-9e29-c42e4bd22125","turnId":"2ca6d61a-8dd9-40d2-bcb9-722b2bf524ae","rootTurnId":"2ca6d61a-8dd9-40d2-bcb9-722b2bf524ae"}
{"timestamp":"2026-07-03T14:03:16.085Z","level":"info","message":"[AgentIterator] Synchronizing results","conversationId":"sess_d14fddcc-6e67-44bf-9e29-c42e4bd22125","turnId":"2ca6d61a-8dd9-40d2-bcb9-722b2bf524ae","rootTurnId":"2ca6d61a-8dd9-40d2-bcb9-722b2bf524ae"}
{"timestamp":"2026-07-03T14:03:16.085Z","level":"info","message":"[AgentIterator] Processing intent detection result","conversationId":"sess_d14fddcc-6e67-44bf-9e29-c42e4bd22125","turnId":"2ca6d61a-8dd9-40d2-bcb9-722b2bf524ae","rootTurnId":"2ca6d61a-8dd9-40d2-bcb9-722b2bf524ae"}
{"timestamp":"2026-07-03T14:03:16.085Z","level":"info","message":"[ChatAgent] Processing model response stream","conversationId":"sess_d14fddcc-6e67-44bf-9e29-c42e4bd22125","turnId":"2ca6d61a-8dd9-40d2-bcb9-722b2bf524ae","rootTurnId":"2ca6d61a-8dd9-40d2-bcb9-722b2bf524ae"}
{"timestamp":"2026-07-03T14:03:16.085Z","level":"info","message":"[Steering] Populating steering for execution 2ca6d61a-8dd9-40d2-bcb9-722b2bf524ae","conversationId":"sess_d14fddcc-6e67-44bf-9e29-c42e4bd22125","turnId":"2ca6d61a-8dd9-40d2-bcb9-722b2bf524ae","rootTurnId":"2ca6d61a-8dd9-40d2-bcb9-722b2bf524ae"}
{"timestamp":"2026-07-03T14:03:16.085Z","level":"info","message":"[Steering] ExistingFiles: /c:/Users/Admin/Downloads/Kiro_AWS_Nonsense/Kiro_AWS_Nonsense/app.py, /c:/Users/Admin/Downloads/Kiro_AWS_Nonsense/Kiro_AWS_Nonsense/templates/index.html, /c:/Users/Admin/Downloads/Kiro_AWS_Nonsense/Kiro_AWS_Nonsense/static/app.js, /c:/Users/Admin/Downloads/Kiro_AWS_Nonsense/Kiro_AWS_Nonsense/static/style.css, /c:/Users/Admin/Downloads/Kiro_AWS_Nonsense/Kiro_AWS_Nonsense/config.py, /c:/Users/Admin/Downloads/Kiro_AWS_Nonsense/Kiro_AWS_Nonsense/analysis.py in 2ca6d61a-8dd9-40d2-bcb9-722b2bf524ae","conversationId":"sess_d14fddcc-6e67-44bf-9e29-c42e4bd22125","turnId":"2ca6d61a-8dd9-40d2-bcb9-722b2bf524ae","rootTurnId":"2ca6d61a-8dd9-40d2-bcb9-722b2bf524ae"}
{"timestamp":"2026-07-03T14:03:22.718Z","level":"info","message":"[ACPModelConfigProvider] Loaded 15 models"}
{"timestamp":"2026-07-03T14:03:29.396Z","level":"info","message":"acp.policy-eval.complete {\"toolId\":\"fs_append\",\"effect\":\"allow\",\"capability\":\"fs_write\"}","conversationId":"sess_d14fddcc-6e67-44bf-9e29-c42e4bd22125","turnId":"2ca6d61a-8dd9-40d2-bcb9-722b2bf524ae","rootTurnId":"2ca6d61a-8dd9-40d2-bcb9-722b2bf524ae"}
{"timestamp":"2026-07-03T14:03:29.402Z","level":"info","message":"[SessionPersistence] Appended 1 message(s) to session sess_d14fddcc-6e67-44bf-9e29-c42e4bd22125","conversationId":"sess_d14fddcc-6e67-44bf-9e29-c42e4bd22125","turnId":"2ca6d61a-8dd9-40d2-bcb9-722b2bf524ae","rootTurnId":"2ca6d61a-8dd9-40d2-bcb9-722b2bf524ae"}
{"timestamp":"2026-07-03T14:03:29.412Z","level":"info","message":"[SessionPersistence] Snapshot deduplicated for static/style.css in session sess_d14fddcc-6e67-44bf-9e29-c42e4bd22125 (reused 80a37895)","conversationId":"sess_d14fddcc-6e67-44bf-9e29-c42e4bd22125","turnId":"2ca6d61a-8dd9-40d2-bcb9-722b2bf524ae","rootTurnId":"2ca6d61a-8dd9-40d2-bcb9-722b2bf524ae"}
{"timestamp":"2026-07-03T14:03:29.446Z","level":"info","message":"[SessionPersistence] Created snapshot 18eb049a for static/style.css in session sess_d14fddcc-6e67-44bf-9e29-c42e4bd22125 (24204 bytes)","conversationId":"sess_d14fddcc-6e67-44bf-9e29-c42e4bd22125","turnId":"2ca6d61a-8dd9-40d2-bcb9-722b2bf524ae","rootTurnId":"2ca6d61a-8dd9-40d2-bcb9-722b2bf524ae"}
{"timestamp":"2026-07-03T14:03:29.455Z","level":"info","message":"[AgentIterator] Parallel invoking agent","conversationId":"sess_d14fddcc-6e67-44bf-9e29-c42e4bd22125","turnId":"2ca6d61a-8dd9-40d2-bcb9-722b2bf524ae","rootTurnId":"2ca6d61a-8dd9-40d2-bcb9-722b2bf524ae"}
{"timestamp":"2026-07-03T14:03:29.455Z","level":"info","message":"[Steering] Populating steering for execution 2ca6d61a-8dd9-40d2-bcb9-722b2bf524ae","conversationId":"sess_d14fddcc-6e67-44bf-9e29-c42e4bd22125","turnId":"2ca6d61a-8dd9-40d2-bcb9-722b2bf524ae","rootTurnId":"2ca6d61a-8dd9-40d2-bcb9-722b2bf524ae"}
{"timestamp":"2026-07-03T14:03:29.456Z","level":"info","message":"[Steering] ExistingFiles: /c:/Users/Admin/Downloads/Kiro_AWS_Nonsense/Kiro_AWS_Nonsense/app.py, /c:/Users/Admin/Downloads/Kiro_AWS_Nonsense/Kiro_AWS_Nonsense/templates/index.html, /c:/Users/Admin/Downloads/Kiro_AWS_Nonsense/Kiro_AWS_Nonsense/static/app.js, /c:/Users/Admin/Downloads/Kiro_AWS_Nonsense/Kiro_AWS_Nonsense/static/style.css, /c:/Users/Admin/Downloads/Kiro_AWS_Nonsense/Kiro_AWS_Nonsense/config.py, /c:/Users/Admin/Downloads/Kiro_AWS_Nonsense/Kiro_AWS_Nonsense/analysis.py in 2ca6d61a-8dd9-40d2-bcb9-722b2bf524ae","conversationId":"sess_d14fddcc-6e67-44bf-9e29-c42e4bd22125","turnId":"2ca6d61a-8dd9-40d2-bcb9-722b2bf524ae","rootTurnId":"2ca6d61a-8dd9-40d2-bcb9-722b2bf524ae"}
{"timestamp":"2026-07-03T14:03:29.456Z","level":"info","message":"[SessionPersistence] Appended 2 message(s) to session sess_d14fddcc-6e67-44bf-9e29-c42e4bd22125","conversationId":"sess_d14fddcc-6e67-44bf-9e29-c42e4bd22125","turnId":"2ca6d61a-8dd9-40d2-bcb9-722b2bf524ae","rootTurnId":"2ca6d61a-8dd9-40d2-bcb9-722b2bf524ae"}
{"timestamp":"2026-07-03T14:03:29.484Z","level":"info","message":"[q-developer-converse] Sending GenerateAssistantResponse modelId=auto agentMode=vibe origin=AI_EDITOR streaming=true conversationId=sess_d14fddcc-6e67-44bf-9e29-c42e4bd22125","conversationId":"sess_d14fddcc-6e67-44bf-9e29-c42e4bd22125","turnId":"2ca6d61a-8dd9-40d2-bcb9-722b2bf524ae","rootTurnId":"2ca6d61a-8dd9-40d2-bcb9-722b2bf524ae"}
{"timestamp":"2026-07-03T14:03:29.561Z","level":"info","message":"[q-developer-converse] Request payload: 10740058 chars, 78 history messages, conversationId=sess_d14fddcc-6e67-44bf-9e29-c42e4bd22125","conversationId":"sess_d14fddcc-6e67-44bf-9e29-c42e4bd22125","turnId":"2ca6d61a-8dd9-40d2-bcb9-722b2bf524ae","rootTurnId":"2ca6d61a-8dd9-40d2-bcb9-722b2bf524ae"}
{"timestamp":"2026-07-03T14:03:37.223Z","level":"info","message":"[AgentIterator] Synchronizing results","conversationId":"sess_d14fddcc-6e67-44bf-9e29-c42e4bd22125","turnId":"2ca6d61a-8dd9-40d2-bcb9-722b2bf524ae","rootTurnId":"2ca6d61a-8dd9-40d2-bcb9-722b2bf524ae"}
{"timestamp":"2026-07-03T14:03:37.223Z","level":"info","message":"[AgentIterator] Processing intent detection result","conversationId":"sess_d14fddcc-6e67-44bf-9e29-c42e4bd22125","turnId":"2ca6d61a-8dd9-40d2-bcb9-722b2bf524ae","rootTurnId":"2ca6d61a-8dd9-40d2-bcb9-722b2bf524ae"}
{"timestamp":"2026-07-03T14:03:37.224Z","level":"info","message":"[ChatAgent] Processing model response stream","conversationId":"sess_d14fddcc-6e67-44bf-9e29-c42e4bd22125","turnId":"2ca6d61a-8dd9-40d2-bcb9-722b2bf524ae","rootTurnId":"2ca6d61a-8dd9-40d2-bcb9-722b2bf524ae"}
{"timestamp":"2026-07-03T14:03:37.224Z","level":"info","message":"[Steering] Populating steering for execution 2ca6d61a-8dd9-40d2-bcb9-722b2bf524ae","conversationId":"sess_d14fddcc-6e67-44bf-9e29-c42e4bd22125","turnId":"2ca6d61a-8dd9-40d2-bcb9-722b2bf524ae","rootTurnId":"2ca6d61a-8dd9-40d2-bcb9-722b2bf524ae"}
{"timestamp":"2026-07-03T14:03:37.224Z","level":"info","message":"[Steering] ExistingFiles: /c:/Users/Admin/Downloads/Kiro_AWS_Nonsense/Kiro_AWS_Nonsense/app.py, /c:/Users/Admin/Downloads/Kiro_AWS_Nonsense/Kiro_AWS_Nonsense/templates/index.html, /c:/Users/Admin/Downloads/Kiro_AWS_Nonsense/Kiro_AWS_Nonsense/static/app.js, /c:/Users/Admin/Downloads/Kiro_AWS_Nonsense/Kiro_AWS_Nonsense/static/style.css, /c:/Users/Admin/Downloads/Kiro_AWS_Nonsense/Kiro_AWS_Nonsense/config.py, /c:/Users/Admin/Downloads/Kiro_AWS_Nonsense/Kiro_AWS_Nonsense/analysis.py in 2ca6d61a-8dd9-40d2-bcb9-722b2bf524ae","conversationId":"sess_d14fddcc-6e67-44bf-9e29-c42e4bd22125","turnId":"2ca6d61a-8dd9-40d2-bcb9-722b2bf524ae","rootTurnId":"2ca6d61a-8dd9-40d2-bcb9-722b2bf524ae"}
{"timestamp":"2026-07-03T14:03:39.827Z","level":"info","message":"[AgentIterator] Parallel invoking agent","conversationId":"sess_d14fddcc-6e67-44bf-9e29-c42e4bd22125","turnId":"2ca6d61a-8dd9-40d2-bcb9-722b2bf524ae","rootTurnId":"2ca6d61a-8dd9-40d2-bcb9-722b2bf524ae"}
{"timestamp":"2026-07-03T14:03:39.827Z","level":"info","message":"[Steering] Populating steering for execution 2ca6d61a-8dd9-40d2-bcb9-722b2bf524ae","conversationId":"sess_d14fddcc-6e67-44bf-9e29-c42e4bd22125","turnId":"2ca6d61a-8dd9-40d2-bcb9-722b2bf524ae","rootTurnId":"2ca6d61a-8dd9-40d2-bcb9-722b2bf524ae"}
{"timestamp":"2026-07-03T14:03:39.827Z","level":"info","message":"[Steering] ExistingFiles: /c:/Users/Admin/Downloads/Kiro_AWS_Nonsense/Kiro_AWS_Nonsense/app.py, /c:/Users/Admin/Downloads/Kiro_AWS_Nonsense/Kiro_AWS_Nonsense/templates/index.html, /c:/Users/Admin/Downloads/Kiro_AWS_Nonsense/Kiro_AWS_Nonsense/static/app.js, /c:/Users/Admin/Downloads/Kiro_AWS_Nonsense/Kiro_AWS_Nonsense/static/style.css, /c:/Users/Admin/Downloads/Kiro_AWS_Nonsense/Kiro_AWS_Nonsense/config.py, /c:/Users/Admin/Downloads/Kiro_AWS_Nonsense/Kiro_AWS_Nonsense/analysis.py in 2ca6d61a-8dd9-40d2-bcb9-722b2bf524ae","conversationId":"sess_d14fddcc-6e67-44bf-9e29-c42e4bd22125","turnId":"2ca6d61a-8dd9-40d2-bcb9-722b2bf524ae","rootTurnId":"2ca6d61a-8dd9-40d2-bcb9-722b2bf524ae"}
{"timestamp":"2026-07-03T14:03:39.832Z","level":"info","message":"[SessionPersistence] Appended 2 message(s) to session sess_d14fddcc-6e67-44bf-9e29-c42e4bd22125","conversationId":"sess_d14fddcc-6e67-44bf-9e29-c42e4bd22125","turnId":"2ca6d61a-8dd9-40d2-bcb9-722b2bf524ae","rootTurnId":"2ca6d61a-8dd9-40d2-bcb9-722b2bf524ae"}
{"timestamp":"2026-07-03T14:03:39.832Z","level":"info","message":"Injecting todo list context into conversation","conversationId":"sess_d14fddcc-6e67-44bf-9e29-c42e4bd22125","turnId":"2ca6d61a-8dd9-40d2-bcb9-722b2bf524ae","rootTurnId":"2ca6d61a-8dd9-40d2-bcb9-722b2bf524ae"}
{"timestamp":"2026-07-03T14:03:39.855Z","level":"info","message":"[q-developer-converse] Sending GenerateAssistantResponse modelId=auto agentMode=vibe origin=AI_EDITOR streaming=true conversationId=sess_d14fddcc-6e67-44bf-9e29-c42e4bd22125","conversationId":"sess_d14fddcc-6e67-44bf-9e29-c42e4bd22125","turnId":"2ca6d61a-8dd9-40d2-bcb9-722b2bf524ae","rootTurnId":"2ca6d61a-8dd9-40d2-bcb9-722b2bf524ae"}
{"timestamp":"2026-07-03T14:03:39.920Z","level":"info","message":"[q-developer-converse] Request payload: 10745716 chars, 82 history messages, conversationId=sess_d14fddcc-6e67-44bf-9e29-c42e4bd22125","conversationId":"sess_d14fddcc-6e67-44bf-9e29-c42e4bd22125","turnId":"2ca6d61a-8dd9-40d2-bcb9-722b2bf524ae","rootTurnId":"2ca6d61a-8dd9-40d2-bcb9-722b2bf524ae"}
{"timestamp":"2026-07-03T14:03:39.948Z","level":"info","message":"[SessionPersistence] Appended 1 message(s) to session sess_d14fddcc-6e67-44bf-9e29-c42e4bd22125","conversationId":"sess_d14fddcc-6e67-44bf-9e29-c42e4bd22125","turnId":"2ca6d61a-8dd9-40d2-bcb9-722b2bf524ae","rootTurnId":"2ca6d61a-8dd9-40d2-bcb9-722b2bf524ae"}
{"timestamp":"2026-07-03T14:03:47.378Z","level":"info","message":"[AgentIterator] Synchronizing results","conversationId":"sess_d14fddcc-6e67-44bf-9e29-c42e4bd22125","turnId":"2ca6d61a-8dd9-40d2-bcb9-722b2bf524ae","rootTurnId":"2ca6d61a-8dd9-40d2-bcb9-722b2bf524ae"}
{"timestamp":"2026-07-03T14:03:47.378Z","level":"info","message":"[AgentIterator] Processing intent detection result","conversationId":"sess_d14fddcc-6e67-44bf-9e29-c42e4bd22125","turnId":"2ca6d61a-8dd9-40d2-bcb9-722b2bf524ae","rootTurnId":"2ca6d61a-8dd9-40d2-bcb9-722b2bf524ae"}
{"timestamp":"2026-07-03T14:03:47.379Z","level":"info","message":"[ChatAgent] Processing model response stream","conversationId":"sess_d14fddcc-6e67-44bf-9e29-c42e4bd22125","turnId":"2ca6d61a-8dd9-40d2-bcb9-722b2bf524ae","rootTurnId":"2ca6d61a-8dd9-40d2-bcb9-722b2bf524ae"}
{"timestamp":"2026-07-03T14:03:47.379Z","level":"info","message":"[Steering] Populating steering for execution 2ca6d61a-8dd9-40d2-bcb9-722b2bf524ae","conversationId":"sess_d14fddcc-6e67-44bf-9e29-c42e4bd22125","turnId":"2ca6d61a-8dd9-40d2-bcb9-722b2bf524ae","rootTurnId":"2ca6d61a-8dd9-40d2-bcb9-722b2bf524ae"}
{"timestamp":"2026-07-03T14:03:47.379Z","level":"info","message":"[Steering] ExistingFiles: /c:/Users/Admin/Downloads/Kiro_AWS_Nonsense/Kiro_AWS_Nonsense/app.py, /c:/Users/Admin/Downloads/Kiro_AWS_Nonsense/Kiro_AWS_Nonsense/templates/index.html, /c:/Users/Admin/Downloads/Kiro_AWS_Nonsense/Kiro_AWS_Nonsense/static/app.js, /c:/Users/Admin/Downloads/Kiro_AWS_Nonsense/Kiro_AWS_Nonsense/static/style.css, /c:/Users/Admin/Downloads/Kiro_AWS_Nonsense/Kiro_AWS_Nonsense/config.py, /c:/Users/Admin/Downloads/Kiro_AWS_Nonsense/Kiro_AWS_Nonsense/analysis.py in 2ca6d61a-8dd9-40d2-bcb9-722b2bf524ae","conversationId":"sess_d14fddcc-6e67-44bf-9e29-c42e4bd22125","turnId":"2ca6d61a-8dd9-40d2-bcb9-722b2bf524ae","rootTurnId":"2ca6d61a-8dd9-40d2-bcb9-722b2bf524ae"}
{"timestamp":"2026-07-03T14:03:49.301Z","level":"info","message":"[ACPEventAdapter] Execution yielded: 2ca6d61a-8dd9-40d2-bcb9-722b2bf524ae","conversationId":"sess_d14fddcc-6e67-44bf-9e29-c42e4bd22125","turnId":"2ca6d61a-8dd9-40d2-bcb9-722b2bf524ae","rootTurnId":"2ca6d61a-8dd9-40d2-bcb9-722b2bf524ae"}
{"timestamp":"2026-07-03T14:03:49.301Z","level":"warn","message":"[ACPEventAdapter] Action type \"run_command\" has no dedicated handler and is being routed as a tool call. If this is a new non-tool action, add it to DispatchedActionType.","conversationId":"sess_d14fddcc-6e67-44bf-9e29-c42e4bd22125","turnId":"2ca6d61a-8dd9-40d2-bcb9-722b2bf524ae","rootTurnId":"2ca6d61a-8dd9-40d2-bcb9-722b2bf524ae"}
{"timestamp":"2026-07-03T14:03:49.342Z","level":"info","message":"acp.policy-eval.complete {\"toolId\":\"run_command\",\"effect\":\"ask\"}","conversationId":"sess_d14fddcc-6e67-44bf-9e29-c42e4bd22125","turnId":"2ca6d61a-8dd9-40d2-bcb9-722b2bf524ae","rootTurnId":"2ca6d61a-8dd9-40d2-bcb9-722b2bf524ae"}
{"timestamp":"2026-07-03T14:03:49.376Z","level":"info","message":"[ACP ToolApproval] Requesting permission for toolId=run_command, operationId=run_command_tooluse_f0GnTKs1mmpUBvNjlmzzQl, sessionId=sess_d14fddcc-6e67-44bf-9e29-c42e4bd22125","conversationId":"sess_d14fddcc-6e67-44bf-9e29-c42e4bd22125","turnId":"2ca6d61a-8dd9-40d2-bcb9-722b2bf524ae","rootTurnId":"2ca6d61a-8dd9-40d2-bcb9-722b2bf524ae"}
{"timestamp":"2026-07-03T14:03:49.381Z","level":"info","message":"[SessionPersistence] Appended 1 message(s) to session sess_d14fddcc-6e67-44bf-9e29-c42e4bd22125","conversationId":"sess_d14fddcc-6e67-44bf-9e29-c42e4bd22125","turnId":"2ca6d61a-8dd9-40d2-bcb9-722b2bf524ae","rootTurnId":"2ca6d61a-8dd9-40d2-bcb9-722b2bf524ae"}
{"timestamp":"2026-07-03T14:03:49.387Z","level":"info","message":"[SessionPersistence] Appended 1 message(s) to session sess_d14fddcc-6e67-44bf-9e29-c42e4bd22125","conversationId":"sess_d14fddcc-6e67-44bf-9e29-c42e4bd22125","turnId":"2ca6d61a-8dd9-40d2-bcb9-722b2bf524ae","rootTurnId":"2ca6d61a-8dd9-40d2-bcb9-722b2bf524ae"}
{"timestamp":"2026-07-03T14:03:55.935Z","level":"info","message":"[SessionPersistence] Appended 1 message(s) to session sess_d14fddcc-6e67-44bf-9e29-c42e4bd22125","conversationId":"sess_d14fddcc-6e67-44bf-9e29-c42e4bd22125","turnId":"2ca6d61a-8dd9-40d2-bcb9-722b2bf524ae","rootTurnId":"2ca6d61a-8dd9-40d2-bcb9-722b2bf524ae"}
{"timestamp":"2026-07-03T14:03:55.937Z","level":"info","message":"[ACP ToolApproval] Got response: {\"optionId\":\"always-accept\",\"outcome\":\"selected\"}","conversationId":"sess_d14fddcc-6e67-44bf-9e29-c42e4bd22125","turnId":"2ca6d61a-8dd9-40d2-bcb9-722b2bf524ae","rootTurnId":"2ca6d61a-8dd9-40d2-bcb9-722b2bf524ae"}
{"timestamp":"2026-07-03T14:03:56.177Z","level":"info","message":"[PolicySession] rebuild() complete: 15 rules parsed, engineActive=true, fatal=false","conversationId":"sess_d14fddcc-6e67-44bf-9e29-c42e4bd22125","turnId":"2ca6d61a-8dd9-40d2-bcb9-722b2bf524ae","rootTurnId":"2ca6d61a-8dd9-40d2-bcb9-722b2bf524ae"}
{"timestamp":"2026-07-03T14:03:56.177Z","level":"info","message":"[PolicySession] Persisted allow rule for shell matching \"python *\" at scope=workspace","conversationId":"sess_d14fddcc-6e67-44bf-9e29-c42e4bd22125","turnId":"2ca6d61a-8dd9-40d2-bcb9-722b2bf524ae","rootTurnId":"2ca6d61a-8dd9-40d2-bcb9-722b2bf524ae"}
{"timestamp":"2026-07-03T14:03:56.210Z","level":"info","message":"[ACPEventAdapter] Execution resumed: 2ca6d61a-8dd9-40d2-bcb9-722b2bf524ae","conversationId":"sess_d14fddcc-6e67-44bf-9e29-c42e4bd22125","turnId":"2ca6d61a-8dd9-40d2-bcb9-722b2bf524ae","rootTurnId":"2ca6d61a-8dd9-40d2-bcb9-722b2bf524ae"}
{"timestamp":"2026-07-03T14:03:56.211Z","level":"warn","message":"policy.ignore.evaluator_error {\"path\":\".\",\"error\":\"RangeError: path should be a `path.relative()`d string, but got \\\".\\\"\"}","conversationId":"sess_d14fddcc-6e67-44bf-9e29-c42e4bd22125","turnId":"2ca6d61a-8dd9-40d2-bcb9-722b2bf524ae","rootTurnId":"2ca6d61a-8dd9-40d2-bcb9-722b2bf524ae"}
{"timestamp":"2026-07-03T14:03:56.211Z","level":"info","message":"acp.policy-eval.complete {\"toolId\":\"list_directory\",\"effect\":\"allow\",\"capability\":\"fs_read\"}","conversationId":"sess_d14fddcc-6e67-44bf-9e29-c42e4bd22125","turnId":"2ca6d61a-8dd9-40d2-bcb9-722b2bf524ae","rootTurnId":"2ca6d61a-8dd9-40d2-bcb9-722b2bf524ae"}
{"timestamp":"2026-07-03T14:04:07.249Z","level":"info","message":"[AgentIterator] Parallel invoking agent","conversationId":"sess_d14fddcc-6e67-44bf-9e29-c42e4bd22125","turnId":"2ca6d61a-8dd9-40d2-bcb9-722b2bf524ae","rootTurnId":"2ca6d61a-8dd9-40d2-bcb9-722b2bf524ae"}
{"timestamp":"2026-07-03T14:04:07.250Z","level":"info","message":"[Steering] Populating steering for execution 2ca6d61a-8dd9-40d2-bcb9-722b2bf524ae","conversationId":"sess_d14fddcc-6e67-44bf-9e29-c42e4bd22125","turnId":"2ca6d61a-8dd9-40d2-bcb9-722b2bf524ae","rootTurnId":"2ca6d61a-8dd9-40d2-bcb9-722b2bf524ae"}
{"timestamp":"2026-07-03T14:04:07.250Z","level":"info","message":"[Steering] ExistingFiles: /c:/Users/Admin/Downloads/Kiro_AWS_Nonsense/Kiro_AWS_Nonsense/app.py, /c:/Users/Admin/Downloads/Kiro_AWS_Nonsense/Kiro_AWS_Nonsense/templates/index.html, /c:/Users/Admin/Downloads/Kiro_AWS_Nonsense/Kiro_AWS_Nonsense/static/app.js, /c:/Users/Admin/Downloads/Kiro_AWS_Nonsense/Kiro_AWS_Nonsense/static/style.css, /c:/Users/Admin/Downloads/Kiro_AWS_Nonsense/Kiro_AWS_Nonsense/config.py, /c:/Users/Admin/Downloads/Kiro_AWS_Nonsense/Kiro_AWS_Nonsense/analysis.py in 2ca6d61a-8dd9-40d2-bcb9-722b2bf524ae","conversationId":"sess_d14fddcc-6e67-44bf-9e29-c42e4bd22125","turnId":"2ca6d61a-8dd9-40d2-bcb9-722b2bf524ae","rootTurnId":"2ca6d61a-8dd9-40d2-bcb9-722b2bf524ae"}
{"timestamp":"2026-07-03T14:04:07.252Z","level":"info","message":"[SessionPersistence] Appended 2 message(s) to session sess_d14fddcc-6e67-44bf-9e29-c42e4bd22125","conversationId":"sess_d14fddcc-6e67-44bf-9e29-c42e4bd22125","turnId":"2ca6d61a-8dd9-40d2-bcb9-722b2bf524ae","rootTurnId":"2ca6d61a-8dd9-40d2-bcb9-722b2bf524ae"}
{"timestamp":"2026-07-03T14:04:07.447Z","level":"info","message":"[q-developer-converse] Sending GenerateAssistantResponse modelId=auto agentMode=vibe origin=AI_EDITOR streaming=true conversationId=sess_d14fddcc-6e67-44bf-9e29-c42e4bd22125","conversationId":"sess_d14fddcc-6e67-44bf-9e29-c42e4bd22125","turnId":"2ca6d61a-8dd9-40d2-bcb9-722b2bf524ae","rootTurnId":"2ca6d61a-8dd9-40d2-bcb9-722b2bf524ae"}
{"timestamp":"2026-07-03T14:04:07.527Z","level":"info","message":"[q-developer-converse] Request payload: 10751573 chars, 84 history messages, conversationId=sess_d14fddcc-6e67-44bf-9e29-c42e4bd22125","conversationId":"sess_d14fddcc-6e67-44bf-9e29-c42e4bd22125","turnId":"2ca6d61a-8dd9-40d2-bcb9-722b2bf524ae","rootTurnId":"2ca6d61a-8dd9-40d2-bcb9-722b2bf524ae"}
{"timestamp":"2026-07-03T14:04:15.036Z","level":"info","message":"[AgentIterator] Synchronizing results","conversationId":"sess_d14fddcc-6e67-44bf-9e29-c42e4bd22125","turnId":"2ca6d61a-8dd9-40d2-bcb9-722b2bf524ae","rootTurnId":"2ca6d61a-8dd9-40d2-bcb9-722b2bf524ae"}
{"timestamp":"2026-07-03T14:04:15.036Z","level":"info","message":"[AgentIterator] Processing intent detection result","conversationId":"sess_d14fddcc-6e67-44bf-9e29-c42e4bd22125","turnId":"2ca6d61a-8dd9-40d2-bcb9-722b2bf524ae","rootTurnId":"2ca6d61a-8dd9-40d2-bcb9-722b2bf524ae"}
{"timestamp":"2026-07-03T14:04:15.037Z","level":"info","message":"[ChatAgent] Processing model response stream","conversationId":"sess_d14fddcc-6e67-44bf-9e29-c42e4bd22125","turnId":"2ca6d61a-8dd9-40d2-bcb9-722b2bf524ae","rootTurnId":"2ca6d61a-8dd9-40d2-bcb9-722b2bf524ae"}
{"timestamp":"2026-07-03T14:04:15.037Z","level":"info","message":"[Steering] Populating steering for execution 2ca6d61a-8dd9-40d2-bcb9-722b2bf524ae","conversationId":"sess_d14fddcc-6e67-44bf-9e29-c42e4bd22125","turnId":"2ca6d61a-8dd9-40d2-bcb9-722b2bf524ae","rootTurnId":"2ca6d61a-8dd9-40d2-bcb9-722b2bf524ae"}
{"timestamp":"2026-07-03T14:04:15.037Z","level":"info","message":"[Steering] ExistingFiles: /c:/Users/Admin/Downloads/Kiro_AWS_Nonsense/Kiro_AWS_Nonsense/app.py, /c:/Users/Admin/Downloads/Kiro_AWS_Nonsense/Kiro_AWS_Nonsense/templates/index.html, /c:/Users/Admin/Downloads/Kiro_AWS_Nonsense/Kiro_AWS_Nonsense/static/app.js, /c:/Users/Admin/Downloads/Kiro_AWS_Nonsense/Kiro_AWS_Nonsense/static/style.css, /c:/Users/Admin/Downloads/Kiro_AWS_Nonsense/Kiro_AWS_Nonsense/config.py, /c:/Users/Admin/Downloads/Kiro_AWS_Nonsense/Kiro_AWS_Nonsense/analysis.py in 2ca6d61a-8dd9-40d2-bcb9-722b2bf524ae","conversationId":"sess_d14fddcc-6e67-44bf-9e29-c42e4bd22125","turnId":"2ca6d61a-8dd9-40d2-bcb9-722b2bf524ae","rootTurnId":"2ca6d61a-8dd9-40d2-bcb9-722b2bf524ae"}
{"timestamp":"2026-07-03T14:04:15.040Z","level":"warn","message":"[ACPEventAdapter] Tool \"say\" missing rawInput, falling back to input.","conversationId":"sess_d14fddcc-6e67-44bf-9e29-c42e4bd22125","turnId":"2ca6d61a-8dd9-40d2-bcb9-722b2bf524ae","rootTurnId":"2ca6d61a-8dd9-40d2-bcb9-722b2bf524ae"}
{"timestamp":"2026-07-03T14:04:15.075Z","level":"warn","message":"[ACPEventAdapter] Tool \"say\" missing rawInput, falling back to input.","conversationId":"sess_d14fddcc-6e67-44bf-9e29-c42e4bd22125","turnId":"2ca6d61a-8dd9-40d2-bcb9-722b2bf524ae","rootTurnId":"2ca6d61a-8dd9-40d2-bcb9-722b2bf524ae"}
{"timestamp":"2026-07-03T14:04:15.141Z","level":"warn","message":"[ACPEventAdapter] Tool \"say\" missing rawInput, falling back to input.","conversationId":"sess_d14fddcc-6e67-44bf-9e29-c42e4bd22125","turnId":"2ca6d61a-8dd9-40d2-bcb9-722b2bf524ae","rootTurnId":"2ca6d61a-8dd9-40d2-bcb9-722b2bf524ae"}
{"timestamp":"2026-07-03T14:04:15.176Z","level":"warn","message":"[ACPEventAdapter] Tool \"say\" missing rawInput, falling back to input.","conversationId":"sess_d14fddcc-6e67-44bf-9e29-c42e4bd22125","turnId":"2ca6d61a-8dd9-40d2-bcb9-722b2bf524ae","rootTurnId":"2ca6d61a-8dd9-40d2-bcb9-722b2bf524ae"}
{"timestamp":"2026-07-03T14:04:15.221Z","level":"warn","message":"[ACPEventAdapter] Tool \"say\" missing rawInput, falling back to input.","conversationId":"sess_d14fddcc-6e67-44bf-9e29-c42e4bd22125","turnId":"2ca6d61a-8dd9-40d2-bcb9-722b2bf524ae","rootTurnId":"2ca6d61a-8dd9-40d2-bcb9-722b2bf524ae"}
{"timestamp":"2026-07-03T14:04:15.266Z","level":"warn","message":"[ACPEventAdapter] Tool \"say\" missing rawInput, falling back to input.","conversationId":"sess_d14fddcc-6e67-44bf-9e29-c42e4bd22125","turnId":"2ca6d61a-8dd9-40d2-bcb9-722b2bf524ae","rootTurnId":"2ca6d61a-8dd9-40d2-bcb9-722b2bf524ae"}
{"timestamp":"2026-07-03T14:04:15.331Z","level":"warn","message":"[ACPEventAdapter] Tool \"say\" missing rawInput, falling back to input.","conversationId":"sess_d14fddcc-6e67-44bf-9e29-c42e4bd22125","turnId":"2ca6d61a-8dd9-40d2-bcb9-722b2bf524ae","rootTurnId":"2ca6d61a-8dd9-40d2-bcb9-722b2bf524ae"}
{"timestamp":"2026-07-03T14:04:15.372Z","level":"warn","message":"[ACPEventAdapter] Tool \"say\" missing rawInput, falling back to input.","conversationId":"sess_d14fddcc-6e67-44bf-9e29-c42e4bd22125","turnId":"2ca6d61a-8dd9-40d2-bcb9-722b2bf524ae","rootTurnId":"2ca6d61a-8dd9-40d2-bcb9-722b2bf524ae"}
{"timestamp":"2026-07-03T14:04:15.640Z","level":"warn","message":"[ACPEventAdapter] Tool \"say\" missing rawInput, falling back to input.","conversationId":"sess_d14fddcc-6e67-44bf-9e29-c42e4bd22125","turnId":"2ca6d61a-8dd9-40d2-bcb9-722b2bf524ae","rootTurnId":"2ca6d61a-8dd9-40d2-bcb9-722b2bf524ae"}
{"timestamp":"2026-07-03T14:04:15.642Z","level":"info","message":"[SessionPersistence] Appended 1 message(s) to session sess_d14fddcc-6e67-44bf-9e29-c42e4bd22125","conversationId":"sess_d14fddcc-6e67-44bf-9e29-c42e4bd22125","turnId":"2ca6d61a-8dd9-40d2-bcb9-722b2bf524ae","rootTurnId":"2ca6d61a-8dd9-40d2-bcb9-722b2bf524ae"}
{"timestamp":"2026-07-03T14:04:21.730Z","level":"info","message":"[SessionPersistence] Appended 1 message(s) to session sess_d14fddcc-6e67-44bf-9e29-c42e4bd22125","conversationId":"sess_d14fddcc-6e67-44bf-9e29-c42e4bd22125","turnId":"2ca6d61a-8dd9-40d2-bcb9-722b2bf524ae","rootTurnId":"2ca6d61a-8dd9-40d2-bcb9-722b2bf524ae"}
{"timestamp":"2026-07-03T14:04:21.734Z","level":"info","message":"acp.policy-eval.complete {\"toolId\":\"fs_write\",\"effect\":\"allow\",\"capability\":\"fs_write\"}","conversationId":"sess_d14fddcc-6e67-44bf-9e29-c42e4bd22125","turnId":"2ca6d61a-8dd9-40d2-bcb9-722b2bf524ae","rootTurnId":"2ca6d61a-8dd9-40d2-bcb9-722b2bf524ae"}
{"timestamp":"2026-07-03T14:04:21.773Z","level":"info","message":"[SessionPersistence] Created snapshot bde3cd93 for test_api.py in session sess_d14fddcc-6e67-44bf-9e29-c42e4bd22125 (1340 bytes)","conversationId":"sess_d14fddcc-6e67-44bf-9e29-c42e4bd22125","turnId":"2ca6d61a-8dd9-40d2-bcb9-722b2bf524ae","rootTurnId":"2ca6d61a-8dd9-40d2-bcb9-722b2bf524ae"}
{"timestamp":"2026-07-03T14:04:21.779Z","level":"info","message":"[AgentIterator] Parallel invoking agent","conversationId":"sess_d14fddcc-6e67-44bf-9e29-c42e4bd22125","turnId":"2ca6d61a-8dd9-40d2-bcb9-722b2bf524ae","rootTurnId":"2ca6d61a-8dd9-40d2-bcb9-722b2bf524ae"}
{"timestamp":"2026-07-03T14:04:21.779Z","level":"info","message":"[Steering] Populating steering for execution 2ca6d61a-8dd9-40d2-bcb9-722b2bf524ae","conversationId":"sess_d14fddcc-6e67-44bf-9e29-c42e4bd22125","turnId":"2ca6d61a-8dd9-40d2-bcb9-722b2bf524ae","rootTurnId":"2ca6d61a-8dd9-40d2-bcb9-722b2bf524ae"}
{"timestamp":"2026-07-03T14:04:21.779Z","level":"info","message":"[Steering] ExistingFiles: /c:/Users/Admin/Downloads/Kiro_AWS_Nonsense/Kiro_AWS_Nonsense/app.py, /c:/Users/Admin/Downloads/Kiro_AWS_Nonsense/Kiro_AWS_Nonsense/templates/index.html, /c:/Users/Admin/Downloads/Kiro_AWS_Nonsense/Kiro_AWS_Nonsense/static/app.js, /c:/Users/Admin/Downloads/Kiro_AWS_Nonsense/Kiro_AWS_Nonsense/static/style.css, /c:/Users/Admin/Downloads/Kiro_AWS_Nonsense/Kiro_AWS_Nonsense/config.py, /c:/Users/Admin/Downloads/Kiro_AWS_Nonsense/Kiro_AWS_Nonsense/analysis.py in 2ca6d61a-8dd9-40d2-bcb9-722b2bf524ae","conversationId":"sess_d14fddcc-6e67-44bf-9e29-c42e4bd22125","turnId":"2ca6d61a-8dd9-40d2-bcb9-722b2bf524ae","rootTurnId":"2ca6d61a-8dd9-40d2-bcb9-722b2bf524ae"}
{"timestamp":"2026-07-03T14:04:21.813Z","level":"info","message":"[q-developer-converse] Sending GenerateAssistantResponse modelId=auto agentMode=vibe origin=AI_EDITOR streaming=true conversationId=sess_d14fddcc-6e67-44bf-9e29-c42e4bd22125","conversationId":"sess_d14fddcc-6e67-44bf-9e29-c42e4bd22125","turnId":"2ca6d61a-8dd9-40d2-bcb9-722b2bf524ae","rootTurnId":"2ca6d61a-8dd9-40d2-bcb9-722b2bf524ae"}
{"timestamp":"2026-07-03T14:04:21.882Z","level":"info","message":"[q-developer-converse] Request payload: 10753572 chars, 86 history messages, conversationId=sess_d14fddcc-6e67-44bf-9e29-c42e4bd22125","conversationId":"sess_d14fddcc-6e67-44bf-9e29-c42e4bd22125","turnId":"2ca6d61a-8dd9-40d2-bcb9-722b2bf524ae","rootTurnId":"2ca6d61a-8dd9-40d2-bcb9-722b2bf524ae"}
{"timestamp":"2026-07-03T14:04:21.903Z","level":"info","message":"[SessionPersistence] Appended 2 message(s) to session sess_d14fddcc-6e67-44bf-9e29-c42e4bd22125","conversationId":"sess_d14fddcc-6e67-44bf-9e29-c42e4bd22125","turnId":"2ca6d61a-8dd9-40d2-bcb9-722b2bf524ae","rootTurnId":"2ca6d61a-8dd9-40d2-bcb9-722b2bf524ae"}
{"timestamp":"2026-07-03T14:04:30.348Z","level":"info","message":"[AgentIterator] Synchronizing results","conversationId":"sess_d14fddcc-6e67-44bf-9e29-c42e4bd22125","turnId":"2ca6d61a-8dd9-40d2-bcb9-722b2bf524ae","rootTurnId":"2ca6d61a-8dd9-40d2-bcb9-722b2bf524ae"}
{"timestamp":"2026-07-03T14:04:30.348Z","level":"info","message":"[AgentIterator] Processing intent detection result","conversationId":"sess_d14fddcc-6e67-44bf-9e29-c42e4bd22125","turnId":"2ca6d61a-8dd9-40d2-bcb9-722b2bf524ae","rootTurnId":"2ca6d61a-8dd9-40d2-bcb9-722b2bf524ae"}
{"timestamp":"2026-07-03T14:04:30.349Z","level":"info","message":"[ChatAgent] Processing model response stream","conversationId":"sess_d14fddcc-6e67-44bf-9e29-c42e4bd22125","turnId":"2ca6d61a-8dd9-40d2-bcb9-722b2bf524ae","rootTurnId":"2ca6d61a-8dd9-40d2-bcb9-722b2bf524ae"}
{"timestamp":"2026-07-03T14:04:30.349Z","level":"info","message":"[Steering] Populating steering for execution 2ca6d61a-8dd9-40d2-bcb9-722b2bf524ae","conversationId":"sess_d14fddcc-6e67-44bf-9e29-c42e4bd22125","turnId":"2ca6d61a-8dd9-40d2-bcb9-722b2bf524ae","rootTurnId":"2ca6d61a-8dd9-40d2-bcb9-722b2bf524ae"}
{"timestamp":"2026-07-03T14:04:30.349Z","level":"info","message":"[Steering] ExistingFiles: /c:/Users/Admin/Downloads/Kiro_AWS_Nonsense/Kiro_AWS_Nonsense/app.py, /c:/Users/Admin/Downloads/Kiro_AWS_Nonsense/Kiro_AWS_Nonsense/templates/index.html, /c:/Users/Admin/Downloads/Kiro_AWS_Nonsense/Kiro_AWS_Nonsense/static/app.js, /c:/Users/Admin/Downloads/Kiro_AWS_Nonsense/Kiro_AWS_Nonsense/static/style.css, /c:/Users/Admin/Downloads/Kiro_AWS_Nonsense/Kiro_AWS_Nonsense/config.py, /c:/Users/Admin/Downloads/Kiro_AWS_Nonsense/Kiro_AWS_Nonsense/analysis.py in 2ca6d61a-8dd9-40d2-bcb9-722b2bf524ae","conversationId":"sess_d14fddcc-6e67-44bf-9e29-c42e4bd22125","turnId":"2ca6d61a-8dd9-40d2-bcb9-722b2bf524ae","rootTurnId":"2ca6d61a-8dd9-40d2-bcb9-722b2bf524ae"}
{"timestamp":"2026-07-03T14:04:30.950Z","level":"info","message":"[ACPEventAdapter] Execution yielded: 2ca6d61a-8dd9-40d2-bcb9-722b2bf524ae","conversationId":"sess_d14fddcc-6e67-44bf-9e29-c42e4bd22125","turnId":"2ca6d61a-8dd9-40d2-bcb9-722b2bf524ae","rootTurnId":"2ca6d61a-8dd9-40d2-bcb9-722b2bf524ae"}
{"timestamp":"2026-07-03T14:04:30.981Z","level":"info","message":"acp.policy-eval.complete {\"toolId\":\"run_command\",\"effect\":\"allow\",\"capability\":\"shell\"}","conversationId":"sess_d14fddcc-6e67-44bf-9e29-c42e4bd22125","turnId":"2ca6d61a-8dd9-40d2-bcb9-722b2bf524ae","rootTurnId":"2ca6d61a-8dd9-40d2-bcb9-722b2bf524ae"}
{"timestamp":"2026-07-03T14:04:30.982Z","level":"info","message":"[ACPEventAdapter] Execution resumed: 2ca6d61a-8dd9-40d2-bcb9-722b2bf524ae","conversationId":"sess_d14fddcc-6e67-44bf-9e29-c42e4bd22125","turnId":"2ca6d61a-8dd9-40d2-bcb9-722b2bf524ae","rootTurnId":"2ca6d61a-8dd9-40d2-bcb9-722b2bf524ae"}
{"timestamp":"2026-07-03T14:04:30.982Z","level":"warn","message":"policy.ignore.evaluator_error {\"path\":\".\",\"error\":\"RangeError: path should be a `path.relative()`d string, but got \\\".\\\"\"}","conversationId":"sess_d14fddcc-6e67-44bf-9e29-c42e4bd22125","turnId":"2ca6d61a-8dd9-40d2-bcb9-722b2bf524ae","rootTurnId":"2ca6d61a-8dd9-40d2-bcb9-722b2bf524ae"}
{"timestamp":"2026-07-03T14:04:30.982Z","level":"info","message":"acp.policy-eval.complete {\"toolId\":\"list_directory\",\"effect\":\"allow\",\"capability\":\"fs_read\"}","conversationId":"sess_d14fddcc-6e67-44bf-9e29-c42e4bd22125","turnId":"2ca6d61a-8dd9-40d2-bcb9-722b2bf524ae","rootTurnId":"2ca6d61a-8dd9-40d2-bcb9-722b2bf524ae"}
{"timestamp":"2026-07-03T14:04:30.991Z","level":"info","message":"[SessionPersistence] Appended 1 message(s) to session sess_d14fddcc-6e67-44bf-9e29-c42e4bd22125","conversationId":"sess_d14fddcc-6e67-44bf-9e29-c42e4bd22125","turnId":"2ca6d61a-8dd9-40d2-bcb9-722b2bf524ae","rootTurnId":"2ca6d61a-8dd9-40d2-bcb9-722b2bf524ae"}
{"timestamp":"2026-07-03T14:04:32.007Z","level":"info","message":"[AgentIterator] Parallel invoking agent","conversationId":"sess_d14fddcc-6e67-44bf-9e29-c42e4bd22125","turnId":"2ca6d61a-8dd9-40d2-bcb9-722b2bf524ae","rootTurnId":"2ca6d61a-8dd9-40d2-bcb9-722b2bf524ae"}
{"timestamp":"2026-07-03T14:04:32.007Z","level":"info","message":"[Steering] Populating steering for execution 2ca6d61a-8dd9-40d2-bcb9-722b2bf524ae","conversationId":"sess_d14fddcc-6e67-44bf-9e29-c42e4bd22125","turnId":"2ca6d61a-8dd9-40d2-bcb9-722b2bf524ae","rootTurnId":"2ca6d61a-8dd9-40d2-bcb9-722b2bf524ae"}
{"timestamp":"2026-07-03T14:04:32.007Z","level":"info","message":"[Steering] ExistingFiles: /c:/Users/Admin/Downloads/Kiro_AWS_Nonsense/Kiro_AWS_Nonsense/app.py, /c:/Users/Admin/Downloads/Kiro_AWS_Nonsense/Kiro_AWS_Nonsense/templates/index.html, /c:/Users/Admin/Downloads/Kiro_AWS_Nonsense/Kiro_AWS_Nonsense/static/app.js, /c:/Users/Admin/Downloads/Kiro_AWS_Nonsense/Kiro_AWS_Nonsense/static/style.css, /c:/Users/Admin/Downloads/Kiro_AWS_Nonsense/Kiro_AWS_Nonsense/config.py, /c:/Users/Admin/Downloads/Kiro_AWS_Nonsense/Kiro_AWS_Nonsense/analysis.py in 2ca6d61a-8dd9-40d2-bcb9-722b2bf524ae","conversationId":"sess_d14fddcc-6e67-44bf-9e29-c42e4bd22125","turnId":"2ca6d61a-8dd9-40d2-bcb9-722b2bf524ae","rootTurnId":"2ca6d61a-8dd9-40d2-bcb9-722b2bf524ae"}
{"timestamp":"2026-07-03T14:04:32.009Z","level":"info","message":"[SessionPersistence] Appended 2 message(s) to session sess_d14fddcc-6e67-44bf-9e29-c42e4bd22125","conversationId":"sess_d14fddcc-6e67-44bf-9e29-c42e4bd22125","turnId":"2ca6d61a-8dd9-40d2-bcb9-722b2bf524ae","rootTurnId":"2ca6d61a-8dd9-40d2-bcb9-722b2bf524ae"}
{"timestamp":"2026-07-03T14:04:32.036Z","level":"info","message":"[q-developer-converse] Sending GenerateAssistantResponse modelId=auto agentMode=vibe origin=AI_EDITOR streaming=true conversationId=sess_d14fddcc-6e67-44bf-9e29-c42e4bd22125","conversationId":"sess_d14fddcc-6e67-44bf-9e29-c42e4bd22125","turnId":"2ca6d61a-8dd9-40d2-bcb9-722b2bf524ae","rootTurnId":"2ca6d61a-8dd9-40d2-bcb9-722b2bf524ae"}
{"timestamp":"2026-07-03T14:04:32.108Z","level":"info","message":"[q-developer-converse] Request payload: 10754920 chars, 88 history messages, conversationId=sess_d14fddcc-6e67-44bf-9e29-c42e4bd22125","conversationId":"sess_d14fddcc-6e67-44bf-9e29-c42e4bd22125","turnId":"2ca6d61a-8dd9-40d2-bcb9-722b2bf524ae","rootTurnId":"2ca6d61a-8dd9-40d2-bcb9-722b2bf524ae"}
{"timestamp":"2026-07-03T14:04:40.899Z","level":"info","message":"[AgentIterator] Synchronizing results","conversationId":"sess_d14fddcc-6e67-44bf-9e29-c42e4bd22125","turnId":"2ca6d61a-8dd9-40d2-bcb9-722b2bf524ae","rootTurnId":"2ca6d61a-8dd9-40d2-bcb9-722b2bf524ae"}
{"timestamp":"2026-07-03T14:04:40.899Z","level":"info","message":"[AgentIterator] Processing intent detection result","conversationId":"sess_d14fddcc-6e67-44bf-9e29-c42e4bd22125","turnId":"2ca6d61a-8dd9-40d2-bcb9-722b2bf524ae","rootTurnId":"2ca6d61a-8dd9-40d2-bcb9-722b2bf524ae"}
{"timestamp":"2026-07-03T14:04:40.900Z","level":"info","message":"[ChatAgent] Processing model response stream","conversationId":"sess_d14fddcc-6e67-44bf-9e29-c42e4bd22125","turnId":"2ca6d61a-8dd9-40d2-bcb9-722b2bf524ae","rootTurnId":"2ca6d61a-8dd9-40d2-bcb9-722b2bf524ae"}
{"timestamp":"2026-07-03T14:04:40.900Z","level":"info","message":"[Steering] Populating steering for execution 2ca6d61a-8dd9-40d2-bcb9-722b2bf524ae","conversationId":"sess_d14fddcc-6e67-44bf-9e29-c42e4bd22125","turnId":"2ca6d61a-8dd9-40d2-bcb9-722b2bf524ae","rootTurnId":"2ca6d61a-8dd9-40d2-bcb9-722b2bf524ae"}
{"timestamp":"2026-07-03T14:04:40.900Z","level":"info","message":"[Steering] ExistingFiles: /c:/Users/Admin/Downloads/Kiro_AWS_Nonsense/Kiro_AWS_Nonsense/app.py, /c:/Users/Admin/Downloads/Kiro_AWS_Nonsense/Kiro_AWS_Nonsense/templates/index.html, /c:/Users/Admin/Downloads/Kiro_AWS_Nonsense/Kiro_AWS_Nonsense/static/app.js, /c:/Users/Admin/Downloads/Kiro_AWS_Nonsense/Kiro_AWS_Nonsense/static/style.css, /c:/Users/Admin/Downloads/Kiro_AWS_Nonsense/Kiro_AWS_Nonsense/config.py, /c:/Users/Admin/Downloads/Kiro_AWS_Nonsense/Kiro_AWS_Nonsense/analysis.py in 2ca6d61a-8dd9-40d2-bcb9-722b2bf524ae","conversationId":"sess_d14fddcc-6e67-44bf-9e29-c42e4bd22125","turnId":"2ca6d61a-8dd9-40d2-bcb9-722b2bf524ae","rootTurnId":"2ca6d61a-8dd9-40d2-bcb9-722b2bf524ae"}
{"timestamp":"2026-07-03T14:04:40.902Z","level":"warn","message":"[ACPEventAdapter] Tool \"say\" missing rawInput, falling back to input.","conversationId":"sess_d14fddcc-6e67-44bf-9e29-c42e4bd22125","turnId":"2ca6d61a-8dd9-40d2-bcb9-722b2bf524ae","rootTurnId":"2ca6d61a-8dd9-40d2-bcb9-722b2bf524ae"}
{"timestamp":"2026-07-03T14:04:40.911Z","level":"warn","message":"[ACPEventAdapter] Tool \"say\" missing rawInput, falling back to input.","conversationId":"sess_d14fddcc-6e67-44bf-9e29-c42e4bd22125","turnId":"2ca6d61a-8dd9-40d2-bcb9-722b2bf524ae","rootTurnId":"2ca6d61a-8dd9-40d2-bcb9-722b2bf524ae"}
{"timestamp":"2026-07-03T14:04:40.964Z","level":"warn","message":"[ACPEventAdapter] Tool \"say\" missing rawInput, falling back to input.","conversationId":"sess_d14fddcc-6e67-44bf-9e29-c42e4bd22125","turnId":"2ca6d61a-8dd9-40d2-bcb9-722b2bf524ae","rootTurnId":"2ca6d61a-8dd9-40d2-bcb9-722b2bf524ae"}
{"timestamp":"2026-07-03T14:04:41.021Z","level":"warn","message":"[ACPEventAdapter] Tool \"say\" missing rawInput, falling back to input.","conversationId":"sess_d14fddcc-6e67-44bf-9e29-c42e4bd22125","turnId":"2ca6d61a-8dd9-40d2-bcb9-722b2bf524ae","rootTurnId":"2ca6d61a-8dd9-40d2-bcb9-722b2bf524ae"}
{"timestamp":"2026-07-03T14:04:41.070Z","level":"warn","message":"[ACPEventAdapter] Tool \"say\" missing rawInput, falling back to input.","conversationId":"sess_d14fddcc-6e67-44bf-9e29-c42e4bd22125","turnId":"2ca6d61a-8dd9-40d2-bcb9-722b2bf524ae","rootTurnId":"2ca6d61a-8dd9-40d2-bcb9-722b2bf524ae"}
{"timestamp":"2026-07-03T14:04:41.118Z","level":"warn","message":"[ACPEventAdapter] Tool \"say\" missing rawInput, falling back to input.","conversationId":"sess_d14fddcc-6e67-44bf-9e29-c42e4bd22125","turnId":"2ca6d61a-8dd9-40d2-bcb9-722b2bf524ae","rootTurnId":"2ca6d61a-8dd9-40d2-bcb9-722b2bf524ae"}
{"timestamp":"2026-07-03T14:04:41.174Z","level":"warn","message":"[ACPEventAdapter] Tool \"say\" missing rawInput, falling back to input.","conversationId":"sess_d14fddcc-6e67-44bf-9e29-c42e4bd22125","turnId":"2ca6d61a-8dd9-40d2-bcb9-722b2bf524ae","rootTurnId":"2ca6d61a-8dd9-40d2-bcb9-722b2bf524ae"}
{"timestamp":"2026-07-03T14:04:41.231Z","level":"warn","message":"[ACPEventAdapter] Tool \"say\" missing rawInput, falling back to input.","conversationId":"sess_d14fddcc-6e67-44bf-9e29-c42e4bd22125","turnId":"2ca6d61a-8dd9-40d2-bcb9-722b2bf524ae","rootTurnId":"2ca6d61a-8dd9-40d2-bcb9-722b2bf524ae"}
{"timestamp":"2026-07-03T14:04:41.276Z","level":"warn","message":"[ACPEventAdapter] Tool \"say\" missing rawInput, falling back to input.","conversationId":"sess_d14fddcc-6e67-44bf-9e29-c42e4bd22125","turnId":"2ca6d61a-8dd9-40d2-bcb9-722b2bf524ae","rootTurnId":"2ca6d61a-8dd9-40d2-bcb9-722b2bf524ae"}
{"timestamp":"2026-07-03T14:04:41.341Z","level":"warn","message":"[ACPEventAdapter] Tool \"say\" missing rawInput, falling back to input.","conversationId":"sess_d14fddcc-6e67-44bf-9e29-c42e4bd22125","turnId":"2ca6d61a-8dd9-40d2-bcb9-722b2bf524ae","rootTurnId":"2ca6d61a-8dd9-40d2-bcb9-722b2bf524ae"}
{"timestamp":"2026-07-03T14:04:41.382Z","level":"warn","message":"[ACPEventAdapter] Tool \"say\" missing rawInput, falling back to input.","conversationId":"sess_d14fddcc-6e67-44bf-9e29-c42e4bd22125","turnId":"2ca6d61a-8dd9-40d2-bcb9-722b2bf524ae","rootTurnId":"2ca6d61a-8dd9-40d2-bcb9-722b2bf524ae"}
{"timestamp":"2026-07-03T14:04:41.431Z","level":"warn","message":"[ACPEventAdapter] Tool \"say\" missing rawInput, falling back to input.","conversationId":"sess_d14fddcc-6e67-44bf-9e29-c42e4bd22125","turnId":"2ca6d61a-8dd9-40d2-bcb9-722b2bf524ae","rootTurnId":"2ca6d61a-8dd9-40d2-bcb9-722b2bf524ae"}
{"timestamp":"2026-07-03T14:04:41.982Z","level":"warn","message":"[ACPEventAdapter] Tool \"say\" missing rawInput, falling back to input.","conversationId":"sess_d14fddcc-6e67-44bf-9e29-c42e4bd22125","turnId":"2ca6d61a-8dd9-40d2-bcb9-722b2bf524ae","rootTurnId":"2ca6d61a-8dd9-40d2-bcb9-722b2bf524ae"}
{"timestamp":"2026-07-03T14:04:41.983Z","level":"warn","message":"[ACPEventAdapter] Tool \"say\" missing rawInput, falling back to input.","conversationId":"sess_d14fddcc-6e67-44bf-9e29-c42e4bd22125","turnId":"2ca6d61a-8dd9-40d2-bcb9-722b2bf524ae","rootTurnId":"2ca6d61a-8dd9-40d2-bcb9-722b2bf524ae"}
{"timestamp":"2026-07-03T14:04:41.983Z","level":"warn","message":"[ACPEventAdapter] Tool \"say\" missing rawInput, falling back to input.","conversationId":"sess_d14fddcc-6e67-44bf-9e29-c42e4bd22125","turnId":"2ca6d61a-8dd9-40d2-bcb9-722b2bf524ae","rootTurnId":"2ca6d61a-8dd9-40d2-bcb9-722b2bf524ae"}
{"timestamp":"2026-07-03T14:04:41.983Z","level":"warn","message":"[ACPEventAdapter] Tool \"say\" missing rawInput, falling back to input.","conversationId":"sess_d14fddcc-6e67-44bf-9e29-c42e4bd22125","turnId":"2ca6d61a-8dd9-40d2-bcb9-722b2bf524ae","rootTurnId":"2ca6d61a-8dd9-40d2-bcb9-722b2bf524ae"}
{"timestamp":"2026-07-03T14:04:41.983Z","level":"warn","message":"[ACPEventAdapter] Tool \"say\" missing rawInput, falling back to input.","conversationId":"sess_d14fddcc-6e67-44bf-9e29-c42e4bd22125","turnId":"2ca6d61a-8dd9-40d2-bcb9-722b2bf524ae","rootTurnId":"2ca6d61a-8dd9-40d2-bcb9-722b2bf524ae"}
{"timestamp":"2026-07-03T14:04:41.984Z","level":"warn","message":"[ACPEventAdapter] Tool \"say\" missing rawInput, falling back to input.","conversationId":"sess_d14fddcc-6e67-44bf-9e29-c42e4bd22125","turnId":"2ca6d61a-8dd9-40d2-bcb9-722b2bf524ae","rootTurnId":"2ca6d61a-8dd9-40d2-bcb9-722b2bf524ae"}
{"timestamp":"2026-07-03T14:04:41.984Z","level":"warn","message":"[ACPEventAdapter] Tool \"say\" missing rawInput, falling back to input.","conversationId":"sess_d14fddcc-6e67-44bf-9e29-c42e4bd22125","turnId":"2ca6d61a-8dd9-40d2-bcb9-722b2bf524ae","rootTurnId":"2ca6d61a-8dd9-40d2-bcb9-722b2bf524ae"}
{"timestamp":"2026-07-03T14:04:41.984Z","level":"warn","message":"[ACPEventAdapter] Tool \"say\" missing rawInput, falling back to input.","conversationId":"sess_d14fddcc-6e67-44bf-9e29-c42e4bd22125","turnId":"2ca6d61a-8dd9-40d2-bcb9-722b2bf524ae","rootTurnId":"2ca6d61a-8dd9-40d2-bcb9-722b2bf524ae"}
{"timestamp":"2026-07-03T14:04:42.048Z","level":"warn","message":"[ACPEventAdapter] Tool \"say\" missing rawInput, falling back to input.","conversationId":"sess_d14fddcc-6e67-44bf-9e29-c42e4bd22125","turnId":"2ca6d61a-8dd9-40d2-bcb9-722b2bf524ae","rootTurnId":"2ca6d61a-8dd9-40d2-bcb9-722b2bf524ae"}
{"timestamp":"2026-07-03T14:04:42.049Z","level":"info","message":"[SessionPersistence] Appended 1 message(s) to session sess_d14fddcc-6e67-44bf-9e29-c42e4bd22125","conversationId":"sess_d14fddcc-6e67-44bf-9e29-c42e4bd22125","turnId":"2ca6d61a-8dd9-40d2-bcb9-722b2bf524ae","rootTurnId":"2ca6d61a-8dd9-40d2-bcb9-722b2bf524ae"}
{"timestamp":"2026-07-03T14:04:45.006Z","level":"warn","message":"[ACPEventAdapter] Action type \"delete\" has no dedicated handler and is being routed as a tool call. If this is a new non-tool action, add it to DispatchedActionType.","conversationId":"sess_d14fddcc-6e67-44bf-9e29-c42e4bd22125","turnId":"2ca6d61a-8dd9-40d2-bcb9-722b2bf524ae","rootTurnId":"2ca6d61a-8dd9-40d2-bcb9-722b2bf524ae"}
{"timestamp":"2026-07-03T14:04:45.009Z","level":"info","message":"acp.policy-eval.complete {\"toolId\":\"delete_file\",\"effect\":\"allow\",\"capability\":\"fs_write\"}","conversationId":"sess_d14fddcc-6e67-44bf-9e29-c42e4bd22125","turnId":"2ca6d61a-8dd9-40d2-bcb9-722b2bf524ae","rootTurnId":"2ca6d61a-8dd9-40d2-bcb9-722b2bf524ae"}
{"timestamp":"2026-07-03T14:04:45.014Z","level":"info","message":"[SessionPersistence] Appended 1 message(s) to session sess_d14fddcc-6e67-44bf-9e29-c42e4bd22125","conversationId":"sess_d14fddcc-6e67-44bf-9e29-c42e4bd22125","turnId":"2ca6d61a-8dd9-40d2-bcb9-722b2bf524ae","rootTurnId":"2ca6d61a-8dd9-40d2-bcb9-722b2bf524ae"}
{"timestamp":"2026-07-03T14:04:45.022Z","level":"info","message":"[SessionPersistence] Snapshot deduplicated for test_api.py in session sess_d14fddcc-6e67-44bf-9e29-c42e4bd22125 (reused bde3cd93)","conversationId":"sess_d14fddcc-6e67-44bf-9e29-c42e4bd22125","turnId":"2ca6d61a-8dd9-40d2-bcb9-722b2bf524ae","rootTurnId":"2ca6d61a-8dd9-40d2-bcb9-722b2bf524ae"}
{"timestamp":"2026-07-03T14:04:45.161Z","level":"info","message":"[AgentIterator] Parallel invoking agent","conversationId":"sess_d14fddcc-6e67-44bf-9e29-c42e4bd22125","turnId":"2ca6d61a-8dd9-40d2-bcb9-722b2bf524ae","rootTurnId":"2ca6d61a-8dd9-40d2-bcb9-722b2bf524ae"}
{"timestamp":"2026-07-03T14:04:45.162Z","level":"info","message":"[Steering] Populating steering for execution 2ca6d61a-8dd9-40d2-bcb9-722b2bf524ae","conversationId":"sess_d14fddcc-6e67-44bf-9e29-c42e4bd22125","turnId":"2ca6d61a-8dd9-40d2-bcb9-722b2bf524ae","rootTurnId":"2ca6d61a-8dd9-40d2-bcb9-722b2bf524ae"}
{"timestamp":"2026-07-03T14:04:45.162Z","level":"info","message":"[Steering] ExistingFiles: /c:/Users/Admin/Downloads/Kiro_AWS_Nonsense/Kiro_AWS_Nonsense/app.py, /c:/Users/Admin/Downloads/Kiro_AWS_Nonsense/Kiro_AWS_Nonsense/templates/index.html, /c:/Users/Admin/Downloads/Kiro_AWS_Nonsense/Kiro_AWS_Nonsense/static/app.js, /c:/Users/Admin/Downloads/Kiro_AWS_Nonsense/Kiro_AWS_Nonsense/static/style.css, /c:/Users/Admin/Downloads/Kiro_AWS_Nonsense/Kiro_AWS_Nonsense/config.py, /c:/Users/Admin/Downloads/Kiro_AWS_Nonsense/Kiro_AWS_Nonsense/analysis.py in 2ca6d61a-8dd9-40d2-bcb9-722b2bf524ae","conversationId":"sess_d14fddcc-6e67-44bf-9e29-c42e4bd22125","turnId":"2ca6d61a-8dd9-40d2-bcb9-722b2bf524ae","rootTurnId":"2ca6d61a-8dd9-40d2-bcb9-722b2bf524ae"}
{"timestamp":"2026-07-03T14:04:45.165Z","level":"info","message":"[SessionPersistence] Appended 2 message(s) to session sess_d14fddcc-6e67-44bf-9e29-c42e4bd22125","conversationId":"sess_d14fddcc-6e67-44bf-9e29-c42e4bd22125","turnId":"2ca6d61a-8dd9-40d2-bcb9-722b2bf524ae","rootTurnId":"2ca6d61a-8dd9-40d2-bcb9-722b2bf524ae"}
{"timestamp":"2026-07-03T14:04:45.196Z","level":"info","message":"[q-developer-converse] Sending GenerateAssistantResponse modelId=auto agentMode=vibe origin=AI_EDITOR streaming=true conversationId=sess_d14fddcc-6e67-44bf-9e29-c42e4bd22125","conversationId":"sess_d14fddcc-6e67-44bf-9e29-c42e4bd22125","turnId":"2ca6d61a-8dd9-40d2-bcb9-722b2bf524ae","rootTurnId":"2ca6d61a-8dd9-40d2-bcb9-722b2bf524ae"}
{"timestamp":"2026-07-03T14:04:45.271Z","level":"info","message":"[q-developer-converse] Request payload: 10755699 chars, 90 history messages, conversationId=sess_d14fddcc-6e67-44bf-9e29-c42e4bd22125","conversationId":"sess_d14fddcc-6e67-44bf-9e29-c42e4bd22125","turnId":"2ca6d61a-8dd9-40d2-bcb9-722b2bf524ae","rootTurnId":"2ca6d61a-8dd9-40d2-bcb9-722b2bf524ae"}
{"timestamp":"2026-07-03T14:04:53.971Z","level":"info","message":"[AgentIterator] Synchronizing results","conversationId":"sess_d14fddcc-6e67-44bf-9e29-c42e4bd22125","turnId":"2ca6d61a-8dd9-40d2-bcb9-722b2bf524ae","rootTurnId":"2ca6d61a-8dd9-40d2-bcb9-722b2bf524ae"}
{"timestamp":"2026-07-03T14:04:53.971Z","level":"info","message":"[AgentIterator] Processing intent detection result","conversationId":"sess_d14fddcc-6e67-44bf-9e29-c42e4bd22125","turnId":"2ca6d61a-8dd9-40d2-bcb9-722b2bf524ae","rootTurnId":"2ca6d61a-8dd9-40d2-bcb9-722b2bf524ae"}
{"timestamp":"2026-07-03T14:04:53.972Z","level":"info","message":"[ChatAgent] Processing model response stream","conversationId":"sess_d14fddcc-6e67-44bf-9e29-c42e4bd22125","turnId":"2ca6d61a-8dd9-40d2-bcb9-722b2bf524ae","rootTurnId":"2ca6d61a-8dd9-40d2-bcb9-722b2bf524ae"}
{"timestamp":"2026-07-03T14:04:53.972Z","level":"info","message":"[Steering] Populating steering for execution 2ca6d61a-8dd9-40d2-bcb9-722b2bf524ae","conversationId":"sess_d14fddcc-6e67-44bf-9e29-c42e4bd22125","turnId":"2ca6d61a-8dd9-40d2-bcb9-722b2bf524ae","rootTurnId":"2ca6d61a-8dd9-40d2-bcb9-722b2bf524ae"}
{"timestamp":"2026-07-03T14:04:53.972Z","level":"info","message":"[Steering] ExistingFiles: /c:/Users/Admin/Downloads/Kiro_AWS_Nonsense/Kiro_AWS_Nonsense/app.py, /c:/Users/Admin/Downloads/Kiro_AWS_Nonsense/Kiro_AWS_Nonsense/templates/index.html, /c:/Users/Admin/Downloads/Kiro_AWS_Nonsense/Kiro_AWS_Nonsense/static/app.js, /c:/Users/Admin/Downloads/Kiro_AWS_Nonsense/Kiro_AWS_Nonsense/static/style.css, /c:/Users/Admin/Downloads/Kiro_AWS_Nonsense/Kiro_AWS_Nonsense/config.py, /c:/Users/Admin/Downloads/Kiro_AWS_Nonsense/Kiro_AWS_Nonsense/analysis.py in 2ca6d61a-8dd9-40d2-bcb9-722b2bf524ae","conversationId":"sess_d14fddcc-6e67-44bf-9e29-c42e4bd22125","turnId":"2ca6d61a-8dd9-40d2-bcb9-722b2bf524ae","rootTurnId":"2ca6d61a-8dd9-40d2-bcb9-722b2bf524ae"}
{"timestamp":"2026-07-03T14:04:56.873Z","level":"info","message":"[AgentIterator] Parallel invoking agent","conversationId":"sess_d14fddcc-6e67-44bf-9e29-c42e4bd22125","turnId":"2ca6d61a-8dd9-40d2-bcb9-722b2bf524ae","rootTurnId":"2ca6d61a-8dd9-40d2-bcb9-722b2bf524ae"}
{"timestamp":"2026-07-03T14:04:56.873Z","level":"info","message":"[Steering] Populating steering for execution 2ca6d61a-8dd9-40d2-bcb9-722b2bf524ae","conversationId":"sess_d14fddcc-6e67-44bf-9e29-c42e4bd22125","turnId":"2ca6d61a-8dd9-40d2-bcb9-722b2bf524ae","rootTurnId":"2ca6d61a-8dd9-40d2-bcb9-722b2bf524ae"}
{"timestamp":"2026-07-03T14:04:56.873Z","level":"info","message":"[Steering] ExistingFiles: /c:/Users/Admin/Downloads/Kiro_AWS_Nonsense/Kiro_AWS_Nonsense/app.py, /c:/Users/Admin/Downloads/Kiro_AWS_Nonsense/Kiro_AWS_Nonsense/templates/index.html, /c:/Users/Admin/Downloads/Kiro_AWS_Nonsense/Kiro_AWS_Nonsense/static/app.js, /c:/Users/Admin/Downloads/Kiro_AWS_Nonsense/Kiro_AWS_Nonsense/static/style.css, /c:/Users/Admin/Downloads/Kiro_AWS_Nonsense/Kiro_AWS_Nonsense/config.py, /c:/Users/Admin/Downloads/Kiro_AWS_Nonsense/Kiro_AWS_Nonsense/analysis.py in 2ca6d61a-8dd9-40d2-bcb9-722b2bf524ae","conversationId":"sess_d14fddcc-6e67-44bf-9e29-c42e4bd22125","turnId":"2ca6d61a-8dd9-40d2-bcb9-722b2bf524ae","rootTurnId":"2ca6d61a-8dd9-40d2-bcb9-722b2bf524ae"}
{"timestamp":"2026-07-03T14:04:56.878Z","level":"info","message":"[SessionPersistence] Appended 2 message(s) to session sess_d14fddcc-6e67-44bf-9e29-c42e4bd22125","conversationId":"sess_d14fddcc-6e67-44bf-9e29-c42e4bd22125","turnId":"2ca6d61a-8dd9-40d2-bcb9-722b2bf524ae","rootTurnId":"2ca6d61a-8dd9-40d2-bcb9-722b2bf524ae"}
{"timestamp":"2026-07-03T14:04:56.905Z","level":"info","message":"[q-developer-converse] Sending GenerateAssistantResponse modelId=auto agentMode=vibe origin=AI_EDITOR streaming=true conversationId=sess_d14fddcc-6e67-44bf-9e29-c42e4bd22125","conversationId":"sess_d14fddcc-6e67-44bf-9e29-c42e4bd22125","turnId":"2ca6d61a-8dd9-40d2-bcb9-722b2bf524ae","rootTurnId":"2ca6d61a-8dd9-40d2-bcb9-722b2bf524ae"}
{"timestamp":"2026-07-03T14:04:56.991Z","level":"info","message":"[q-developer-converse] Request payload: 10756517 chars, 92 history messages, conversationId=sess_d14fddcc-6e67-44bf-9e29-c42e4bd22125","conversationId":"sess_d14fddcc-6e67-44bf-9e29-c42e4bd22125","turnId":"2ca6d61a-8dd9-40d2-bcb9-722b2bf524ae","rootTurnId":"2ca6d61a-8dd9-40d2-bcb9-722b2bf524ae"}
{"timestamp":"2026-07-03T14:04:57.019Z","level":"info","message":"[SessionPersistence] Appended 1 message(s) to session sess_d14fddcc-6e67-44bf-9e29-c42e4bd22125","conversationId":"sess_d14fddcc-6e67-44bf-9e29-c42e4bd22125","turnId":"2ca6d61a-8dd9-40d2-bcb9-722b2bf524ae","rootTurnId":"2ca6d61a-8dd9-40d2-bcb9-722b2bf524ae"}
{"timestamp":"2026-07-03T14:05:26.170Z","level":"info","message":"[AgentIterator] Synchronizing results","conversationId":"sess_d14fddcc-6e67-44bf-9e29-c42e4bd22125","turnId":"2ca6d61a-8dd9-40d2-bcb9-722b2bf524ae","rootTurnId":"2ca6d61a-8dd9-40d2-bcb9-722b2bf524ae"}
{"timestamp":"2026-07-03T14:05:26.170Z","level":"info","message":"[AgentIterator] Processing intent detection result","conversationId":"sess_d14fddcc-6e67-44bf-9e29-c42e4bd22125","turnId":"2ca6d61a-8dd9-40d2-bcb9-722b2bf524ae","rootTurnId":"2ca6d61a-8dd9-40d2-bcb9-722b2bf524ae"}
{"timestamp":"2026-07-03T14:05:26.172Z","level":"info","message":"[ChatAgent] Processing model response stream","conversationId":"sess_d14fddcc-6e67-44bf-9e29-c42e4bd22125","turnId":"2ca6d61a-8dd9-40d2-bcb9-722b2bf524ae","rootTurnId":"2ca6d61a-8dd9-40d2-bcb9-722b2bf524ae"}
{"timestamp":"2026-07-03T14:05:26.172Z","level":"info","message":"[Steering] Populating steering for execution 2ca6d61a-8dd9-40d2-bcb9-722b2bf524ae","conversationId":"sess_d14fddcc-6e67-44bf-9e29-c42e4bd22125","turnId":"2ca6d61a-8dd9-40d2-bcb9-722b2bf524ae","rootTurnId":"2ca6d61a-8dd9-40d2-bcb9-722b2bf524ae"}
{"timestamp":"2026-07-03T14:05:26.172Z","level":"info","message":"[Steering] ExistingFiles: /c:/Users/Admin/Downloads/Kiro_AWS_Nonsense/Kiro_AWS_Nonsense/app.py, /c:/Users/Admin/Downloads/Kiro_AWS_Nonsense/Kiro_AWS_Nonsense/templates/index.html, /c:/Users/Admin/Downloads/Kiro_AWS_Nonsense/Kiro_AWS_Nonsense/static/app.js, /c:/Users/Admin/Downloads/Kiro_AWS_Nonsense/Kiro_AWS_Nonsense/static/style.css, /c:/Users/Admin/Downloads/Kiro_AWS_Nonsense/Kiro_AWS_Nonsense/config.py, /c:/Users/Admin/Downloads/Kiro_AWS_Nonsense/Kiro_AWS_Nonsense/analysis.py in 2ca6d61a-8dd9-40d2-bcb9-722b2bf524ae","conversationId":"sess_d14fddcc-6e67-44bf-9e29-c42e4bd22125","turnId":"2ca6d61a-8dd9-40d2-bcb9-722b2bf524ae","rootTurnId":"2ca6d61a-8dd9-40d2-bcb9-722b2bf524ae"}
{"timestamp":"2026-07-03T14:05:27.868Z","level":"info","message":"[AgentIterator] Parallel invoking agent","conversationId":"sess_d14fddcc-6e67-44bf-9e29-c42e4bd22125","turnId":"2ca6d61a-8dd9-40d2-bcb9-722b2bf524ae","rootTurnId":"2ca6d61a-8dd9-40d2-bcb9-722b2bf524ae"}
{"timestamp":"2026-07-03T14:05:27.868Z","level":"info","message":"[Steering] Populating steering for execution 2ca6d61a-8dd9-40d2-bcb9-722b2bf524ae","conversationId":"sess_d14fddcc-6e67-44bf-9e29-c42e4bd22125","turnId":"2ca6d61a-8dd9-40d2-bcb9-722b2bf524ae","rootTurnId":"2ca6d61a-8dd9-40d2-bcb9-722b2bf524ae"}
{"timestamp":"2026-07-03T14:05:27.868Z","level":"info","message":"[Steering] ExistingFiles: /c:/Users/Admin/Downloads/Kiro_AWS_Nonsense/Kiro_AWS_Nonsense/app.py, /c:/Users/Admin/Downloads/Kiro_AWS_Nonsense/Kiro_AWS_Nonsense/templates/index.html, /c:/Users/Admin/Downloads/Kiro_AWS_Nonsense/Kiro_AWS_Nonsense/static/app.js, /c:/Users/Admin/Downloads/Kiro_AWS_Nonsense/Kiro_AWS_Nonsense/static/style.css, /c:/Users/Admin/Downloads/Kiro_AWS_Nonsense/Kiro_AWS_Nonsense/config.py, /c:/Users/Admin/Downloads/Kiro_AWS_Nonsense/Kiro_AWS_Nonsense/analysis.py in 2ca6d61a-8dd9-40d2-bcb9-722b2bf524ae","conversationId":"sess_d14fddcc-6e67-44bf-9e29-c42e4bd22125","turnId":"2ca6d61a-8dd9-40d2-bcb9-722b2bf524ae","rootTurnId":"2ca6d61a-8dd9-40d2-bcb9-722b2bf524ae"}
{"timestamp":"2026-07-03T14:05:27.872Z","level":"info","message":"[SessionPersistence] Appended 2 message(s) to session sess_d14fddcc-6e67-44bf-9e29-c42e4bd22125","conversationId":"sess_d14fddcc-6e67-44bf-9e29-c42e4bd22125","turnId":"2ca6d61a-8dd9-40d2-bcb9-722b2bf524ae","rootTurnId":"2ca6d61a-8dd9-40d2-bcb9-722b2bf524ae"}
{"timestamp":"2026-07-03T14:05:27.900Z","level":"info","message":"[q-developer-converse] Sending GenerateAssistantResponse modelId=auto agentMode=vibe origin=AI_EDITOR streaming=true conversationId=sess_d14fddcc-6e67-44bf-9e29-c42e4bd22125","conversationId":"sess_d14fddcc-6e67-44bf-9e29-c42e4bd22125","turnId":"2ca6d61a-8dd9-40d2-bcb9-722b2bf524ae","rootTurnId":"2ca6d61a-8dd9-40d2-bcb9-722b2bf524ae"}
{"timestamp":"2026-07-03T14:05:27.968Z","level":"info","message":"[q-developer-converse] Request payload: 10757077 chars, 94 history messages, conversationId=sess_d14fddcc-6e67-44bf-9e29-c42e4bd22125","conversationId":"sess_d14fddcc-6e67-44bf-9e29-c42e4bd22125","turnId":"2ca6d61a-8dd9-40d2-bcb9-722b2bf524ae","rootTurnId":"2ca6d61a-8dd9-40d2-bcb9-722b2bf524ae"}
{"timestamp":"2026-07-03T14:05:27.991Z","level":"info","message":"[SessionPersistence] Updated metadata for session sess_d14fddcc-6e67-44bf-9e29-c42e4bd22125","conversationId":"sess_d14fddcc-6e67-44bf-9e29-c42e4bd22125","turnId":"2ca6d61a-8dd9-40d2-bcb9-722b2bf524ae","rootTurnId":"2ca6d61a-8dd9-40d2-bcb9-722b2bf524ae"}
{"timestamp":"2026-07-03T14:05:28.004Z","level":"info","message":"[SessionPersistence] Appended 1 message(s) to session sess_d14fddcc-6e67-44bf-9e29-c42e4bd22125","conversationId":"sess_d14fddcc-6e67-44bf-9e29-c42e4bd22125","turnId":"2ca6d61a-8dd9-40d2-bcb9-722b2bf524ae","rootTurnId":"2ca6d61a-8dd9-40d2-bcb9-722b2bf524ae"}
{"timestamp":"2026-07-03T14:05:35.693Z","level":"info","message":"[AgentIterator] Synchronizing results","conversationId":"sess_d14fddcc-6e67-44bf-9e29-c42e4bd22125","turnId":"2ca6d61a-8dd9-40d2-bcb9-722b2bf524ae","rootTurnId":"2ca6d61a-8dd9-40d2-bcb9-722b2bf524ae"}
{"timestamp":"2026-07-03T14:05:35.693Z","level":"info","message":"[AgentIterator] Processing intent detection result","conversationId":"sess_d14fddcc-6e67-44bf-9e29-c42e4bd22125","turnId":"2ca6d61a-8dd9-40d2-bcb9-722b2bf524ae","rootTurnId":"2ca6d61a-8dd9-40d2-bcb9-722b2bf524ae"}
{"timestamp":"2026-07-03T14:05:35.695Z","level":"info","message":"[ChatAgent] Processing model response stream","conversationId":"sess_d14fddcc-6e67-44bf-9e29-c42e4bd22125","turnId":"2ca6d61a-8dd9-40d2-bcb9-722b2bf524ae","rootTurnId":"2ca6d61a-8dd9-40d2-bcb9-722b2bf524ae"}
{"timestamp":"2026-07-03T14:05:35.695Z","level":"info","message":"[Steering] Populating steering for execution 2ca6d61a-8dd9-40d2-bcb9-722b2bf524ae","conversationId":"sess_d14fddcc-6e67-44bf-9e29-c42e4bd22125","turnId":"2ca6d61a-8dd9-40d2-bcb9-722b2bf524ae","rootTurnId":"2ca6d61a-8dd9-40d2-bcb9-722b2bf524ae"}
{"timestamp":"2026-07-03T14:05:35.695Z","level":"info","message":"[Steering] ExistingFiles: /c:/Users/Admin/Downloads/Kiro_AWS_Nonsense/Kiro_AWS_Nonsense/app.py, /c:/Users/Admin/Downloads/Kiro_AWS_Nonsense/Kiro_AWS_Nonsense/templates/index.html, /c:/Users/Admin/Downloads/Kiro_AWS_Nonsense/Kiro_AWS_Nonsense/static/app.js, /c:/Users/Admin/Downloads/Kiro_AWS_Nonsense/Kiro_AWS_Nonsense/static/style.css, /c:/Users/Admin/Downloads/Kiro_AWS_Nonsense/Kiro_AWS_Nonsense/config.py, /c:/Users/Admin/Downloads/Kiro_AWS_Nonsense/Kiro_AWS_Nonsense/analysis.py in 2ca6d61a-8dd9-40d2-bcb9-722b2bf524ae","conversationId":"sess_d14fddcc-6e67-44bf-9e29-c42e4bd22125","turnId":"2ca6d61a-8dd9-40d2-bcb9-722b2bf524ae","rootTurnId":"2ca6d61a-8dd9-40d2-bcb9-722b2bf524ae"}
{"timestamp":"2026-07-03T14:05:35.698Z","level":"warn","message":"[ACPEventAdapter] Tool \"say\" missing rawInput, falling back to input.","conversationId":"sess_d14fddcc-6e67-44bf-9e29-c42e4bd22125","turnId":"2ca6d61a-8dd9-40d2-bcb9-722b2bf524ae","rootTurnId":"2ca6d61a-8dd9-40d2-bcb9-722b2bf524ae"}
{"timestamp":"2026-07-03T14:05:35.713Z","level":"warn","message":"[ACPEventAdapter] Tool \"say\" missing rawInput, falling back to input.","conversationId":"sess_d14fddcc-6e67-44bf-9e29-c42e4bd22125","turnId":"2ca6d61a-8dd9-40d2-bcb9-722b2bf524ae","rootTurnId":"2ca6d61a-8dd9-40d2-bcb9-722b2bf524ae"}
{"timestamp":"2026-07-03T14:05:35.768Z","level":"warn","message":"[ACPEventAdapter] Tool \"say\" missing rawInput, falling back to input.","conversationId":"sess_d14fddcc-6e67-44bf-9e29-c42e4bd22125","turnId":"2ca6d61a-8dd9-40d2-bcb9-722b2bf524ae","rootTurnId":"2ca6d61a-8dd9-40d2-bcb9-722b2bf524ae"}
{"timestamp":"2026-07-03T14:05:35.834Z","level":"warn","message":"[ACPEventAdapter] Tool \"say\" missing rawInput, falling back to input.","conversationId":"sess_d14fddcc-6e67-44bf-9e29-c42e4bd22125","turnId":"2ca6d61a-8dd9-40d2-bcb9-722b2bf524ae","rootTurnId":"2ca6d61a-8dd9-40d2-bcb9-722b2bf524ae"}
{"timestamp":"2026-07-03T14:05:35.869Z","level":"warn","message":"[ACPEventAdapter] Tool \"say\" missing rawInput, falling back to input.","conversationId":"sess_d14fddcc-6e67-44bf-9e29-c42e4bd22125","turnId":"2ca6d61a-8dd9-40d2-bcb9-722b2bf524ae","rootTurnId":"2ca6d61a-8dd9-40d2-bcb9-722b2bf524ae"}
{"timestamp":"2026-07-03T14:05:35.921Z","level":"warn","message":"[ACPEventAdapter] Tool \"say\" missing rawInput, falling back to input.","conversationId":"sess_d14fddcc-6e67-44bf-9e29-c42e4bd22125","turnId":"2ca6d61a-8dd9-40d2-bcb9-722b2bf524ae","rootTurnId":"2ca6d61a-8dd9-40d2-bcb9-722b2bf524ae"}
{"timestamp":"2026-07-03T14:05:35.984Z","level":"warn","message":"[ACPEventAdapter] Tool \"say\" missing rawInput, falling back to input.","conversationId":"sess_d14fddcc-6e67-44bf-9e29-c42e4bd22125","turnId":"2ca6d61a-8dd9-40d2-bcb9-722b2bf524ae","rootTurnId":"2ca6d61a-8dd9-40d2-bcb9-722b2bf524ae"}
{"timestamp":"2026-07-03T14:05:36.027Z","level":"warn","message":"[ACPEventAdapter] Tool \"say\" missing rawInput, falling back to input.","conversationId":"sess_d14fddcc-6e67-44bf-9e29-c42e4bd22125","turnId":"2ca6d61a-8dd9-40d2-bcb9-722b2bf524ae","rootTurnId":"2ca6d61a-8dd9-40d2-bcb9-722b2bf524ae"}
{"timestamp":"2026-07-03T14:05:36.089Z","level":"warn","message":"[ACPEventAdapter] Tool \"say\" missing rawInput, falling back to input.","conversationId":"sess_d14fddcc-6e67-44bf-9e29-c42e4bd22125","turnId":"2ca6d61a-8dd9-40d2-bcb9-722b2bf524ae","rootTurnId":"2ca6d61a-8dd9-40d2-bcb9-722b2bf524ae"}
{"timestamp":"2026-07-03T14:05:36.128Z","level":"warn","message":"[ACPEventAdapter] Tool \"say\" missing rawInput, falling back to input.","conversationId":"sess_d14fddcc-6e67-44bf-9e29-c42e4bd22125","turnId":"2ca6d61a-8dd9-40d2-bcb9-722b2bf524ae","rootTurnId":"2ca6d61a-8dd9-40d2-bcb9-722b2bf524ae"}
{"timestamp":"2026-07-03T14:05:36.190Z","level":"warn","message":"[ACPEventAdapter] Tool \"say\" missing rawInput, falling back to input.","conversationId":"sess_d14fddcc-6e67-44bf-9e29-c42e4bd22125","turnId":"2ca6d61a-8dd9-40d2-bcb9-722b2bf524ae","rootTurnId":"2ca6d61a-8dd9-40d2-bcb9-722b2bf524ae"}
{"timestamp":"2026-07-03T14:05:36.229Z","level":"warn","message":"[ACPEventAdapter] Tool \"say\" missing rawInput, falling back to input.","conversationId":"sess_d14fddcc-6e67-44bf-9e29-c42e4bd22125","turnId":"2ca6d61a-8dd9-40d2-bcb9-722b2bf524ae","rootTurnId":"2ca6d61a-8dd9-40d2-bcb9-722b2bf524ae"}
{"timestamp":"2026-07-03T14:05:36.280Z","level":"warn","message":"[ACPEventAdapter] Tool \"say\" missing rawInput, falling back to input.","conversationId":"sess_d14fddcc-6e67-44bf-9e29-c42e4bd22125","turnId":"2ca6d61a-8dd9-40d2-bcb9-722b2bf524ae","rootTurnId":"2ca6d61a-8dd9-40d2-bcb9-722b2bf524ae"}
{"timestamp":"2026-07-03T14:05:36.384Z","level":"warn","message":"[ACPEventAdapter] Tool \"say\" missing rawInput, falling back to input.","conversationId":"sess_d14fddcc-6e67-44bf-9e29-c42e4bd22125","turnId":"2ca6d61a-8dd9-40d2-bcb9-722b2bf524ae","rootTurnId":"2ca6d61a-8dd9-40d2-bcb9-722b2bf524ae"}
{"timestamp":"2026-07-03T14:05:36.443Z","level":"warn","message":"[ACPEventAdapter] Tool \"say\" missing rawInput, falling back to input.","conversationId":"sess_d14fddcc-6e67-44bf-9e29-c42e4bd22125","turnId":"2ca6d61a-8dd9-40d2-bcb9-722b2bf524ae","rootTurnId":"2ca6d61a-8dd9-40d2-bcb9-722b2bf524ae"}
{"timestamp":"2026-07-03T14:05:36.492Z","level":"warn","message":"[ACPEventAdapter] Tool \"say\" missing rawInput, falling back to input.","conversationId":"sess_d14fddcc-6e67-44bf-9e29-c42e4bd22125","turnId":"2ca6d61a-8dd9-40d2-bcb9-722b2bf524ae","rootTurnId":"2ca6d61a-8dd9-40d2-bcb9-722b2bf524ae"}
{"timestamp":"2026-07-03T14:05:36.537Z","level":"warn","message":"[ACPEventAdapter] Tool \"say\" missing rawInput, falling back to input.","conversationId":"sess_d14fddcc-6e67-44bf-9e29-c42e4bd22125","turnId":"2ca6d61a-8dd9-40d2-bcb9-722b2bf524ae","rootTurnId":"2ca6d61a-8dd9-40d2-bcb9-722b2bf524ae"}
{"timestamp":"2026-07-03T14:05:36.624Z","level":"warn","message":"[ACPEventAdapter] Tool \"say\" missing rawInput, falling back to input.","conversationId":"sess_d14fddcc-6e67-44bf-9e29-c42e4bd22125","turnId":"2ca6d61a-8dd9-40d2-bcb9-722b2bf524ae","rootTurnId":"2ca6d61a-8dd9-40d2-bcb9-722b2bf524ae"}
{"timestamp":"2026-07-03T14:05:36.643Z","level":"warn","message":"[ACPEventAdapter] Tool \"say\" missing rawInput, falling back to input.","conversationId":"sess_d14fddcc-6e67-44bf-9e29-c42e4bd22125","turnId":"2ca6d61a-8dd9-40d2-bcb9-722b2bf524ae","rootTurnId":"2ca6d61a-8dd9-40d2-bcb9-722b2bf524ae"}
{"timestamp":"2026-07-03T14:05:36.690Z","level":"warn","message":"[ACPEventAdapter] Tool \"say\" missing rawInput, falling back to input.","conversationId":"sess_d14fddcc-6e67-44bf-9e29-c42e4bd22125","turnId":"2ca6d61a-8dd9-40d2-bcb9-722b2bf524ae","rootTurnId":"2ca6d61a-8dd9-40d2-bcb9-722b2bf524ae"}
{"timestamp":"2026-07-03T14:05:36.745Z","level":"warn","message":"[ACPEventAdapter] Tool \"say\" missing rawInput, falling back to input.","conversationId":"sess_d14fddcc-6e67-44bf-9e29-c42e4bd22125","turnId":"2ca6d61a-8dd9-40d2-bcb9-722b2bf524ae","rootTurnId":"2ca6d61a-8dd9-40d2-bcb9-722b2bf524ae"}
{"timestamp":"2026-07-03T14:05:36.798Z","level":"warn","message":"[ACPEventAdapter] Tool \"say\" missing rawInput, falling back to input.","conversationId":"sess_d14fddcc-6e67-44bf-9e29-c42e4bd22125","turnId":"2ca6d61a-8dd9-40d2-bcb9-722b2bf524ae","rootTurnId":"2ca6d61a-8dd9-40d2-bcb9-722b2bf524ae"}
{"timestamp":"2026-07-03T14:05:36.868Z","level":"warn","message":"[ACPEventAdapter] Tool \"say\" missing rawInput, falling back to input.","conversationId":"sess_d14fddcc-6e67-44bf-9e29-c42e4bd22125","turnId":"2ca6d61a-8dd9-40d2-bcb9-722b2bf524ae","rootTurnId":"2ca6d61a-8dd9-40d2-bcb9-722b2bf524ae"}
{"timestamp":"2026-07-03T14:05:36.905Z","level":"warn","message":"[ACPEventAdapter] Tool \"say\" missing rawInput, falling back to input.","conversationId":"sess_d14fddcc-6e67-44bf-9e29-c42e4bd22125","turnId":"2ca6d61a-8dd9-40d2-bcb9-722b2bf524ae","rootTurnId":"2ca6d61a-8dd9-40d2-bcb9-722b2bf524ae"}
{"timestamp":"2026-07-03T14:05:36.969Z","level":"warn","message":"[ACPEventAdapter] Tool \"say\" missing rawInput, falling back to input.","conversationId":"sess_d14fddcc-6e67-44bf-9e29-c42e4bd22125","turnId":"2ca6d61a-8dd9-40d2-bcb9-722b2bf524ae","rootTurnId":"2ca6d61a-8dd9-40d2-bcb9-722b2bf524ae"}
{"timestamp":"2026-07-03T14:05:37.016Z","level":"warn","message":"[ACPEventAdapter] Tool \"say\" missing rawInput, falling back to input.","conversationId":"sess_d14fddcc-6e67-44bf-9e29-c42e4bd22125","turnId":"2ca6d61a-8dd9-40d2-bcb9-722b2bf524ae","rootTurnId":"2ca6d61a-8dd9-40d2-bcb9-722b2bf524ae"}
{"timestamp":"2026-07-03T14:05:37.069Z","level":"warn","message":"[ACPEventAdapter] Tool \"say\" missing rawInput, falling back to input.","conversationId":"sess_d14fddcc-6e67-44bf-9e29-c42e4bd22125","turnId":"2ca6d61a-8dd9-40d2-bcb9-722b2bf524ae","rootTurnId":"2ca6d61a-8dd9-40d2-bcb9-722b2bf524ae"}
{"timestamp":"2026-07-03T14:05:37.103Z","level":"warn","message":"[ACPEventAdapter] Tool \"say\" missing rawInput, falling back to input.","conversationId":"sess_d14fddcc-6e67-44bf-9e29-c42e4bd22125","turnId":"2ca6d61a-8dd9-40d2-bcb9-722b2bf524ae","rootTurnId":"2ca6d61a-8dd9-40d2-bcb9-722b2bf524ae"}
{"timestamp":"2026-07-03T14:05:37.167Z","level":"warn","message":"[ACPEventAdapter] Tool \"say\" missing rawInput, falling back to input.","conversationId":"sess_d14fddcc-6e67-44bf-9e29-c42e4bd22125","turnId":"2ca6d61a-8dd9-40d2-bcb9-722b2bf524ae","rootTurnId":"2ca6d61a-8dd9-40d2-bcb9-722b2bf524ae"}
{"timestamp":"2026-07-03T14:05:37.232Z","level":"warn","message":"[ACPEventAdapter] Tool \"say\" missing rawInput, falling back to input.","conversationId":"sess_d14fddcc-6e67-44bf-9e29-c42e4bd22125","turnId":"2ca6d61a-8dd9-40d2-bcb9-722b2bf524ae","rootTurnId":"2ca6d61a-8dd9-40d2-bcb9-722b2bf524ae"}
{"timestamp":"2026-07-03T14:05:37.262Z","level":"warn","message":"[ACPEventAdapter] Tool \"say\" missing rawInput, falling back to input.","conversationId":"sess_d14fddcc-6e67-44bf-9e29-c42e4bd22125","turnId":"2ca6d61a-8dd9-40d2-bcb9-722b2bf524ae","rootTurnId":"2ca6d61a-8dd9-40d2-bcb9-722b2bf524ae"}
{"timestamp":"2026-07-03T14:05:37.738Z","level":"warn","message":"[ACPEventAdapter] Tool \"say\" missing rawInput, falling back to input.","conversationId":"sess_d14fddcc-6e67-44bf-9e29-c42e4bd22125","turnId":"2ca6d61a-8dd9-40d2-bcb9-722b2bf524ae","rootTurnId":"2ca6d61a-8dd9-40d2-bcb9-722b2bf524ae"}
{"timestamp":"2026-07-03T14:05:37.738Z","level":"warn","message":"[ACPEventAdapter] Tool \"say\" missing rawInput, falling back to input.","conversationId":"sess_d14fddcc-6e67-44bf-9e29-c42e4bd22125","turnId":"2ca6d61a-8dd9-40d2-bcb9-722b2bf524ae","rootTurnId":"2ca6d61a-8dd9-40d2-bcb9-722b2bf524ae"}
{"timestamp":"2026-07-03T14:05:37.738Z","level":"warn","message":"[ACPEventAdapter] Tool \"say\" missing rawInput, falling back to input.","conversationId":"sess_d14fddcc-6e67-44bf-9e29-c42e4bd22125","turnId":"2ca6d61a-8dd9-40d2-bcb9-722b2bf524ae","rootTurnId":"2ca6d61a-8dd9-40d2-bcb9-722b2bf524ae"}
{"timestamp":"2026-07-03T14:05:37.739Z","level":"warn","message":"[ACPEventAdapter] Tool \"say\" missing rawInput, falling back to input.","conversationId":"sess_d14fddcc-6e67-44bf-9e29-c42e4bd22125","turnId":"2ca6d61a-8dd9-40d2-bcb9-722b2bf524ae","rootTurnId":"2ca6d61a-8dd9-40d2-bcb9-722b2bf524ae"}
{"timestamp":"2026-07-03T14:05:37.739Z","level":"warn","message":"[ACPEventAdapter] Tool \"say\" missing rawInput, falling back to input.","conversationId":"sess_d14fddcc-6e67-44bf-9e29-c42e4bd22125","turnId":"2ca6d61a-8dd9-40d2-bcb9-722b2bf524ae","rootTurnId":"2ca6d61a-8dd9-40d2-bcb9-722b2bf524ae"}
{"timestamp":"2026-07-03T14:05:37.739Z","level":"warn","message":"[ACPEventAdapter] Tool \"say\" missing rawInput, falling back to input.","conversationId":"sess_d14fddcc-6e67-44bf-9e29-c42e4bd22125","turnId":"2ca6d61a-8dd9-40d2-bcb9-722b2bf524ae","rootTurnId":"2ca6d61a-8dd9-40d2-bcb9-722b2bf524ae"}
{"timestamp":"2026-07-03T14:05:37.739Z","level":"warn","message":"[ACPEventAdapter] Tool \"say\" missing rawInput, falling back to input.","conversationId":"sess_d14fddcc-6e67-44bf-9e29-c42e4bd22125","turnId":"2ca6d61a-8dd9-40d2-bcb9-722b2bf524ae","rootTurnId":"2ca6d61a-8dd9-40d2-bcb9-722b2bf524ae"}
{"timestamp":"2026-07-03T14:05:37.740Z","level":"warn","message":"[ACPEventAdapter] Tool \"say\" missing rawInput, falling back to input.","conversationId":"sess_d14fddcc-6e67-44bf-9e29-c42e4bd22125","turnId":"2ca6d61a-8dd9-40d2-bcb9-722b2bf524ae","rootTurnId":"2ca6d61a-8dd9-40d2-bcb9-722b2bf524ae"}
{"timestamp":"2026-07-03T14:05:37.740Z","level":"warn","message":"[ACPEventAdapter] Tool \"say\" missing rawInput, falling back to input.","conversationId":"sess_d14fddcc-6e67-44bf-9e29-c42e4bd22125","turnId":"2ca6d61a-8dd9-40d2-bcb9-722b2bf524ae","rootTurnId":"2ca6d61a-8dd9-40d2-bcb9-722b2bf524ae"}
{"timestamp":"2026-07-03T14:05:37.782Z","level":"warn","message":"[ACPEventAdapter] Tool \"say\" missing rawInput, falling back to input.","conversationId":"sess_d14fddcc-6e67-44bf-9e29-c42e4bd22125","turnId":"2ca6d61a-8dd9-40d2-bcb9-722b2bf524ae","rootTurnId":"2ca6d61a-8dd9-40d2-bcb9-722b2bf524ae"}
{"timestamp":"2026-07-03T14:05:37.861Z","level":"warn","message":"[ACPEventAdapter] Tool \"say\" missing rawInput, falling back to input.","conversationId":"sess_d14fddcc-6e67-44bf-9e29-c42e4bd22125","turnId":"2ca6d61a-8dd9-40d2-bcb9-722b2bf524ae","rootTurnId":"2ca6d61a-8dd9-40d2-bcb9-722b2bf524ae"}
{"timestamp":"2026-07-03T14:05:37.908Z","level":"warn","message":"[ACPEventAdapter] Tool \"say\" missing rawInput, falling back to input.","conversationId":"sess_d14fddcc-6e67-44bf-9e29-c42e4bd22125","turnId":"2ca6d61a-8dd9-40d2-bcb9-722b2bf524ae","rootTurnId":"2ca6d61a-8dd9-40d2-bcb9-722b2bf524ae"}
{"timestamp":"2026-07-03T14:05:37.949Z","level":"warn","message":"[ACPEventAdapter] Tool \"say\" missing rawInput, falling back to input.","conversationId":"sess_d14fddcc-6e67-44bf-9e29-c42e4bd22125","turnId":"2ca6d61a-8dd9-40d2-bcb9-722b2bf524ae","rootTurnId":"2ca6d61a-8dd9-40d2-bcb9-722b2bf524ae"}
{"timestamp":"2026-07-03T14:05:37.993Z","level":"warn","message":"[ACPEventAdapter] Tool \"say\" missing rawInput, falling back to input.","conversationId":"sess_d14fddcc-6e67-44bf-9e29-c42e4bd22125","turnId":"2ca6d61a-8dd9-40d2-bcb9-722b2bf524ae","rootTurnId":"2ca6d61a-8dd9-40d2-bcb9-722b2bf524ae"}
{"timestamp":"2026-07-03T14:05:38.059Z","level":"warn","message":"[ACPEventAdapter] Tool \"say\" missing rawInput, falling back to input.","conversationId":"sess_d14fddcc-6e67-44bf-9e29-c42e4bd22125","turnId":"2ca6d61a-8dd9-40d2-bcb9-722b2bf524ae","rootTurnId":"2ca6d61a-8dd9-40d2-bcb9-722b2bf524ae"}
{"timestamp":"2026-07-03T14:05:38.102Z","level":"warn","message":"[ACPEventAdapter] Tool \"say\" missing rawInput, falling back to input.","conversationId":"sess_d14fddcc-6e67-44bf-9e29-c42e4bd22125","turnId":"2ca6d61a-8dd9-40d2-bcb9-722b2bf524ae","rootTurnId":"2ca6d61a-8dd9-40d2-bcb9-722b2bf524ae"}
{"timestamp":"2026-07-03T14:05:38.147Z","level":"warn","message":"[ACPEventAdapter] Tool \"say\" missing rawInput, falling back to input.","conversationId":"sess_d14fddcc-6e67-44bf-9e29-c42e4bd22125","turnId":"2ca6d61a-8dd9-40d2-bcb9-722b2bf524ae","rootTurnId":"2ca6d61a-8dd9-40d2-bcb9-722b2bf524ae"}
{"timestamp":"2026-07-03T14:05:38.199Z","level":"warn","message":"[ACPEventAdapter] Tool \"say\" missing rawInput, falling back to input.","conversationId":"sess_d14fddcc-6e67-44bf-9e29-c42e4bd22125","turnId":"2ca6d61a-8dd9-40d2-bcb9-722b2bf524ae","rootTurnId":"2ca6d61a-8dd9-40d2-bcb9-722b2bf524ae"}
{"timestamp":"2026-07-03T14:05:38.251Z","level":"warn","message":"[ACPEventAdapter] Tool \"say\" missing rawInput, falling back to input.","conversationId":"sess_d14fddcc-6e67-44bf-9e29-c42e4bd22125","turnId":"2ca6d61a-8dd9-40d2-bcb9-722b2bf524ae","rootTurnId":"2ca6d61a-8dd9-40d2-bcb9-722b2bf524ae"}
{"timestamp":"2026-07-03T14:05:38.328Z","level":"warn","message":"[ACPEventAdapter] Tool \"say\" missing rawInput, falling back to input.","conversationId":"sess_d14fddcc-6e67-44bf-9e29-c42e4bd22125","turnId":"2ca6d61a-8dd9-40d2-bcb9-722b2bf524ae","rootTurnId":"2ca6d61a-8dd9-40d2-bcb9-722b2bf524ae"}
{"timestamp":"2026-07-03T14:05:38.354Z","level":"warn","message":"[ACPEventAdapter] Tool \"say\" missing rawInput, falling back to input.","conversationId":"sess_d14fddcc-6e67-44bf-9e29-c42e4bd22125","turnId":"2ca6d61a-8dd9-40d2-bcb9-722b2bf524ae","rootTurnId":"2ca6d61a-8dd9-40d2-bcb9-722b2bf524ae"}
{"timestamp":"2026-07-03T14:05:38.407Z","level":"warn","message":"[ACPEventAdapter] Tool \"say\" missing rawInput, falling back to input.","conversationId":"sess_d14fddcc-6e67-44bf-9e29-c42e4bd22125","turnId":"2ca6d61a-8dd9-40d2-bcb9-722b2bf524ae","rootTurnId":"2ca6d61a-8dd9-40d2-bcb9-722b2bf524ae"}
{"timestamp":"2026-07-03T14:05:38.460Z","level":"warn","message":"[ACPEventAdapter] Tool \"say\" missing rawInput, falling back to input.","conversationId":"sess_d14fddcc-6e67-44bf-9e29-c42e4bd22125","turnId":"2ca6d61a-8dd9-40d2-bcb9-722b2bf524ae","rootTurnId":"2ca6d61a-8dd9-40d2-bcb9-722b2bf524ae"}
{"timestamp":"2026-07-03T14:05:38.515Z","level":"warn","message":"[ACPEventAdapter] Tool \"say\" missing rawInput, falling back to input.","conversationId":"sess_d14fddcc-6e67-44bf-9e29-c42e4bd22125","turnId":"2ca6d61a-8dd9-40d2-bcb9-722b2bf524ae","rootTurnId":"2ca6d61a-8dd9-40d2-bcb9-722b2bf524ae"}
{"timestamp":"2026-07-03T14:05:38.573Z","level":"warn","message":"[ACPEventAdapter] Tool \"say\" missing rawInput, falling back to input.","conversationId":"sess_d14fddcc-6e67-44bf-9e29-c42e4bd22125","turnId":"2ca6d61a-8dd9-40d2-bcb9-722b2bf524ae","rootTurnId":"2ca6d61a-8dd9-40d2-bcb9-722b2bf524ae"}
{"timestamp":"2026-07-03T14:05:38.627Z","level":"warn","message":"[ACPEventAdapter] Tool \"say\" missing rawInput, falling back to input.","conversationId":"sess_d14fddcc-6e67-44bf-9e29-c42e4bd22125","turnId":"2ca6d61a-8dd9-40d2-bcb9-722b2bf524ae","rootTurnId":"2ca6d61a-8dd9-40d2-bcb9-722b2bf524ae"}
{"timestamp":"2026-07-03T14:05:38.666Z","level":"warn","message":"[ACPEventAdapter] Tool \"say\" missing rawInput, falling back to input.","conversationId":"sess_d14fddcc-6e67-44bf-9e29-c42e4bd22125","turnId":"2ca6d61a-8dd9-40d2-bcb9-722b2bf524ae","rootTurnId":"2ca6d61a-8dd9-40d2-bcb9-722b2bf524ae"}
{"timestamp":"2026-07-03T14:05:38.736Z","level":"warn","message":"[ACPEventAdapter] Tool \"say\" missing rawInput, falling back to input.","conversationId":"sess_d14fddcc-6e67-44bf-9e29-c42e4bd22125","turnId":"2ca6d61a-8dd9-40d2-bcb9-722b2bf524ae","rootTurnId":"2ca6d61a-8dd9-40d2-bcb9-722b2bf524ae"}
{"timestamp":"2026-07-03T14:05:38.768Z","level":"warn","message":"[ACPEventAdapter] Tool \"say\" missing rawInput, falling back to input.","conversationId":"sess_d14fddcc-6e67-44bf-9e29-c42e4bd22125","turnId":"2ca6d61a-8dd9-40d2-bcb9-722b2bf524ae","rootTurnId":"2ca6d61a-8dd9-40d2-bcb9-722b2bf524ae"}
{"timestamp":"2026-07-03T14:05:38.855Z","level":"warn","message":"[ACPEventAdapter] Tool \"say\" missing rawInput, falling back to input.","conversationId":"sess_d14fddcc-6e67-44bf-9e29-c42e4bd22125","turnId":"2ca6d61a-8dd9-40d2-bcb9-722b2bf524ae","rootTurnId":"2ca6d61a-8dd9-40d2-bcb9-722b2bf524ae"}
{"timestamp":"2026-07-03T14:05:38.871Z","level":"warn","message":"[ACPEventAdapter] Tool \"say\" missing rawInput, falling back to input.","conversationId":"sess_d14fddcc-6e67-44bf-9e29-c42e4bd22125","turnId":"2ca6d61a-8dd9-40d2-bcb9-722b2bf524ae","rootTurnId":"2ca6d61a-8dd9-40d2-bcb9-722b2bf524ae"}
{"timestamp":"2026-07-03T14:05:39.526Z","level":"warn","message":"[ACPEventAdapter] Tool \"say\" missing rawInput, falling back to input.","conversationId":"sess_d14fddcc-6e67-44bf-9e29-c42e4bd22125","turnId":"2ca6d61a-8dd9-40d2-bcb9-722b2bf524ae","rootTurnId":"2ca6d61a-8dd9-40d2-bcb9-722b2bf524ae"}
{"timestamp":"2026-07-03T14:05:39.526Z","level":"warn","message":"[ACPEventAdapter] Tool \"say\" missing rawInput, falling back to input.","conversationId":"sess_d14fddcc-6e67-44bf-9e29-c42e4bd22125","turnId":"2ca6d61a-8dd9-40d2-bcb9-722b2bf524ae","rootTurnId":"2ca6d61a-8dd9-40d2-bcb9-722b2bf524ae"}
{"timestamp":"2026-07-03T14:05:39.527Z","level":"warn","message":"[ACPEventAdapter] Tool \"say\" missing rawInput, falling back to input.","conversationId":"sess_d14fddcc-6e67-44bf-9e29-c42e4bd22125","turnId":"2ca6d61a-8dd9-40d2-bcb9-722b2bf524ae","rootTurnId":"2ca6d61a-8dd9-40d2-bcb9-722b2bf524ae"}
{"timestamp":"2026-07-03T14:05:39.527Z","level":"warn","message":"[ACPEventAdapter] Tool \"say\" missing rawInput, falling back to input.","conversationId":"sess_d14fddcc-6e67-44bf-9e29-c42e4bd22125","turnId":"2ca6d61a-8dd9-40d2-bcb9-722b2bf524ae","rootTurnId":"2ca6d61a-8dd9-40d2-bcb9-722b2bf524ae"}
{"timestamp":"2026-07-03T14:05:39.527Z","level":"warn","message":"[ACPEventAdapter] Tool \"say\" missing rawInput, falling back to input.","conversationId":"sess_d14fddcc-6e67-44bf-9e29-c42e4bd22125","turnId":"2ca6d61a-8dd9-40d2-bcb9-722b2bf524ae","rootTurnId":"2ca6d61a-8dd9-40d2-bcb9-722b2bf524ae"}
{"timestamp":"2026-07-03T14:05:39.527Z","level":"warn","message":"[ACPEventAdapter] Tool \"say\" missing rawInput, falling back to input.","conversationId":"sess_d14fddcc-6e67-44bf-9e29-c42e4bd22125","turnId":"2ca6d61a-8dd9-40d2-bcb9-722b2bf524ae","rootTurnId":"2ca6d61a-8dd9-40d2-bcb9-722b2bf524ae"}
{"timestamp":"2026-07-03T14:05:39.528Z","level":"warn","message":"[ACPEventAdapter] Tool \"say\" missing rawInput, falling back to input.","conversationId":"sess_d14fddcc-6e67-44bf-9e29-c42e4bd22125","turnId":"2ca6d61a-8dd9-40d2-bcb9-722b2bf524ae","rootTurnId":"2ca6d61a-8dd9-40d2-bcb9-722b2bf524ae"}
{"timestamp":"2026-07-03T14:05:39.528Z","level":"warn","message":"[ACPEventAdapter] Tool \"say\" missing rawInput, falling back to input.","conversationId":"sess_d14fddcc-6e67-44bf-9e29-c42e4bd22125","turnId":"2ca6d61a-8dd9-40d2-bcb9-722b2bf524ae","rootTurnId":"2ca6d61a-8dd9-40d2-bcb9-722b2bf524ae"}
{"timestamp":"2026-07-03T14:05:39.528Z","level":"warn","message":"[ACPEventAdapter] Tool \"say\" missing rawInput, falling back to input.","conversationId":"sess_d14fddcc-6e67-44bf-9e29-c42e4bd22125","turnId":"2ca6d61a-8dd9-40d2-bcb9-722b2bf524ae","rootTurnId":"2ca6d61a-8dd9-40d2-bcb9-722b2bf524ae"}
{"timestamp":"2026-07-03T14:05:39.528Z","level":"warn","message":"[ACPEventAdapter] Tool \"say\" missing rawInput, falling back to input.","conversationId":"sess_d14fddcc-6e67-44bf-9e29-c42e4bd22125","turnId":"2ca6d61a-8dd9-40d2-bcb9-722b2bf524ae","rootTurnId":"2ca6d61a-8dd9-40d2-bcb9-722b2bf524ae"}
{"timestamp":"2026-07-03T14:05:39.529Z","level":"warn","message":"[ACPEventAdapter] Tool \"say\" missing rawInput, falling back to input.","conversationId":"sess_d14fddcc-6e67-44bf-9e29-c42e4bd22125","turnId":"2ca6d61a-8dd9-40d2-bcb9-722b2bf524ae","rootTurnId":"2ca6d61a-8dd9-40d2-bcb9-722b2bf524ae"}
{"timestamp":"2026-07-03T14:05:39.529Z","level":"warn","message":"[ACPEventAdapter] Tool \"say\" missing rawInput, falling back to input.","conversationId":"sess_d14fddcc-6e67-44bf-9e29-c42e4bd22125","turnId":"2ca6d61a-8dd9-40d2-bcb9-722b2bf524ae","rootTurnId":"2ca6d61a-8dd9-40d2-bcb9-722b2bf524ae"}
{"timestamp":"2026-07-03T14:05:39.609Z","level":"warn","message":"[ACPEventAdapter] Tool \"say\" missing rawInput, falling back to input.","conversationId":"sess_d14fddcc-6e67-44bf-9e29-c42e4bd22125","turnId":"2ca6d61a-8dd9-40d2-bcb9-722b2bf524ae","rootTurnId":"2ca6d61a-8dd9-40d2-bcb9-722b2bf524ae"}
{"timestamp":"2026-07-03T14:05:39.609Z","level":"warn","message":"[ACPEventAdapter] Tool \"say\" missing rawInput, falling back to input.","conversationId":"sess_d14fddcc-6e67-44bf-9e29-c42e4bd22125","turnId":"2ca6d61a-8dd9-40d2-bcb9-722b2bf524ae","rootTurnId":"2ca6d61a-8dd9-40d2-bcb9-722b2bf524ae"}
{"timestamp":"2026-07-03T14:05:39.690Z","level":"warn","message":"[ACPEventAdapter] Tool \"say\" missing rawInput, falling back to input.","conversationId":"sess_d14fddcc-6e67-44bf-9e29-c42e4bd22125","turnId":"2ca6d61a-8dd9-40d2-bcb9-722b2bf524ae","rootTurnId":"2ca6d61a-8dd9-40d2-bcb9-722b2bf524ae"}
{"timestamp":"2026-07-03T14:05:39.773Z","level":"warn","message":"[ACPEventAdapter] Tool \"say\" missing rawInput, falling back to input.","conversationId":"sess_d14fddcc-6e67-44bf-9e29-c42e4bd22125","turnId":"2ca6d61a-8dd9-40d2-bcb9-722b2bf524ae","rootTurnId":"2ca6d61a-8dd9-40d2-bcb9-722b2bf524ae"}
{"timestamp":"2026-07-03T14:05:39.773Z","level":"warn","message":"[ACPEventAdapter] Tool \"say\" missing rawInput, falling back to input.","conversationId":"sess_d14fddcc-6e67-44bf-9e29-c42e4bd22125","turnId":"2ca6d61a-8dd9-40d2-bcb9-722b2bf524ae","rootTurnId":"2ca6d61a-8dd9-40d2-bcb9-722b2bf524ae"}
{"timestamp":"2026-07-03T14:05:39.804Z","level":"warn","message":"[ACPEventAdapter] Tool \"say\" missing rawInput, falling back to input.","conversationId":"sess_d14fddcc-6e67-44bf-9e29-c42e4bd22125","turnId":"2ca6d61a-8dd9-40d2-bcb9-722b2bf524ae","rootTurnId":"2ca6d61a-8dd9-40d2-bcb9-722b2bf524ae"}
{"timestamp":"2026-07-03T14:05:39.869Z","level":"warn","message":"[ACPEventAdapter] Tool \"say\" missing rawInput, falling back to input.","conversationId":"sess_d14fddcc-6e67-44bf-9e29-c42e4bd22125","turnId":"2ca6d61a-8dd9-40d2-bcb9-722b2bf524ae","rootTurnId":"2ca6d61a-8dd9-40d2-bcb9-722b2bf524ae"}
{"timestamp":"2026-07-03T14:05:39.917Z","level":"warn","message":"[ACPEventAdapter] Tool \"say\" missing rawInput, falling back to input.","conversationId":"sess_d14fddcc-6e67-44bf-9e29-c42e4bd22125","turnId":"2ca6d61a-8dd9-40d2-bcb9-722b2bf524ae","rootTurnId":"2ca6d61a-8dd9-40d2-bcb9-722b2bf524ae"}
{"timestamp":"2026-07-03T14:05:39.967Z","level":"warn","message":"[ACPEventAdapter] Tool \"say\" missing rawInput, falling back to input.","conversationId":"sess_d14fddcc-6e67-44bf-9e29-c42e4bd22125","turnId":"2ca6d61a-8dd9-40d2-bcb9-722b2bf524ae","rootTurnId":"2ca6d61a-8dd9-40d2-bcb9-722b2bf524ae"}
{"timestamp":"2026-07-03T14:05:40.031Z","level":"warn","message":"[ACPEventAdapter] Tool \"say\" missing rawInput, falling back to input.","conversationId":"sess_d14fddcc-6e67-44bf-9e29-c42e4bd22125","turnId":"2ca6d61a-8dd9-40d2-bcb9-722b2bf524ae","rootTurnId":"2ca6d61a-8dd9-40d2-bcb9-722b2bf524ae"}
{"timestamp":"2026-07-03T14:05:40.069Z","level":"warn","message":"[ACPEventAdapter] Tool \"say\" missing rawInput, falling back to input.","conversationId":"sess_d14fddcc-6e67-44bf-9e29-c42e4bd22125","turnId":"2ca6d61a-8dd9-40d2-bcb9-722b2bf524ae","rootTurnId":"2ca6d61a-8dd9-40d2-bcb9-722b2bf524ae"}
{"timestamp":"2026-07-03T14:05:40.111Z","level":"warn","message":"[ACPEventAdapter] Tool \"say\" missing rawInput, falling back to input.","conversationId":"sess_d14fddcc-6e67-44bf-9e29-c42e4bd22125","turnId":"2ca6d61a-8dd9-40d2-bcb9-722b2bf524ae","rootTurnId":"2ca6d61a-8dd9-40d2-bcb9-722b2bf524ae"}
{"timestamp":"2026-07-03T14:05:40.165Z","level":"warn","message":"[ACPEventAdapter] Tool \"say\" missing rawInput, falling back to input.","conversationId":"sess_d14fddcc-6e67-44bf-9e29-c42e4bd22125","turnId":"2ca6d61a-8dd9-40d2-bcb9-722b2bf524ae","rootTurnId":"2ca6d61a-8dd9-40d2-bcb9-722b2bf524ae"}
{"timestamp":"2026-07-03T14:05:40.215Z","level":"warn","message":"[ACPEventAdapter] Tool \"say\" missing rawInput, falling back to input.","conversationId":"sess_d14fddcc-6e67-44bf-9e29-c42e4bd22125","turnId":"2ca6d61a-8dd9-40d2-bcb9-722b2bf524ae","rootTurnId":"2ca6d61a-8dd9-40d2-bcb9-722b2bf524ae"}
{"timestamp":"2026-07-03T14:05:40.276Z","level":"warn","message":"[ACPEventAdapter] Tool \"say\" missing rawInput, falling back to input.","conversationId":"sess_d14fddcc-6e67-44bf-9e29-c42e4bd22125","turnId":"2ca6d61a-8dd9-40d2-bcb9-722b2bf524ae","rootTurnId":"2ca6d61a-8dd9-40d2-bcb9-722b2bf524ae"}
{"timestamp":"2026-07-03T14:05:40.333Z","level":"warn","message":"[ACPEventAdapter] Tool \"say\" missing rawInput, falling back to input.","conversationId":"sess_d14fddcc-6e67-44bf-9e29-c42e4bd22125","turnId":"2ca6d61a-8dd9-40d2-bcb9-722b2bf524ae","rootTurnId":"2ca6d61a-8dd9-40d2-bcb9-722b2bf524ae"}
{"timestamp":"2026-07-03T14:05:40.373Z","level":"warn","message":"[ACPEventAdapter] Tool \"say\" missing rawInput, falling back to input.","conversationId":"sess_d14fddcc-6e67-44bf-9e29-c42e4bd22125","turnId":"2ca6d61a-8dd9-40d2-bcb9-722b2bf524ae","rootTurnId":"2ca6d61a-8dd9-40d2-bcb9-722b2bf524ae"}
{"timestamp":"2026-07-03T14:05:40.420Z","level":"warn","message":"[ACPEventAdapter] Tool \"say\" missing rawInput, falling back to input.","conversationId":"sess_d14fddcc-6e67-44bf-9e29-c42e4bd22125","turnId":"2ca6d61a-8dd9-40d2-bcb9-722b2bf524ae","rootTurnId":"2ca6d61a-8dd9-40d2-bcb9-722b2bf524ae"}
{"timestamp":"2026-07-03T14:05:40.487Z","level":"warn","message":"[ACPEventAdapter] Tool \"say\" missing rawInput, falling back to input.","conversationId":"sess_d14fddcc-6e67-44bf-9e29-c42e4bd22125","turnId":"2ca6d61a-8dd9-40d2-bcb9-722b2bf524ae","rootTurnId":"2ca6d61a-8dd9-40d2-bcb9-722b2bf524ae"}
{"timestamp":"2026-07-03T14:05:40.527Z","level":"warn","message":"[ACPEventAdapter] Tool \"say\" missing rawInput, falling back to input.","conversationId":"sess_d14fddcc-6e67-44bf-9e29-c42e4bd22125","turnId":"2ca6d61a-8dd9-40d2-bcb9-722b2bf524ae","rootTurnId":"2ca6d61a-8dd9-40d2-bcb9-722b2bf524ae"}
{"timestamp":"2026-07-03T14:05:40.587Z","level":"warn","message":"[ACPEventAdapter] Tool \"say\" missing rawInput, falling back to input.","conversationId":"sess_d14fddcc-6e67-44bf-9e29-c42e4bd22125","turnId":"2ca6d61a-8dd9-40d2-bcb9-722b2bf524ae","rootTurnId":"2ca6d61a-8dd9-40d2-bcb9-722b2bf524ae"}
{"timestamp":"2026-07-03T14:05:40.634Z","level":"warn","message":"[ACPEventAdapter] Tool \"say\" missing rawInput, falling back to input.","conversationId":"sess_d14fddcc-6e67-44bf-9e29-c42e4bd22125","turnId":"2ca6d61a-8dd9-40d2-bcb9-722b2bf524ae","rootTurnId":"2ca6d61a-8dd9-40d2-bcb9-722b2bf524ae"}
{"timestamp":"2026-07-03T14:05:40.683Z","level":"warn","message":"[ACPEventAdapter] Tool \"say\" missing rawInput, falling back to input.","conversationId":"sess_d14fddcc-6e67-44bf-9e29-c42e4bd22125","turnId":"2ca6d61a-8dd9-40d2-bcb9-722b2bf524ae","rootTurnId":"2ca6d61a-8dd9-40d2-bcb9-722b2bf524ae"}
{"timestamp":"2026-07-03T14:05:40.752Z","level":"warn","message":"[ACPEventAdapter] Tool \"say\" missing rawInput, falling back to input.","conversationId":"sess_d14fddcc-6e67-44bf-9e29-c42e4bd22125","turnId":"2ca6d61a-8dd9-40d2-bcb9-722b2bf524ae","rootTurnId":"2ca6d61a-8dd9-40d2-bcb9-722b2bf524ae"}
{"timestamp":"2026-07-03T14:05:40.786Z","level":"warn","message":"[ACPEventAdapter] Tool \"say\" missing rawInput, falling back to input.","conversationId":"sess_d14fddcc-6e67-44bf-9e29-c42e4bd22125","turnId":"2ca6d61a-8dd9-40d2-bcb9-722b2bf524ae","rootTurnId":"2ca6d61a-8dd9-40d2-bcb9-722b2bf524ae"}
{"timestamp":"2026-07-03T14:05:40.857Z","level":"warn","message":"[ACPEventAdapter] Tool \"say\" missing rawInput, falling back to input.","conversationId":"sess_d14fddcc-6e67-44bf-9e29-c42e4bd22125","turnId":"2ca6d61a-8dd9-40d2-bcb9-722b2bf524ae","rootTurnId":"2ca6d61a-8dd9-40d2-bcb9-722b2bf524ae"}
{"timestamp":"2026-07-03T14:05:40.894Z","level":"warn","message":"[ACPEventAdapter] Tool \"say\" missing rawInput, falling back to input.","conversationId":"sess_d14fddcc-6e67-44bf-9e29-c42e4bd22125","turnId":"2ca6d61a-8dd9-40d2-bcb9-722b2bf524ae","rootTurnId":"2ca6d61a-8dd9-40d2-bcb9-722b2bf524ae"}
{"timestamp":"2026-07-03T14:05:40.964Z","level":"warn","message":"[ACPEventAdapter] Tool \"say\" missing rawInput, falling back to input.","conversationId":"sess_d14fddcc-6e67-44bf-9e29-c42e4bd22125","turnId":"2ca6d61a-8dd9-40d2-bcb9-722b2bf524ae","rootTurnId":"2ca6d61a-8dd9-40d2-bcb9-722b2bf524ae"}
{"timestamp":"2026-07-03T14:05:40.994Z","level":"warn","message":"[ACPEventAdapter] Tool \"say\" missing rawInput, falling back to input.","conversationId":"sess_d14fddcc-6e67-44bf-9e29-c42e4bd22125","turnId":"2ca6d61a-8dd9-40d2-bcb9-722b2bf524ae","rootTurnId":"2ca6d61a-8dd9-40d2-bcb9-722b2bf524ae"}
{"timestamp":"2026-07-03T14:05:41.060Z","level":"warn","message":"[ACPEventAdapter] Tool \"say\" missing rawInput, falling back to input.","conversationId":"sess_d14fddcc-6e67-44bf-9e29-c42e4bd22125","turnId":"2ca6d61a-8dd9-40d2-bcb9-722b2bf524ae","rootTurnId":"2ca6d61a-8dd9-40d2-bcb9-722b2bf524ae"}
{"timestamp":"2026-07-03T14:05:41.118Z","level":"warn","message":"[ACPEventAdapter] Tool \"say\" missing rawInput, falling back to input.","conversationId":"sess_d14fddcc-6e67-44bf-9e29-c42e4bd22125","turnId":"2ca6d61a-8dd9-40d2-bcb9-722b2bf524ae","rootTurnId":"2ca6d61a-8dd9-40d2-bcb9-722b2bf524ae"}
{"timestamp":"2026-07-03T14:05:41.146Z","level":"warn","message":"[ACPEventAdapter] Tool \"say\" missing rawInput, falling back to input.","conversationId":"sess_d14fddcc-6e67-44bf-9e29-c42e4bd22125","turnId":"2ca6d61a-8dd9-40d2-bcb9-722b2bf524ae","rootTurnId":"2ca6d61a-8dd9-40d2-bcb9-722b2bf524ae"}
{"timestamp":"2026-07-03T14:05:41.219Z","level":"warn","message":"[ACPEventAdapter] Tool \"say\" missing rawInput, falling back to input.","conversationId":"sess_d14fddcc-6e67-44bf-9e29-c42e4bd22125","turnId":"2ca6d61a-8dd9-40d2-bcb9-722b2bf524ae","rootTurnId":"2ca6d61a-8dd9-40d2-bcb9-722b2bf524ae"}
{"timestamp":"2026-07-03T14:05:41.255Z","level":"warn","message":"[ACPEventAdapter] Tool \"say\" missing rawInput, falling back to input.","conversationId":"sess_d14fddcc-6e67-44bf-9e29-c42e4bd22125","turnId":"2ca6d61a-8dd9-40d2-bcb9-722b2bf524ae","rootTurnId":"2ca6d61a-8dd9-40d2-bcb9-722b2bf524ae"}
{"timestamp":"2026-07-03T14:05:41.298Z","level":"warn","message":"[ACPEventAdapter] Tool \"say\" missing rawInput, falling back to input.","conversationId":"sess_d14fddcc-6e67-44bf-9e29-c42e4bd22125","turnId":"2ca6d61a-8dd9-40d2-bcb9-722b2bf524ae","rootTurnId":"2ca6d61a-8dd9-40d2-bcb9-722b2bf524ae"}
{"timestamp":"2026-07-03T14:05:41.404Z","level":"warn","message":"[ACPEventAdapter] Tool \"say\" missing rawInput, falling back to input.","conversationId":"sess_d14fddcc-6e67-44bf-9e29-c42e4bd22125","turnId":"2ca6d61a-8dd9-40d2-bcb9-722b2bf524ae","rootTurnId":"2ca6d61a-8dd9-40d2-bcb9-722b2bf524ae"}
{"timestamp":"2026-07-03T14:05:41.450Z","level":"warn","message":"[ACPEventAdapter] Tool \"say\" missing rawInput, falling back to input.","conversationId":"sess_d14fddcc-6e67-44bf-9e29-c42e4bd22125","turnId":"2ca6d61a-8dd9-40d2-bcb9-722b2bf524ae","rootTurnId":"2ca6d61a-8dd9-40d2-bcb9-722b2bf524ae"}
{"timestamp":"2026-07-03T14:05:41.467Z","level":"warn","message":"[ACPEventAdapter] Tool \"say\" missing rawInput, falling back to input.","conversationId":"sess_d14fddcc-6e67-44bf-9e29-c42e4bd22125","turnId":"2ca6d61a-8dd9-40d2-bcb9-722b2bf524ae","rootTurnId":"2ca6d61a-8dd9-40d2-bcb9-722b2bf524ae"}
{"timestamp":"2026-07-03T14:05:41.573Z","level":"warn","message":"[ACPEventAdapter] Tool \"say\" missing rawInput, falling back to input.","conversationId":"sess_d14fddcc-6e67-44bf-9e29-c42e4bd22125","turnId":"2ca6d61a-8dd9-40d2-bcb9-722b2bf524ae","rootTurnId":"2ca6d61a-8dd9-40d2-bcb9-722b2bf524ae"}
{"timestamp":"2026-07-03T14:05:41.634Z","level":"warn","message":"[ACPEventAdapter] Tool \"say\" missing rawInput, falling back to input.","conversationId":"sess_d14fddcc-6e67-44bf-9e29-c42e4bd22125","turnId":"2ca6d61a-8dd9-40d2-bcb9-722b2bf524ae","rootTurnId":"2ca6d61a-8dd9-40d2-bcb9-722b2bf524ae"}
{"timestamp":"2026-07-03T14:05:41.661Z","level":"warn","message":"[ACPEventAdapter] Tool \"say\" missing rawInput, falling back to input.","conversationId":"sess_d14fddcc-6e67-44bf-9e29-c42e4bd22125","turnId":"2ca6d61a-8dd9-40d2-bcb9-722b2bf524ae","rootTurnId":"2ca6d61a-8dd9-40d2-bcb9-722b2bf524ae"}
{"timestamp":"2026-07-03T14:05:41.711Z","level":"warn","message":"[ACPEventAdapter] Tool \"say\" missing rawInput, falling back to input.","conversationId":"sess_d14fddcc-6e67-44bf-9e29-c42e4bd22125","turnId":"2ca6d61a-8dd9-40d2-bcb9-722b2bf524ae","rootTurnId":"2ca6d61a-8dd9-40d2-bcb9-722b2bf524ae"}
{"timestamp":"2026-07-03T14:05:41.768Z","level":"warn","message":"[ACPEventAdapter] Tool \"say\" missing rawInput, falling back to input.","conversationId":"sess_d14fddcc-6e67-44bf-9e29-c42e4bd22125","turnId":"2ca6d61a-8dd9-40d2-bcb9-722b2bf524ae","rootTurnId":"2ca6d61a-8dd9-40d2-bcb9-722b2bf524ae"}
{"timestamp":"2026-07-03T14:05:41.821Z","level":"warn","message":"[ACPEventAdapter] Tool \"say\" missing rawInput, falling back to input.","conversationId":"sess_d14fddcc-6e67-44bf-9e29-c42e4bd22125","turnId":"2ca6d61a-8dd9-40d2-bcb9-722b2bf524ae","rootTurnId":"2ca6d61a-8dd9-40d2-bcb9-722b2bf524ae"}
{"timestamp":"2026-07-03T14:05:41.872Z","level":"warn","message":"[ACPEventAdapter] Tool \"say\" missing rawInput, falling back to input.","conversationId":"sess_d14fddcc-6e67-44bf-9e29-c42e4bd22125","turnId":"2ca6d61a-8dd9-40d2-bcb9-722b2bf524ae","rootTurnId":"2ca6d61a-8dd9-40d2-bcb9-722b2bf524ae"}
{"timestamp":"2026-07-03T14:05:41.920Z","level":"warn","message":"[ACPEventAdapter] Tool \"say\" missing rawInput, falling back to input.","conversationId":"sess_d14fddcc-6e67-44bf-9e29-c42e4bd22125","turnId":"2ca6d61a-8dd9-40d2-bcb9-722b2bf524ae","rootTurnId":"2ca6d61a-8dd9-40d2-bcb9-722b2bf524ae"}
{"timestamp":"2026-07-03T14:05:41.969Z","level":"warn","message":"[ACPEventAdapter] Tool \"say\" missing rawInput, falling back to input.","conversationId":"sess_d14fddcc-6e67-44bf-9e29-c42e4bd22125","turnId":"2ca6d61a-8dd9-40d2-bcb9-722b2bf524ae","rootTurnId":"2ca6d61a-8dd9-40d2-bcb9-722b2bf524ae"}
{"timestamp":"2026-07-03T14:05:42.037Z","level":"warn","message":"[ACPEventAdapter] Tool \"say\" missing rawInput, falling back to input.","conversationId":"sess_d14fddcc-6e67-44bf-9e29-c42e4bd22125","turnId":"2ca6d61a-8dd9-40d2-bcb9-722b2bf524ae","rootTurnId":"2ca6d61a-8dd9-40d2-bcb9-722b2bf524ae"}
{"timestamp":"2026-07-03T14:05:42.070Z","level":"warn","message":"[ACPEventAdapter] Tool \"say\" missing rawInput, falling back to input.","conversationId":"sess_d14fddcc-6e67-44bf-9e29-c42e4bd22125","turnId":"2ca6d61a-8dd9-40d2-bcb9-722b2bf524ae","rootTurnId":"2ca6d61a-8dd9-40d2-bcb9-722b2bf524ae"}
{"timestamp":"2026-07-03T14:05:42.124Z","level":"warn","message":"[ACPEventAdapter] Tool \"say\" missing rawInput, falling back to input.","conversationId":"sess_d14fddcc-6e67-44bf-9e29-c42e4bd22125","turnId":"2ca6d61a-8dd9-40d2-bcb9-722b2bf524ae","rootTurnId":"2ca6d61a-8dd9-40d2-bcb9-722b2bf524ae"}
{"timestamp":"2026-07-03T14:05:42.183Z","level":"warn","message":"[ACPEventAdapter] Tool \"say\" missing rawInput, falling back to input.","conversationId":"sess_d14fddcc-6e67-44bf-9e29-c42e4bd22125","turnId":"2ca6d61a-8dd9-40d2-bcb9-722b2bf524ae","rootTurnId":"2ca6d61a-8dd9-40d2-bcb9-722b2bf524ae"}
{"timestamp":"2026-07-03T14:05:42.232Z","level":"warn","message":"[ACPEventAdapter] Tool \"say\" missing rawInput, falling back to input.","conversationId":"sess_d14fddcc-6e67-44bf-9e29-c42e4bd22125","turnId":"2ca6d61a-8dd9-40d2-bcb9-722b2bf524ae","rootTurnId":"2ca6d61a-8dd9-40d2-bcb9-722b2bf524ae"}
{"timestamp":"2026-07-03T14:05:42.275Z","level":"warn","message":"[ACPEventAdapter] Tool \"say\" missing rawInput, falling back to input.","conversationId":"sess_d14fddcc-6e67-44bf-9e29-c42e4bd22125","turnId":"2ca6d61a-8dd9-40d2-bcb9-722b2bf524ae","rootTurnId":"2ca6d61a-8dd9-40d2-bcb9-722b2bf524ae"}
{"timestamp":"2026-07-03T14:05:42.333Z","level":"warn","message":"[ACPEventAdapter] Tool \"say\" missing rawInput, falling back to input.","conversationId":"sess_d14fddcc-6e67-44bf-9e29-c42e4bd22125","turnId":"2ca6d61a-8dd9-40d2-bcb9-722b2bf524ae","rootTurnId":"2ca6d61a-8dd9-40d2-bcb9-722b2bf524ae"}
{"timestamp":"2026-07-03T14:05:42.806Z","level":"warn","message":"[ACPEventAdapter] Tool \"say\" missing rawInput, falling back to input.","conversationId":"sess_d14fddcc-6e67-44bf-9e29-c42e4bd22125","turnId":"2ca6d61a-8dd9-40d2-bcb9-722b2bf524ae","rootTurnId":"2ca6d61a-8dd9-40d2-bcb9-722b2bf524ae"}
{"timestamp":"2026-07-03T14:05:42.807Z","level":"warn","message":"[ACPEventAdapter] Tool \"say\" missing rawInput, falling back to input.","conversationId":"sess_d14fddcc-6e67-44bf-9e29-c42e4bd22125","turnId":"2ca6d61a-8dd9-40d2-bcb9-722b2bf524ae","rootTurnId":"2ca6d61a-8dd9-40d2-bcb9-722b2bf524ae"}
{"timestamp":"2026-07-03T14:05:42.807Z","level":"warn","message":"[ACPEventAdapter] Tool \"say\" missing rawInput, falling back to input.","conversationId":"sess_d14fddcc-6e67-44bf-9e29-c42e4bd22125","turnId":"2ca6d61a-8dd9-40d2-bcb9-722b2bf524ae","rootTurnId":"2ca6d61a-8dd9-40d2-bcb9-722b2bf524ae"}
{"timestamp":"2026-07-03T14:05:42.807Z","level":"warn","message":"[ACPEventAdapter] Tool \"say\" missing rawInput, falling back to input.","conversationId":"sess_d14fddcc-6e67-44bf-9e29-c42e4bd22125","turnId":"2ca6d61a-8dd9-40d2-bcb9-722b2bf524ae","rootTurnId":"2ca6d61a-8dd9-40d2-bcb9-722b2bf524ae"}
{"timestamp":"2026-07-03T14:05:42.808Z","level":"warn","message":"[ACPEventAdapter] Tool \"say\" missing rawInput, falling back to input.","conversationId":"sess_d14fddcc-6e67-44bf-9e29-c42e4bd22125","turnId":"2ca6d61a-8dd9-40d2-bcb9-722b2bf524ae","rootTurnId":"2ca6d61a-8dd9-40d2-bcb9-722b2bf524ae"}
{"timestamp":"2026-07-03T14:05:42.808Z","level":"warn","message":"[ACPEventAdapter] Tool \"say\" missing rawInput, falling back to input.","conversationId":"sess_d14fddcc-6e67-44bf-9e29-c42e4bd22125","turnId":"2ca6d61a-8dd9-40d2-bcb9-722b2bf524ae","rootTurnId":"2ca6d61a-8dd9-40d2-bcb9-722b2bf524ae"}
{"timestamp":"2026-07-03T14:05:42.808Z","level":"warn","message":"[ACPEventAdapter] Tool \"say\" missing rawInput, falling back to input.","conversationId":"sess_d14fddcc-6e67-44bf-9e29-c42e4bd22125","turnId":"2ca6d61a-8dd9-40d2-bcb9-722b2bf524ae","rootTurnId":"2ca6d61a-8dd9-40d2-bcb9-722b2bf524ae"}
{"timestamp":"2026-07-03T14:05:42.830Z","level":"warn","message":"[ACPEventAdapter] Tool \"say\" missing rawInput, falling back to input.","conversationId":"sess_d14fddcc-6e67-44bf-9e29-c42e4bd22125","turnId":"2ca6d61a-8dd9-40d2-bcb9-722b2bf524ae","rootTurnId":"2ca6d61a-8dd9-40d2-bcb9-722b2bf524ae"}
{"timestamp":"2026-07-03T14:05:42.899Z","level":"warn","message":"[ACPEventAdapter] Tool \"say\" missing rawInput, falling back to input.","conversationId":"sess_d14fddcc-6e67-44bf-9e29-c42e4bd22125","turnId":"2ca6d61a-8dd9-40d2-bcb9-722b2bf524ae","rootTurnId":"2ca6d61a-8dd9-40d2-bcb9-722b2bf524ae"}
{"timestamp":"2026-07-03T14:05:42.963Z","level":"warn","message":"[ACPEventAdapter] Tool \"say\" missing rawInput, falling back to input.","conversationId":"sess_d14fddcc-6e67-44bf-9e29-c42e4bd22125","turnId":"2ca6d61a-8dd9-40d2-bcb9-722b2bf524ae","rootTurnId":"2ca6d61a-8dd9-40d2-bcb9-722b2bf524ae"}
{"timestamp":"2026-07-03T14:05:43.012Z","level":"warn","message":"[ACPEventAdapter] Tool \"say\" missing rawInput, falling back to input.","conversationId":"sess_d14fddcc-6e67-44bf-9e29-c42e4bd22125","turnId":"2ca6d61a-8dd9-40d2-bcb9-722b2bf524ae","rootTurnId":"2ca6d61a-8dd9-40d2-bcb9-722b2bf524ae"}
{"timestamp":"2026-07-03T14:05:43.052Z","level":"warn","message":"[ACPEventAdapter] Tool \"say\" missing rawInput, falling back to input.","conversationId":"sess_d14fddcc-6e67-44bf-9e29-c42e4bd22125","turnId":"2ca6d61a-8dd9-40d2-bcb9-722b2bf524ae","rootTurnId":"2ca6d61a-8dd9-40d2-bcb9-722b2bf524ae"}
{"timestamp":"2026-07-03T14:05:43.143Z","level":"warn","message":"[ACPEventAdapter] Tool \"say\" missing rawInput, falling back to input.","conversationId":"sess_d14fddcc-6e67-44bf-9e29-c42e4bd22125","turnId":"2ca6d61a-8dd9-40d2-bcb9-722b2bf524ae","rootTurnId":"2ca6d61a-8dd9-40d2-bcb9-722b2bf524ae"}
{"timestamp":"2026-07-03T14:05:43.144Z","level":"warn","message":"[ACPEventAdapter] Tool \"say\" missing rawInput, falling back to input.","conversationId":"sess_d14fddcc-6e67-44bf-9e29-c42e4bd22125","turnId":"2ca6d61a-8dd9-40d2-bcb9-722b2bf524ae","rootTurnId":"2ca6d61a-8dd9-40d2-bcb9-722b2bf524ae"}
{"timestamp":"2026-07-03T14:05:43.175Z","level":"warn","message":"[ACPEventAdapter] Tool \"say\" missing rawInput, falling back to input.","conversationId":"sess_d14fddcc-6e67-44bf-9e29-c42e4bd22125","turnId":"2ca6d61a-8dd9-40d2-bcb9-722b2bf524ae","rootTurnId":"2ca6d61a-8dd9-40d2-bcb9-722b2bf524ae"}
{"timestamp":"2026-07-03T14:05:43.219Z","level":"warn","message":"[ACPEventAdapter] Tool \"say\" missing rawInput, falling back to input.","conversationId":"sess_d14fddcc-6e67-44bf-9e29-c42e4bd22125","turnId":"2ca6d61a-8dd9-40d2-bcb9-722b2bf524ae","rootTurnId":"2ca6d61a-8dd9-40d2-bcb9-722b2bf524ae"}
{"timestamp":"2026-07-03T14:05:43.284Z","level":"warn","message":"[ACPEventAdapter] Tool \"say\" missing rawInput, falling back to input.","conversationId":"sess_d14fddcc-6e67-44bf-9e29-c42e4bd22125","turnId":"2ca6d61a-8dd9-40d2-bcb9-722b2bf524ae","rootTurnId":"2ca6d61a-8dd9-40d2-bcb9-722b2bf524ae"}
{"timestamp":"2026-07-03T14:05:43.334Z","level":"warn","message":"[ACPEventAdapter] Tool \"say\" missing rawInput, falling back to input.","conversationId":"sess_d14fddcc-6e67-44bf-9e29-c42e4bd22125","turnId":"2ca6d61a-8dd9-40d2-bcb9-722b2bf524ae","rootTurnId":"2ca6d61a-8dd9-40d2-bcb9-722b2bf524ae"}
{"timestamp":"2026-07-03T14:05:43.371Z","level":"warn","message":"[ACPEventAdapter] Tool \"say\" missing rawInput, falling back to input.","conversationId":"sess_d14fddcc-6e67-44bf-9e29-c42e4bd22125","turnId":"2ca6d61a-8dd9-40d2-bcb9-722b2bf524ae","rootTurnId":"2ca6d61a-8dd9-40d2-bcb9-722b2bf524ae"}
{"timestamp":"2026-07-03T14:05:43.432Z","level":"warn","message":"[ACPEventAdapter] Tool \"say\" missing rawInput, falling back to input.","conversationId":"sess_d14fddcc-6e67-44bf-9e29-c42e4bd22125","turnId":"2ca6d61a-8dd9-40d2-bcb9-722b2bf524ae","rootTurnId":"2ca6d61a-8dd9-40d2-bcb9-722b2bf524ae"}
{"timestamp":"2026-07-03T14:05:43.487Z","level":"warn","message":"[ACPEventAdapter] Tool \"say\" missing rawInput, falling back to input.","conversationId":"sess_d14fddcc-6e67-44bf-9e29-c42e4bd22125","turnId":"2ca6d61a-8dd9-40d2-bcb9-722b2bf524ae","rootTurnId":"2ca6d61a-8dd9-40d2-bcb9-722b2bf524ae"}
{"timestamp":"2026-07-03T14:05:43.533Z","level":"warn","message":"[ACPEventAdapter] Tool \"say\" missing rawInput, falling back to input.","conversationId":"sess_d14fddcc-6e67-44bf-9e29-c42e4bd22125","turnId":"2ca6d61a-8dd9-40d2-bcb9-722b2bf524ae","rootTurnId":"2ca6d61a-8dd9-40d2-bcb9-722b2bf524ae"}
{"timestamp":"2026-07-03T14:05:43.629Z","level":"warn","message":"[ACPEventAdapter] Tool \"say\" missing rawInput, falling back to input.","conversationId":"sess_d14fddcc-6e67-44bf-9e29-c42e4bd22125","turnId":"2ca6d61a-8dd9-40d2-bcb9-722b2bf524ae","rootTurnId":"2ca6d61a-8dd9-40d2-bcb9-722b2bf524ae"}
{"timestamp":"2026-07-03T14:05:43.688Z","level":"warn","message":"[ACPEventAdapter] Tool \"say\" missing rawInput, falling back to input.","conversationId":"sess_d14fddcc-6e67-44bf-9e29-c42e4bd22125","turnId":"2ca6d61a-8dd9-40d2-bcb9-722b2bf524ae","rootTurnId":"2ca6d61a-8dd9-40d2-bcb9-722b2bf524ae"}
{"timestamp":"2026-07-03T14:05:43.737Z","level":"warn","message":"[ACPEventAdapter] Tool \"say\" missing rawInput, falling back to input.","conversationId":"sess_d14fddcc-6e67-44bf-9e29-c42e4bd22125","turnId":"2ca6d61a-8dd9-40d2-bcb9-722b2bf524ae","rootTurnId":"2ca6d61a-8dd9-40d2-bcb9-722b2bf524ae"}
{"timestamp":"2026-07-03T14:05:43.794Z","level":"warn","message":"[ACPEventAdapter] Tool \"say\" missing rawInput, falling back to input.","conversationId":"sess_d14fddcc-6e67-44bf-9e29-c42e4bd22125","turnId":"2ca6d61a-8dd9-40d2-bcb9-722b2bf524ae","rootTurnId":"2ca6d61a-8dd9-40d2-bcb9-722b2bf524ae"}
{"timestamp":"2026-07-03T14:05:43.835Z","level":"warn","message":"[ACPEventAdapter] Tool \"say\" missing rawInput, falling back to input.","conversationId":"sess_d14fddcc-6e67-44bf-9e29-c42e4bd22125","turnId":"2ca6d61a-8dd9-40d2-bcb9-722b2bf524ae","rootTurnId":"2ca6d61a-8dd9-40d2-bcb9-722b2bf524ae"}
{"timestamp":"2026-07-03T14:05:43.896Z","level":"warn","message":"[ACPEventAdapter] Tool \"say\" missing rawInput, falling back to input.","conversationId":"sess_d14fddcc-6e67-44bf-9e29-c42e4bd22125","turnId":"2ca6d61a-8dd9-40d2-bcb9-722b2bf524ae","rootTurnId":"2ca6d61a-8dd9-40d2-bcb9-722b2bf524ae"}
{"timestamp":"2026-07-03T14:05:44.625Z","level":"warn","message":"[ACPEventAdapter] Tool \"say\" missing rawInput, falling back to input.","conversationId":"sess_d14fddcc-6e67-44bf-9e29-c42e4bd22125","turnId":"2ca6d61a-8dd9-40d2-bcb9-722b2bf524ae","rootTurnId":"2ca6d61a-8dd9-40d2-bcb9-722b2bf524ae"}
{"timestamp":"2026-07-03T14:05:44.625Z","level":"warn","message":"[ACPEventAdapter] Tool \"say\" missing rawInput, falling back to input.","conversationId":"sess_d14fddcc-6e67-44bf-9e29-c42e4bd22125","turnId":"2ca6d61a-8dd9-40d2-bcb9-722b2bf524ae","rootTurnId":"2ca6d61a-8dd9-40d2-bcb9-722b2bf524ae"}
{"timestamp":"2026-07-03T14:05:44.626Z","level":"warn","message":"[ACPEventAdapter] Tool \"say\" missing rawInput, falling back to input.","conversationId":"sess_d14fddcc-6e67-44bf-9e29-c42e4bd22125","turnId":"2ca6d61a-8dd9-40d2-bcb9-722b2bf524ae","rootTurnId":"2ca6d61a-8dd9-40d2-bcb9-722b2bf524ae"}
{"timestamp":"2026-07-03T14:05:44.626Z","level":"warn","message":"[ACPEventAdapter] Tool \"say\" missing rawInput, falling back to input.","conversationId":"sess_d14fddcc-6e67-44bf-9e29-c42e4bd22125","turnId":"2ca6d61a-8dd9-40d2-bcb9-722b2bf524ae","rootTurnId":"2ca6d61a-8dd9-40d2-bcb9-722b2bf524ae"}
{"timestamp":"2026-07-03T14:05:44.626Z","level":"warn","message":"[ACPEventAdapter] Tool \"say\" missing rawInput, falling back to input.","conversationId":"sess_d14fddcc-6e67-44bf-9e29-c42e4bd22125","turnId":"2ca6d61a-8dd9-40d2-bcb9-722b2bf524ae","rootTurnId":"2ca6d61a-8dd9-40d2-bcb9-722b2bf524ae"}
{"timestamp":"2026-07-03T14:05:44.626Z","level":"warn","message":"[ACPEventAdapter] Tool \"say\" missing rawInput, falling back to input.","conversationId":"sess_d14fddcc-6e67-44bf-9e29-c42e4bd22125","turnId":"2ca6d61a-8dd9-40d2-bcb9-722b2bf524ae","rootTurnId":"2ca6d61a-8dd9-40d2-bcb9-722b2bf524ae"}
{"timestamp":"2026-07-03T14:05:44.627Z","level":"warn","message":"[ACPEventAdapter] Tool \"say\" missing rawInput, falling back to input.","conversationId":"sess_d14fddcc-6e67-44bf-9e29-c42e4bd22125","turnId":"2ca6d61a-8dd9-40d2-bcb9-722b2bf524ae","rootTurnId":"2ca6d61a-8dd9-40d2-bcb9-722b2bf524ae"}
{"timestamp":"2026-07-03T14:05:44.627Z","level":"warn","message":"[ACPEventAdapter] Tool \"say\" missing rawInput, falling back to input.","conversationId":"sess_d14fddcc-6e67-44bf-9e29-c42e4bd22125","turnId":"2ca6d61a-8dd9-40d2-bcb9-722b2bf524ae","rootTurnId":"2ca6d61a-8dd9-40d2-bcb9-722b2bf524ae"}
{"timestamp":"2026-07-03T14:05:44.627Z","level":"warn","message":"[ACPEventAdapter] Tool \"say\" missing rawInput, falling back to input.","conversationId":"sess_d14fddcc-6e67-44bf-9e29-c42e4bd22125","turnId":"2ca6d61a-8dd9-40d2-bcb9-722b2bf524ae","rootTurnId":"2ca6d61a-8dd9-40d2-bcb9-722b2bf524ae"}
{"timestamp":"2026-07-03T14:05:44.627Z","level":"warn","message":"[ACPEventAdapter] Tool \"say\" missing rawInput, falling back to input.","conversationId":"sess_d14fddcc-6e67-44bf-9e29-c42e4bd22125","turnId":"2ca6d61a-8dd9-40d2-bcb9-722b2bf524ae","rootTurnId":"2ca6d61a-8dd9-40d2-bcb9-722b2bf524ae"}
{"timestamp":"2026-07-03T14:05:44.628Z","level":"warn","message":"[ACPEventAdapter] Tool \"say\" missing rawInput, falling back to input.","conversationId":"sess_d14fddcc-6e67-44bf-9e29-c42e4bd22125","turnId":"2ca6d61a-8dd9-40d2-bcb9-722b2bf524ae","rootTurnId":"2ca6d61a-8dd9-40d2-bcb9-722b2bf524ae"}
{"timestamp":"2026-07-03T14:05:44.683Z","level":"warn","message":"[ACPEventAdapter] Tool \"say\" missing rawInput, falling back to input.","conversationId":"sess_d14fddcc-6e67-44bf-9e29-c42e4bd22125","turnId":"2ca6d61a-8dd9-40d2-bcb9-722b2bf524ae","rootTurnId":"2ca6d61a-8dd9-40d2-bcb9-722b2bf524ae"}
{"timestamp":"2026-07-03T14:05:44.856Z","level":"warn","message":"[ACPEventAdapter] Tool \"say\" missing rawInput, falling back to input.","conversationId":"sess_d14fddcc-6e67-44bf-9e29-c42e4bd22125","turnId":"2ca6d61a-8dd9-40d2-bcb9-722b2bf524ae","rootTurnId":"2ca6d61a-8dd9-40d2-bcb9-722b2bf524ae"}
{"timestamp":"2026-07-03T14:05:44.869Z","level":"warn","message":"[ACPEventAdapter] Tool \"say\" missing rawInput, falling back to input.","conversationId":"sess_d14fddcc-6e67-44bf-9e29-c42e4bd22125","turnId":"2ca6d61a-8dd9-40d2-bcb9-722b2bf524ae","rootTurnId":"2ca6d61a-8dd9-40d2-bcb9-722b2bf524ae"}
{"timestamp":"2026-07-03T14:05:44.932Z","level":"warn","message":"[ACPEventAdapter] Tool \"say\" missing rawInput, falling back to input.","conversationId":"sess_d14fddcc-6e67-44bf-9e29-c42e4bd22125","turnId":"2ca6d61a-8dd9-40d2-bcb9-722b2bf524ae","rootTurnId":"2ca6d61a-8dd9-40d2-bcb9-722b2bf524ae"}
{"timestamp":"2026-07-03T14:05:45.003Z","level":"warn","message":"[ACPEventAdapter] Tool \"say\" missing rawInput, falling back to input.","conversationId":"sess_d14fddcc-6e67-44bf-9e29-c42e4bd22125","turnId":"2ca6d61a-8dd9-40d2-bcb9-722b2bf524ae","rootTurnId":"2ca6d61a-8dd9-40d2-bcb9-722b2bf524ae"}
{"timestamp":"2026-07-03T14:05:45.116Z","level":"warn","message":"[ACPEventAdapter] Tool \"say\" missing rawInput, falling back to input.","conversationId":"sess_d14fddcc-6e67-44bf-9e29-c42e4bd22125","turnId":"2ca6d61a-8dd9-40d2-bcb9-722b2bf524ae","rootTurnId":"2ca6d61a-8dd9-40d2-bcb9-722b2bf524ae"}
{"timestamp":"2026-07-03T14:05:45.117Z","level":"warn","message":"[ACPEventAdapter] Tool \"say\" missing rawInput, falling back to input.","conversationId":"sess_d14fddcc-6e67-44bf-9e29-c42e4bd22125","turnId":"2ca6d61a-8dd9-40d2-bcb9-722b2bf524ae","rootTurnId":"2ca6d61a-8dd9-40d2-bcb9-722b2bf524ae"}
{"timestamp":"2026-07-03T14:05:45.117Z","level":"warn","message":"[ACPEventAdapter] Tool \"say\" missing rawInput, falling back to input.","conversationId":"sess_d14fddcc-6e67-44bf-9e29-c42e4bd22125","turnId":"2ca6d61a-8dd9-40d2-bcb9-722b2bf524ae","rootTurnId":"2ca6d61a-8dd9-40d2-bcb9-722b2bf524ae"}
{"timestamp":"2026-07-03T14:05:45.152Z","level":"warn","message":"[ACPEventAdapter] Tool \"say\" missing rawInput, falling back to input.","conversationId":"sess_d14fddcc-6e67-44bf-9e29-c42e4bd22125","turnId":"2ca6d61a-8dd9-40d2-bcb9-722b2bf524ae","rootTurnId":"2ca6d61a-8dd9-40d2-bcb9-722b2bf524ae"}
{"timestamp":"2026-07-03T14:05:45.226Z","level":"warn","message":"[ACPEventAdapter] Tool \"say\" missing rawInput, falling back to input.","conversationId":"sess_d14fddcc-6e67-44bf-9e29-c42e4bd22125","turnId":"2ca6d61a-8dd9-40d2-bcb9-722b2bf524ae","rootTurnId":"2ca6d61a-8dd9-40d2-bcb9-722b2bf524ae"}
{"timestamp":"2026-07-03T14:05:45.269Z","level":"warn","message":"[ACPEventAdapter] Tool \"say\" missing rawInput, falling back to input.","conversationId":"sess_d14fddcc-6e67-44bf-9e29-c42e4bd22125","turnId":"2ca6d61a-8dd9-40d2-bcb9-722b2bf524ae","rootTurnId":"2ca6d61a-8dd9-40d2-bcb9-722b2bf524ae"}
{"timestamp":"2026-07-03T14:05:45.309Z","level":"warn","message":"[ACPEventAdapter] Tool \"say\" missing rawInput, falling back to input.","conversationId":"sess_d14fddcc-6e67-44bf-9e29-c42e4bd22125","turnId":"2ca6d61a-8dd9-40d2-bcb9-722b2bf524ae","rootTurnId":"2ca6d61a-8dd9-40d2-bcb9-722b2bf524ae"}
{"timestamp":"2026-07-03T14:05:45.402Z","level":"warn","message":"[ACPEventAdapter] Tool \"say\" missing rawInput, falling back to input.","conversationId":"sess_d14fddcc-6e67-44bf-9e29-c42e4bd22125","turnId":"2ca6d61a-8dd9-40d2-bcb9-722b2bf524ae","rootTurnId":"2ca6d61a-8dd9-40d2-bcb9-722b2bf524ae"}
{"timestamp":"2026-07-03T14:05:45.418Z","level":"warn","message":"[ACPEventAdapter] Tool \"say\" missing rawInput, falling back to input.","conversationId":"sess_d14fddcc-6e67-44bf-9e29-c42e4bd22125","turnId":"2ca6d61a-8dd9-40d2-bcb9-722b2bf524ae","rootTurnId":"2ca6d61a-8dd9-40d2-bcb9-722b2bf524ae"}
{"timestamp":"2026-07-03T14:05:45.519Z","level":"warn","message":"[ACPEventAdapter] Tool \"say\" missing rawInput, falling back to input.","conversationId":"sess_d14fddcc-6e67-44bf-9e29-c42e4bd22125","turnId":"2ca6d61a-8dd9-40d2-bcb9-722b2bf524ae","rootTurnId":"2ca6d61a-8dd9-40d2-bcb9-722b2bf524ae"}
{"timestamp":"2026-07-03T14:05:45.520Z","level":"warn","message":"[ACPEventAdapter] Tool \"say\" missing rawInput, falling back to input.","conversationId":"sess_d14fddcc-6e67-44bf-9e29-c42e4bd22125","turnId":"2ca6d61a-8dd9-40d2-bcb9-722b2bf524ae","rootTurnId":"2ca6d61a-8dd9-40d2-bcb9-722b2bf524ae"}
{"timestamp":"2026-07-03T14:05:45.600Z","level":"warn","message":"[ACPEventAdapter] Tool \"say\" missing rawInput, falling back to input.","conversationId":"sess_d14fddcc-6e67-44bf-9e29-c42e4bd22125","turnId":"2ca6d61a-8dd9-40d2-bcb9-722b2bf524ae","rootTurnId":"2ca6d61a-8dd9-40d2-bcb9-722b2bf524ae"}
{"timestamp":"2026-07-03T14:05:45.665Z","level":"warn","message":"[ACPEventAdapter] Tool \"say\" missing rawInput, falling back to input.","conversationId":"sess_d14fddcc-6e67-44bf-9e29-c42e4bd22125","turnId":"2ca6d61a-8dd9-40d2-bcb9-722b2bf524ae","rootTurnId":"2ca6d61a-8dd9-40d2-bcb9-722b2bf524ae"}
{"timestamp":"2026-07-03T14:05:45.665Z","level":"warn","message":"[ACPEventAdapter] Tool \"say\" missing rawInput, falling back to input.","conversationId":"sess_d14fddcc-6e67-44bf-9e29-c42e4bd22125","turnId":"2ca6d61a-8dd9-40d2-bcb9-722b2bf524ae","rootTurnId":"2ca6d61a-8dd9-40d2-bcb9-722b2bf524ae"}
{"timestamp":"2026-07-03T14:05:45.682Z","level":"warn","message":"[ACPEventAdapter] Tool \"say\" missing rawInput, falling back to input.","conversationId":"sess_d14fddcc-6e67-44bf-9e29-c42e4bd22125","turnId":"2ca6d61a-8dd9-40d2-bcb9-722b2bf524ae","rootTurnId":"2ca6d61a-8dd9-40d2-bcb9-722b2bf524ae"}
{"timestamp":"2026-07-03T14:05:45.760Z","level":"warn","message":"[ACPEventAdapter] Tool \"say\" missing rawInput, falling back to input.","conversationId":"sess_d14fddcc-6e67-44bf-9e29-c42e4bd22125","turnId":"2ca6d61a-8dd9-40d2-bcb9-722b2bf524ae","rootTurnId":"2ca6d61a-8dd9-40d2-bcb9-722b2bf524ae"}
{"timestamp":"2026-07-03T14:05:45.779Z","level":"warn","message":"[ACPEventAdapter] Tool \"say\" missing rawInput, falling back to input.","conversationId":"sess_d14fddcc-6e67-44bf-9e29-c42e4bd22125","turnId":"2ca6d61a-8dd9-40d2-bcb9-722b2bf524ae","rootTurnId":"2ca6d61a-8dd9-40d2-bcb9-722b2bf524ae"}
{"timestamp":"2026-07-03T14:05:45.892Z","level":"warn","message":"[ACPEventAdapter] Tool \"say\" missing rawInput, falling back to input.","conversationId":"sess_d14fddcc-6e67-44bf-9e29-c42e4bd22125","turnId":"2ca6d61a-8dd9-40d2-bcb9-722b2bf524ae","rootTurnId":"2ca6d61a-8dd9-40d2-bcb9-722b2bf524ae"}
{"timestamp":"2026-07-03T14:05:45.892Z","level":"warn","message":"[ACPEventAdapter] Tool \"say\" missing rawInput, falling back to input.","conversationId":"sess_d14fddcc-6e67-44bf-9e29-c42e4bd22125","turnId":"2ca6d61a-8dd9-40d2-bcb9-722b2bf524ae","rootTurnId":"2ca6d61a-8dd9-40d2-bcb9-722b2bf524ae"}
{"timestamp":"2026-07-03T14:05:45.952Z","level":"warn","message":"[ACPEventAdapter] Tool \"say\" missing rawInput, falling back to input.","conversationId":"sess_d14fddcc-6e67-44bf-9e29-c42e4bd22125","turnId":"2ca6d61a-8dd9-40d2-bcb9-722b2bf524ae","rootTurnId":"2ca6d61a-8dd9-40d2-bcb9-722b2bf524ae"}
{"timestamp":"2026-07-03T14:05:46.005Z","level":"warn","message":"[ACPEventAdapter] Tool \"say\" missing rawInput, falling back to input.","conversationId":"sess_d14fddcc-6e67-44bf-9e29-c42e4bd22125","turnId":"2ca6d61a-8dd9-40d2-bcb9-722b2bf524ae","rootTurnId":"2ca6d61a-8dd9-40d2-bcb9-722b2bf524ae"}
{"timestamp":"2026-07-03T14:05:46.040Z","level":"warn","message":"[ACPEventAdapter] Tool \"say\" missing rawInput, falling back to input.","conversationId":"sess_d14fddcc-6e67-44bf-9e29-c42e4bd22125","turnId":"2ca6d61a-8dd9-40d2-bcb9-722b2bf524ae","rootTurnId":"2ca6d61a-8dd9-40d2-bcb9-722b2bf524ae"}
{"timestamp":"2026-07-03T14:05:46.105Z","level":"warn","message":"[ACPEventAdapter] Tool \"say\" missing rawInput, falling back to input.","conversationId":"sess_d14fddcc-6e67-44bf-9e29-c42e4bd22125","turnId":"2ca6d61a-8dd9-40d2-bcb9-722b2bf524ae","rootTurnId":"2ca6d61a-8dd9-40d2-bcb9-722b2bf524ae"}
{"timestamp":"2026-07-03T14:05:46.153Z","level":"warn","message":"[ACPEventAdapter] Tool \"say\" missing rawInput, falling back to input.","conversationId":"sess_d14fddcc-6e67-44bf-9e29-c42e4bd22125","turnId":"2ca6d61a-8dd9-40d2-bcb9-722b2bf524ae","rootTurnId":"2ca6d61a-8dd9-40d2-bcb9-722b2bf524ae"}
{"timestamp":"2026-07-03T14:05:46.201Z","level":"warn","message":"[ACPEventAdapter] Tool \"say\" missing rawInput, falling back to input.","conversationId":"sess_d14fddcc-6e67-44bf-9e29-c42e4bd22125","turnId":"2ca6d61a-8dd9-40d2-bcb9-722b2bf524ae","rootTurnId":"2ca6d61a-8dd9-40d2-bcb9-722b2bf524ae"}
{"timestamp":"2026-07-03T14:05:46.263Z","level":"warn","message":"[ACPEventAdapter] Tool \"say\" missing rawInput, falling back to input.","conversationId":"sess_d14fddcc-6e67-44bf-9e29-c42e4bd22125","turnId":"2ca6d61a-8dd9-40d2-bcb9-722b2bf524ae","rootTurnId":"2ca6d61a-8dd9-40d2-bcb9-722b2bf524ae"}
{"timestamp":"2026-07-03T14:05:46.321Z","level":"warn","message":"[ACPEventAdapter] Tool \"say\" missing rawInput, falling back to input.","conversationId":"sess_d14fddcc-6e67-44bf-9e29-c42e4bd22125","turnId":"2ca6d61a-8dd9-40d2-bcb9-722b2bf524ae","rootTurnId":"2ca6d61a-8dd9-40d2-bcb9-722b2bf524ae"}
{"timestamp":"2026-07-03T14:05:46.368Z","level":"warn","message":"[ACPEventAdapter] Tool \"say\" missing rawInput, falling back to input.","conversationId":"sess_d14fddcc-6e67-44bf-9e29-c42e4bd22125","turnId":"2ca6d61a-8dd9-40d2-bcb9-722b2bf524ae","rootTurnId":"2ca6d61a-8dd9-40d2-bcb9-722b2bf524ae"}
{"timestamp":"2026-07-03T14:05:46.461Z","level":"warn","message":"[ACPEventAdapter] Tool \"say\" missing rawInput, falling back to input.","conversationId":"sess_d14fddcc-6e67-44bf-9e29-c42e4bd22125","turnId":"2ca6d61a-8dd9-40d2-bcb9-722b2bf524ae","rootTurnId":"2ca6d61a-8dd9-40d2-bcb9-722b2bf524ae"}
{"timestamp":"2026-07-03T14:05:46.509Z","level":"warn","message":"[ACPEventAdapter] Tool \"say\" missing rawInput, falling back to input.","conversationId":"sess_d14fddcc-6e67-44bf-9e29-c42e4bd22125","turnId":"2ca6d61a-8dd9-40d2-bcb9-722b2bf524ae","rootTurnId":"2ca6d61a-8dd9-40d2-bcb9-722b2bf524ae"}
{"timestamp":"2026-07-03T14:05:46.516Z","level":"info","message":"[ACPEventAdapter] Execution succeeded: 2ca6d61a-8dd9-40d2-bcb9-722b2bf524ae","conversationId":"sess_d14fddcc-6e67-44bf-9e29-c42e4bd22125","turnId":"2ca6d61a-8dd9-40d2-bcb9-722b2bf524ae","rootTurnId":"2ca6d61a-8dd9-40d2-bcb9-722b2bf524ae"}
{"timestamp":"2026-07-03T14:05:46.521Z","level":"info","message":"[SessionPersistence] Appended 1 message(s) to session sess_d14fddcc-6e67-44bf-9e29-c42e4bd22125","conversationId":"sess_d14fddcc-6e67-44bf-9e29-c42e4bd22125","turnId":"2ca6d61a-8dd9-40d2-bcb9-722b2bf524ae","rootTurnId":"2ca6d61a-8dd9-40d2-bcb9-722b2bf524ae"}
{"timestamp":"2026-07-03T14:05:46.524Z","level":"info","message":"[SessionPersistence] Appended 1 message(s) to session sess_d14fddcc-6e67-44bf-9e29-c42e4bd22125","conversationId":"sess_d14fddcc-6e67-44bf-9e29-c42e4bd22125","turnId":"2ca6d61a-8dd9-40d2-bcb9-722b2bf524ae","rootTurnId":"2ca6d61a-8dd9-40d2-bcb9-722b2bf524ae"}
{"timestamp":"2026-07-03T14:05:46.534Z","level":"info","message":"[SessionPersistence] Appended 3 message(s) to session sess_d14fddcc-6e67-44bf-9e29-c42e4bd22125","conversationId":"sess_d14fddcc-6e67-44bf-9e29-c42e4bd22125","turnId":"2ca6d61a-8dd9-40d2-bcb9-722b2bf524ae","rootTurnId":"2ca6d61a-8dd9-40d2-bcb9-722b2bf524ae"}
{"timestamp":"2026-07-03T14:05:46.539Z","level":"info","message":"[agent-controller] Progressing model queue {\"activeExecution\":false,\"queueSize\":0}","conversationId":"sess_d14fddcc-6e67-44bf-9e29-c42e4bd22125","turnId":"2ca6d61a-8dd9-40d2-bcb9-722b2bf524ae","rootTurnId":"2ca6d61a-8dd9-40d2-bcb9-722b2bf524ae"}
{"timestamp":"2026-07-03T14:05:46.546Z","level":"info","message":"[SessionPersistence] Updated metadata for session sess_d14fddcc-6e67-44bf-9e29-c42e4bd22125","conversationId":"sess_d14fddcc-6e67-44bf-9e29-c42e4bd22125","turnId":"2ca6d61a-8dd9-40d2-bcb9-722b2bf524ae","rootTurnId":"2ca6d61a-8dd9-40d2-bcb9-722b2bf524ae"}
{"timestamp":"2026-07-03T14:05:46.561Z","level":"info","message":"[SessionPersistence] Loaded session sess_d14fddcc-6e67-44bf-9e29-c42e4bd22125 (146 messages) from C:\\Users\\Admin\\.kiro\\sessions\\0e134046f2a0cad8\\sess_d14fddcc-6e67-44bf-9e29-c42e4bd22125","conversationId":"sess_d14fddcc-6e67-44bf-9e29-c42e4bd22125"}
{"timestamp":"2026-07-03T14:05:46.586Z","level":"info","message":"[SessionPersistence] Appended 1 message(s) to session sess_d14fddcc-6e67-44bf-9e29-c42e4bd22125","conversationId":"sess_d14fddcc-6e67-44bf-9e29-c42e4bd22125"}
{"timestamp":"2026-07-03T14:08:24.386Z","level":"info","message":"[ACPModelConfigProvider] Loaded 15 models"}
{"timestamp":"2026-07-03T14:13:25.592Z","level":"info","message":"[ACPModelConfigProvider] Loaded 15 models"}
{"timestamp":"2026-07-03T14:17:07.423Z","level":"info","message":"[KiroAgent] ACP session/prompt sessionId=sess_d14fddcc-6e67-44bf-9e29-c42e4bd22125"}
{"timestamp":"2026-07-03T14:17:07.424Z","level":"info","message":"[SessionPersistence] Appended 1 message(s) to session sess_d14fddcc-6e67-44bf-9e29-c42e4bd22125"}
{"timestamp":"2026-07-03T14:17:07.429Z","level":"info","message":"[agent-controller] Triggered new agent: chat-agent (autonomyMode=Autopilot)","conversationId":"sess_d14fddcc-6e67-44bf-9e29-c42e4bd22125"}
{"timestamp":"2026-07-03T14:17:07.429Z","level":"info","message":"[ACPEventAdapter] Execution began: 1951373e-abe2-4976-a9df-54bb10a3f5e1","conversationId":"sess_d14fddcc-6e67-44bf-9e29-c42e4bd22125","turnId":"1951373e-abe2-4976-a9df-54bb10a3f5e1","rootTurnId":"1951373e-abe2-4976-a9df-54bb10a3f5e1"}
{"timestamp":"2026-07-03T14:17:07.431Z","level":"info","message":"[SessionPersistence] Appended 1 message(s) to session sess_d14fddcc-6e67-44bf-9e29-c42e4bd22125","conversationId":"sess_d14fddcc-6e67-44bf-9e29-c42e4bd22125","turnId":"1951373e-abe2-4976-a9df-54bb10a3f5e1","rootTurnId":"1951373e-abe2-4976-a9df-54bb10a3f5e1"}
{"timestamp":"2026-07-03T14:17:07.446Z","level":"info","message":"[AgentIterator] Checking for intent overrides","conversationId":"sess_d14fddcc-6e67-44bf-9e29-c42e4bd22125","turnId":"1951373e-abe2-4976-a9df-54bb10a3f5e1","rootTurnId":"1951373e-abe2-4976-a9df-54bb10a3f5e1"}
{"timestamp":"2026-07-03T14:17:07.448Z","level":"info","message":"[AgentIterator] Detecting intent","conversationId":"sess_d14fddcc-6e67-44bf-9e29-c42e4bd22125","turnId":"1951373e-abe2-4976-a9df-54bb10a3f5e1","rootTurnId":"1951373e-abe2-4976-a9df-54bb10a3f5e1"}
{"timestamp":"2026-07-03T14:17:07.448Z","level":"info","message":"[INTENT_DETECTION] Prompt input mode, skipping intent detection","conversationId":"sess_d14fddcc-6e67-44bf-9e29-c42e4bd22125","turnId":"1951373e-abe2-4976-a9df-54bb10a3f5e1","rootTurnId":"1951373e-abe2-4976-a9df-54bb10a3f5e1"}
{"timestamp":"2026-07-03T14:17:07.448Z","level":"info","message":"[AgentIterator] Parallel invoking agent","conversationId":"sess_d14fddcc-6e67-44bf-9e29-c42e4bd22125","turnId":"1951373e-abe2-4976-a9df-54bb10a3f5e1","rootTurnId":"1951373e-abe2-4976-a9df-54bb10a3f5e1"}
{"timestamp":"2026-07-03T14:17:07.448Z","level":"info","message":"[Steering] Populating steering for execution 1951373e-abe2-4976-a9df-54bb10a3f5e1","conversationId":"sess_d14fddcc-6e67-44bf-9e29-c42e4bd22125","turnId":"1951373e-abe2-4976-a9df-54bb10a3f5e1","rootTurnId":"1951373e-abe2-4976-a9df-54bb10a3f5e1"}
{"timestamp":"2026-07-03T14:17:07.448Z","level":"info","message":"[Steering] ExistingFiles: /c:/Users/Admin/Downloads/Kiro_AWS_Nonsense/Kiro_AWS_Nonsense/app.py, /c:/Users/Admin/Downloads/Kiro_AWS_Nonsense/Kiro_AWS_Nonsense/templates/index.html, /c:/Users/Admin/Downloads/Kiro_AWS_Nonsense/Kiro_AWS_Nonsense/static/app.js, /c:/Users/Admin/Downloads/Kiro_AWS_Nonsense/Kiro_AWS_Nonsense/static/style.css, /c:/Users/Admin/Downloads/Kiro_AWS_Nonsense/Kiro_AWS_Nonsense/config.py, /c:/Users/Admin/Downloads/Kiro_AWS_Nonsense/Kiro_AWS_Nonsense/analysis.py in 1951373e-abe2-4976-a9df-54bb10a3f5e1","conversationId":"sess_d14fddcc-6e67-44bf-9e29-c42e4bd22125","turnId":"1951373e-abe2-4976-a9df-54bb10a3f5e1","rootTurnId":"1951373e-abe2-4976-a9df-54bb10a3f5e1"}
{"timestamp":"2026-07-03T14:17:07.478Z","level":"info","message":"[q-developer-converse] Sending GenerateAssistantResponse modelId=auto agentMode=vibe origin=AI_EDITOR streaming=true conversationId=sess_d14fddcc-6e67-44bf-9e29-c42e4bd22125","conversationId":"sess_d14fddcc-6e67-44bf-9e29-c42e4bd22125","turnId":"1951373e-abe2-4976-a9df-54bb10a3f5e1","rootTurnId":"1951373e-abe2-4976-a9df-54bb10a3f5e1"}
{"timestamp":"2026-07-03T14:17:07.552Z","level":"info","message":"[q-developer-converse] Request payload: 10759481 chars, 96 history messages, conversationId=sess_d14fddcc-6e67-44bf-9e29-c42e4bd22125","conversationId":"sess_d14fddcc-6e67-44bf-9e29-c42e4bd22125","turnId":"1951373e-abe2-4976-a9df-54bb10a3f5e1","rootTurnId":"1951373e-abe2-4976-a9df-54bb10a3f5e1"}
{"timestamp":"2026-07-03T14:17:07.581Z","level":"info","message":"[SessionPersistence] Updated metadata for session sess_d14fddcc-6e67-44bf-9e29-c42e4bd22125","conversationId":"sess_d14fddcc-6e67-44bf-9e29-c42e4bd22125","turnId":"1951373e-abe2-4976-a9df-54bb10a3f5e1","rootTurnId":"1951373e-abe2-4976-a9df-54bb10a3f5e1"}
{"timestamp":"2026-07-03T14:17:16.590Z","level":"info","message":"[AgentIterator] Synchronizing results","conversationId":"sess_d14fddcc-6e67-44bf-9e29-c42e4bd22125","turnId":"1951373e-abe2-4976-a9df-54bb10a3f5e1","rootTurnId":"1951373e-abe2-4976-a9df-54bb10a3f5e1"}
{"timestamp":"2026-07-03T14:17:16.590Z","level":"info","message":"[AgentIterator] Processing intent detection result","conversationId":"sess_d14fddcc-6e67-44bf-9e29-c42e4bd22125","turnId":"1951373e-abe2-4976-a9df-54bb10a3f5e1","rootTurnId":"1951373e-abe2-4976-a9df-54bb10a3f5e1"}
{"timestamp":"2026-07-03T14:17:16.591Z","level":"info","message":"[ChatAgent] Processing model response stream","conversationId":"sess_d14fddcc-6e67-44bf-9e29-c42e4bd22125","turnId":"1951373e-abe2-4976-a9df-54bb10a3f5e1","rootTurnId":"1951373e-abe2-4976-a9df-54bb10a3f5e1"}
{"timestamp":"2026-07-03T14:17:16.591Z","level":"info","message":"[Steering] Populating steering for execution 1951373e-abe2-4976-a9df-54bb10a3f5e1","conversationId":"sess_d14fddcc-6e67-44bf-9e29-c42e4bd22125","turnId":"1951373e-abe2-4976-a9df-54bb10a3f5e1","rootTurnId":"1951373e-abe2-4976-a9df-54bb10a3f5e1"}
{"timestamp":"2026-07-03T14:17:16.591Z","level":"info","message":"[Steering] ExistingFiles: /c:/Users/Admin/Downloads/Kiro_AWS_Nonsense/Kiro_AWS_Nonsense/app.py, /c:/Users/Admin/Downloads/Kiro_AWS_Nonsense/Kiro_AWS_Nonsense/templates/index.html, /c:/Users/Admin/Downloads/Kiro_AWS_Nonsense/Kiro_AWS_Nonsense/static/app.js, /c:/Users/Admin/Downloads/Kiro_AWS_Nonsense/Kiro_AWS_Nonsense/static/style.css, /c:/Users/Admin/Downloads/Kiro_AWS_Nonsense/Kiro_AWS_Nonsense/config.py, /c:/Users/Admin/Downloads/Kiro_AWS_Nonsense/Kiro_AWS_Nonsense/analysis.py in 1951373e-abe2-4976-a9df-54bb10a3f5e1","conversationId":"sess_d14fddcc-6e67-44bf-9e29-c42e4bd22125","turnId":"1951373e-abe2-4976-a9df-54bb10a3f5e1","rootTurnId":"1951373e-abe2-4976-a9df-54bb10a3f5e1"}
{"timestamp":"2026-07-03T14:17:18.102Z","level":"info","message":"[ACPEventAdapter] Execution yielded: 1951373e-abe2-4976-a9df-54bb10a3f5e1","conversationId":"sess_d14fddcc-6e67-44bf-9e29-c42e4bd22125","turnId":"1951373e-abe2-4976-a9df-54bb10a3f5e1","rootTurnId":"1951373e-abe2-4976-a9df-54bb10a3f5e1"}
{"timestamp":"2026-07-03T14:17:18.165Z","level":"info","message":"acp.policy-eval.complete {\"toolId\":\"run_command\",\"effect\":\"ask\"}","conversationId":"sess_d14fddcc-6e67-44bf-9e29-c42e4bd22125","turnId":"1951373e-abe2-4976-a9df-54bb10a3f5e1","rootTurnId":"1951373e-abe2-4976-a9df-54bb10a3f5e1"}
{"timestamp":"2026-07-03T14:17:18.209Z","level":"info","message":"[ACP ToolApproval] Requesting permission for toolId=run_command, operationId=run_command_tooluse_NPVzhkEfBB29BTMJdksemp, sessionId=sess_d14fddcc-6e67-44bf-9e29-c42e4bd22125","conversationId":"sess_d14fddcc-6e67-44bf-9e29-c42e4bd22125","turnId":"1951373e-abe2-4976-a9df-54bb10a3f5e1","rootTurnId":"1951373e-abe2-4976-a9df-54bb10a3f5e1"}
{"timestamp":"2026-07-03T14:17:18.217Z","level":"info","message":"[SessionPersistence] Appended 1 message(s) to session sess_d14fddcc-6e67-44bf-9e29-c42e4bd22125","conversationId":"sess_d14fddcc-6e67-44bf-9e29-c42e4bd22125","turnId":"1951373e-abe2-4976-a9df-54bb10a3f5e1","rootTurnId":"1951373e-abe2-4976-a9df-54bb10a3f5e1"}
{"timestamp":"2026-07-03T14:17:18.222Z","level":"info","message":"[SessionPersistence] Appended 1 message(s) to session sess_d14fddcc-6e67-44bf-9e29-c42e4bd22125","conversationId":"sess_d14fddcc-6e67-44bf-9e29-c42e4bd22125","turnId":"1951373e-abe2-4976-a9df-54bb10a3f5e1","rootTurnId":"1951373e-abe2-4976-a9df-54bb10a3f5e1"}
{"timestamp":"2026-07-03T14:17:21.806Z","level":"info","message":"[SessionPersistence] Appended 1 message(s) to session sess_d14fddcc-6e67-44bf-9e29-c42e4bd22125","conversationId":"sess_d14fddcc-6e67-44bf-9e29-c42e4bd22125","turnId":"1951373e-abe2-4976-a9df-54bb10a3f5e1","rootTurnId":"1951373e-abe2-4976-a9df-54bb10a3f5e1"}
{"timestamp":"2026-07-03T14:17:21.808Z","level":"info","message":"[ACP ToolApproval] Got response: {\"optionId\":\"accept\",\"outcome\":\"selected\"}","conversationId":"sess_d14fddcc-6e67-44bf-9e29-c42e4bd22125","turnId":"1951373e-abe2-4976-a9df-54bb10a3f5e1","rootTurnId":"1951373e-abe2-4976-a9df-54bb10a3f5e1"}
{"timestamp":"2026-07-03T14:17:21.809Z","level":"info","message":"[ACPEventAdapter] Execution resumed: 1951373e-abe2-4976-a9df-54bb10a3f5e1","conversationId":"sess_d14fddcc-6e67-44bf-9e29-c42e4bd22125","turnId":"1951373e-abe2-4976-a9df-54bb10a3f5e1","rootTurnId":"1951373e-abe2-4976-a9df-54bb10a3f5e1"}
{"timestamp":"2026-07-03T14:17:21.810Z","level":"warn","message":"policy.ignore.evaluator_error {\"path\":\".\",\"error\":\"RangeError: path should be a `path.relative()`d string, but got \\\".\\\"\"}","conversationId":"sess_d14fddcc-6e67-44bf-9e29-c42e4bd22125","turnId":"1951373e-abe2-4976-a9df-54bb10a3f5e1","rootTurnId":"1951373e-abe2-4976-a9df-54bb10a3f5e1"}
{"timestamp":"2026-07-03T14:17:21.810Z","level":"info","message":"acp.policy-eval.complete {\"toolId\":\"list_directory\",\"effect\":\"allow\",\"capability\":\"fs_read\"}","conversationId":"sess_d14fddcc-6e67-44bf-9e29-c42e4bd22125","turnId":"1951373e-abe2-4976-a9df-54bb10a3f5e1","rootTurnId":"1951373e-abe2-4976-a9df-54bb10a3f5e1"}
{"timestamp":"2026-07-03T14:17:22.829Z","level":"info","message":"[AgentIterator] Parallel invoking agent","conversationId":"sess_d14fddcc-6e67-44bf-9e29-c42e4bd22125","turnId":"1951373e-abe2-4976-a9df-54bb10a3f5e1","rootTurnId":"1951373e-abe2-4976-a9df-54bb10a3f5e1"}
{"timestamp":"2026-07-03T14:17:22.829Z","level":"info","message":"[Steering] Populating steering for execution 1951373e-abe2-4976-a9df-54bb10a3f5e1","conversationId":"sess_d14fddcc-6e67-44bf-9e29-c42e4bd22125","turnId":"1951373e-abe2-4976-a9df-54bb10a3f5e1","rootTurnId":"1951373e-abe2-4976-a9df-54bb10a3f5e1"}
{"timestamp":"2026-07-03T14:17:22.829Z","level":"info","message":"[Steering] ExistingFiles: /c:/Users/Admin/Downloads/Kiro_AWS_Nonsense/Kiro_AWS_Nonsense/app.py, /c:/Users/Admin/Downloads/Kiro_AWS_Nonsense/Kiro_AWS_Nonsense/templates/index.html, /c:/Users/Admin/Downloads/Kiro_AWS_Nonsense/Kiro_AWS_Nonsense/static/app.js, /c:/Users/Admin/Downloads/Kiro_AWS_Nonsense/Kiro_AWS_Nonsense/static/style.css, /c:/Users/Admin/Downloads/Kiro_AWS_Nonsense/Kiro_AWS_Nonsense/config.py, /c:/Users/Admin/Downloads/Kiro_AWS_Nonsense/Kiro_AWS_Nonsense/analysis.py in 1951373e-abe2-4976-a9df-54bb10a3f5e1","conversationId":"sess_d14fddcc-6e67-44bf-9e29-c42e4bd22125","turnId":"1951373e-abe2-4976-a9df-54bb10a3f5e1","rootTurnId":"1951373e-abe2-4976-a9df-54bb10a3f5e1"}
{"timestamp":"2026-07-03T14:17:22.831Z","level":"info","message":"[SessionPersistence] Appended 2 message(s) to session sess_d14fddcc-6e67-44bf-9e29-c42e4bd22125","conversationId":"sess_d14fddcc-6e67-44bf-9e29-c42e4bd22125","turnId":"1951373e-abe2-4976-a9df-54bb10a3f5e1","rootTurnId":"1951373e-abe2-4976-a9df-54bb10a3f5e1"}
{"timestamp":"2026-07-03T14:17:22.856Z","level":"info","message":"[q-developer-converse] Sending GenerateAssistantResponse modelId=auto agentMode=vibe origin=AI_EDITOR streaming=true conversationId=sess_d14fddcc-6e67-44bf-9e29-c42e4bd22125","conversationId":"sess_d14fddcc-6e67-44bf-9e29-c42e4bd22125","turnId":"1951373e-abe2-4976-a9df-54bb10a3f5e1","rootTurnId":"1951373e-abe2-4976-a9df-54bb10a3f5e1"}
{"timestamp":"2026-07-03T14:17:22.925Z","level":"info","message":"[q-developer-converse] Request payload: 10761028 chars, 98 history messages, conversationId=sess_d14fddcc-6e67-44bf-9e29-c42e4bd22125","conversationId":"sess_d14fddcc-6e67-44bf-9e29-c42e4bd22125","turnId":"1951373e-abe2-4976-a9df-54bb10a3f5e1","rootTurnId":"1951373e-abe2-4976-a9df-54bb10a3f5e1"}
{"timestamp":"2026-07-03T14:17:30.860Z","level":"info","message":"[AgentIterator] Synchronizing results","conversationId":"sess_d14fddcc-6e67-44bf-9e29-c42e4bd22125","turnId":"1951373e-abe2-4976-a9df-54bb10a3f5e1","rootTurnId":"1951373e-abe2-4976-a9df-54bb10a3f5e1"}
{"timestamp":"2026-07-03T14:17:30.860Z","level":"info","message":"[AgentIterator] Processing intent detection result","conversationId":"sess_d14fddcc-6e67-44bf-9e29-c42e4bd22125","turnId":"1951373e-abe2-4976-a9df-54bb10a3f5e1","rootTurnId":"1951373e-abe2-4976-a9df-54bb10a3f5e1"}
{"timestamp":"2026-07-03T14:17:30.861Z","level":"info","message":"[ChatAgent] Processing model response stream","conversationId":"sess_d14fddcc-6e67-44bf-9e29-c42e4bd22125","turnId":"1951373e-abe2-4976-a9df-54bb10a3f5e1","rootTurnId":"1951373e-abe2-4976-a9df-54bb10a3f5e1"}
{"timestamp":"2026-07-03T14:17:30.861Z","level":"info","message":"[Steering] Populating steering for execution 1951373e-abe2-4976-a9df-54bb10a3f5e1","conversationId":"sess_d14fddcc-6e67-44bf-9e29-c42e4bd22125","turnId":"1951373e-abe2-4976-a9df-54bb10a3f5e1","rootTurnId":"1951373e-abe2-4976-a9df-54bb10a3f5e1"}
{"timestamp":"2026-07-03T14:17:30.861Z","level":"info","message":"[Steering] ExistingFiles: /c:/Users/Admin/Downloads/Kiro_AWS_Nonsense/Kiro_AWS_Nonsense/app.py, /c:/Users/Admin/Downloads/Kiro_AWS_Nonsense/Kiro_AWS_Nonsense/templates/index.html, /c:/Users/Admin/Downloads/Kiro_AWS_Nonsense/Kiro_AWS_Nonsense/static/app.js, /c:/Users/Admin/Downloads/Kiro_AWS_Nonsense/Kiro_AWS_Nonsense/static/style.css, /c:/Users/Admin/Downloads/Kiro_AWS_Nonsense/Kiro_AWS_Nonsense/config.py, /c:/Users/Admin/Downloads/Kiro_AWS_Nonsense/Kiro_AWS_Nonsense/analysis.py in 1951373e-abe2-4976-a9df-54bb10a3f5e1","conversationId":"sess_d14fddcc-6e67-44bf-9e29-c42e4bd22125","turnId":"1951373e-abe2-4976-a9df-54bb10a3f5e1","rootTurnId":"1951373e-abe2-4976-a9df-54bb10a3f5e1"}
{"timestamp":"2026-07-03T14:17:30.864Z","level":"warn","message":"[ACPEventAdapter] Tool \"say\" missing rawInput, falling back to input.","conversationId":"sess_d14fddcc-6e67-44bf-9e29-c42e4bd22125","turnId":"1951373e-abe2-4976-a9df-54bb10a3f5e1","rootTurnId":"1951373e-abe2-4976-a9df-54bb10a3f5e1"}
{"timestamp":"2026-07-03T14:17:30.896Z","level":"warn","message":"[ACPEventAdapter] Tool \"say\" missing rawInput, falling back to input.","conversationId":"sess_d14fddcc-6e67-44bf-9e29-c42e4bd22125","turnId":"1951373e-abe2-4976-a9df-54bb10a3f5e1","rootTurnId":"1951373e-abe2-4976-a9df-54bb10a3f5e1"}
{"timestamp":"2026-07-03T14:17:30.931Z","level":"warn","message":"[ACPEventAdapter] Tool \"say\" missing rawInput, falling back to input.","conversationId":"sess_d14fddcc-6e67-44bf-9e29-c42e4bd22125","turnId":"1951373e-abe2-4976-a9df-54bb10a3f5e1","rootTurnId":"1951373e-abe2-4976-a9df-54bb10a3f5e1"}
{"timestamp":"2026-07-03T14:17:31.289Z","level":"warn","message":"[ACPEventAdapter] Tool \"say\" missing rawInput, falling back to input.","conversationId":"sess_d14fddcc-6e67-44bf-9e29-c42e4bd22125","turnId":"1951373e-abe2-4976-a9df-54bb10a3f5e1","rootTurnId":"1951373e-abe2-4976-a9df-54bb10a3f5e1"}
{"timestamp":"2026-07-03T14:17:31.290Z","level":"info","message":"[SessionPersistence] Appended 1 message(s) to session sess_d14fddcc-6e67-44bf-9e29-c42e4bd22125","conversationId":"sess_d14fddcc-6e67-44bf-9e29-c42e4bd22125","turnId":"1951373e-abe2-4976-a9df-54bb10a3f5e1","rootTurnId":"1951373e-abe2-4976-a9df-54bb10a3f5e1"}
{"timestamp":"2026-07-03T14:17:32.127Z","level":"info","message":"[ACPEventAdapter] Execution yielded: 1951373e-abe2-4976-a9df-54bb10a3f5e1","conversationId":"sess_d14fddcc-6e67-44bf-9e29-c42e4bd22125","turnId":"1951373e-abe2-4976-a9df-54bb10a3f5e1","rootTurnId":"1951373e-abe2-4976-a9df-54bb10a3f5e1"}
{"timestamp":"2026-07-03T14:17:32.128Z","level":"warn","message":"[PersistenceClassification] Unknown action type \"control_process\" — defaulting to \"tool\". Add it to KnownActionType in persistence-classification.ts.","conversationId":"sess_d14fddcc-6e67-44bf-9e29-c42e4bd22125","turnId":"1951373e-abe2-4976-a9df-54bb10a3f5e1","rootTurnId":"1951373e-abe2-4976-a9df-54bb10a3f5e1"}
{"timestamp":"2026-07-03T14:17:32.128Z","level":"warn","message":"[ACPEventAdapter] Action type \"control_process\" has no dedicated handler and is being routed as a tool call. If this is a new non-tool action, add it to DispatchedActionType.","conversationId":"sess_d14fddcc-6e67-44bf-9e29-c42e4bd22125","turnId":"1951373e-abe2-4976-a9df-54bb10a3f5e1","rootTurnId":"1951373e-abe2-4976-a9df-54bb10a3f5e1"}
{"timestamp":"2026-07-03T14:17:32.157Z","level":"info","message":"acp.policy-eval.complete {\"toolId\":\"control_process\",\"effect\":\"allow\",\"capability\":\"shell\"}","conversationId":"sess_d14fddcc-6e67-44bf-9e29-c42e4bd22125","turnId":"1951373e-abe2-4976-a9df-54bb10a3f5e1","rootTurnId":"1951373e-abe2-4976-a9df-54bb10a3f5e1"}
{"timestamp":"2026-07-03T14:17:32.158Z","level":"info","message":"[ACPEventAdapter] Execution resumed: 1951373e-abe2-4976-a9df-54bb10a3f5e1","conversationId":"sess_d14fddcc-6e67-44bf-9e29-c42e4bd22125","turnId":"1951373e-abe2-4976-a9df-54bb10a3f5e1","rootTurnId":"1951373e-abe2-4976-a9df-54bb10a3f5e1"}
{"timestamp":"2026-07-03T14:17:32.158Z","level":"warn","message":"policy.ignore.evaluator_error {\"path\":\".\",\"error\":\"RangeError: path should be a `path.relative()`d string, but got \\\".\\\"\"}","conversationId":"sess_d14fddcc-6e67-44bf-9e29-c42e4bd22125","turnId":"1951373e-abe2-4976-a9df-54bb10a3f5e1","rootTurnId":"1951373e-abe2-4976-a9df-54bb10a3f5e1"}
{"timestamp":"2026-07-03T14:17:32.158Z","level":"info","message":"acp.policy-eval.complete {\"toolId\":\"list_directory\",\"effect\":\"allow\",\"capability\":\"fs_read\"}","conversationId":"sess_d14fddcc-6e67-44bf-9e29-c42e4bd22125","turnId":"1951373e-abe2-4976-a9df-54bb10a3f5e1","rootTurnId":"1951373e-abe2-4976-a9df-54bb10a3f5e1"}
{"timestamp":"2026-07-03T14:17:32.172Z","level":"info","message":"[AgentIterator] Parallel invoking agent","conversationId":"sess_d14fddcc-6e67-44bf-9e29-c42e4bd22125","turnId":"1951373e-abe2-4976-a9df-54bb10a3f5e1","rootTurnId":"1951373e-abe2-4976-a9df-54bb10a3f5e1"}
{"timestamp":"2026-07-03T14:17:32.172Z","level":"info","message":"[Steering] Populating steering for execution 1951373e-abe2-4976-a9df-54bb10a3f5e1","conversationId":"sess_d14fddcc-6e67-44bf-9e29-c42e4bd22125","turnId":"1951373e-abe2-4976-a9df-54bb10a3f5e1","rootTurnId":"1951373e-abe2-4976-a9df-54bb10a3f5e1"}
{"timestamp":"2026-07-03T14:17:32.172Z","level":"info","message":"[Steering] ExistingFiles: /c:/Users/Admin/Downloads/Kiro_AWS_Nonsense/Kiro_AWS_Nonsense/app.py, /c:/Users/Admin/Downloads/Kiro_AWS_Nonsense/Kiro_AWS_Nonsense/templates/index.html, /c:/Users/Admin/Downloads/Kiro_AWS_Nonsense/Kiro_AWS_Nonsense/static/app.js, /c:/Users/Admin/Downloads/Kiro_AWS_Nonsense/Kiro_AWS_Nonsense/static/style.css, /c:/Users/Admin/Downloads/Kiro_AWS_Nonsense/Kiro_AWS_Nonsense/config.py, /c:/Users/Admin/Downloads/Kiro_AWS_Nonsense/Kiro_AWS_Nonsense/analysis.py in 1951373e-abe2-4976-a9df-54bb10a3f5e1","conversationId":"sess_d14fddcc-6e67-44bf-9e29-c42e4bd22125","turnId":"1951373e-abe2-4976-a9df-54bb10a3f5e1","rootTurnId":"1951373e-abe2-4976-a9df-54bb10a3f5e1"}
{"timestamp":"2026-07-03T14:17:32.175Z","level":"info","message":"[SessionPersistence] Appended 1 message(s) to session sess_d14fddcc-6e67-44bf-9e29-c42e4bd22125","conversationId":"sess_d14fddcc-6e67-44bf-9e29-c42e4bd22125","turnId":"1951373e-abe2-4976-a9df-54bb10a3f5e1","rootTurnId":"1951373e-abe2-4976-a9df-54bb10a3f5e1"}
{"timestamp":"2026-07-03T14:17:32.203Z","level":"info","message":"[q-developer-converse] Sending GenerateAssistantResponse modelId=auto agentMode=vibe origin=AI_EDITOR streaming=true conversationId=sess_d14fddcc-6e67-44bf-9e29-c42e4bd22125","conversationId":"sess_d14fddcc-6e67-44bf-9e29-c42e4bd22125","turnId":"1951373e-abe2-4976-a9df-54bb10a3f5e1","rootTurnId":"1951373e-abe2-4976-a9df-54bb10a3f5e1"}
{"timestamp":"2026-07-03T14:17:32.295Z","level":"info","message":"[q-developer-converse] Request payload: 10761659 chars, 100 history messages, conversationId=sess_d14fddcc-6e67-44bf-9e29-c42e4bd22125","conversationId":"sess_d14fddcc-6e67-44bf-9e29-c42e4bd22125","turnId":"1951373e-abe2-4976-a9df-54bb10a3f5e1","rootTurnId":"1951373e-abe2-4976-a9df-54bb10a3f5e1"}
{"timestamp":"2026-07-03T14:17:32.352Z","level":"info","message":"[SessionPersistence] Appended 2 message(s) to session sess_d14fddcc-6e67-44bf-9e29-c42e4bd22125","conversationId":"sess_d14fddcc-6e67-44bf-9e29-c42e4bd22125","turnId":"1951373e-abe2-4976-a9df-54bb10a3f5e1","rootTurnId":"1951373e-abe2-4976-a9df-54bb10a3f5e1"}
{"timestamp":"2026-07-03T14:17:40.030Z","level":"info","message":"[AgentIterator] Synchronizing results","conversationId":"sess_d14fddcc-6e67-44bf-9e29-c42e4bd22125","turnId":"1951373e-abe2-4976-a9df-54bb10a3f5e1","rootTurnId":"1951373e-abe2-4976-a9df-54bb10a3f5e1"}
{"timestamp":"2026-07-03T14:17:40.030Z","level":"info","message":"[AgentIterator] Processing intent detection result","conversationId":"sess_d14fddcc-6e67-44bf-9e29-c42e4bd22125","turnId":"1951373e-abe2-4976-a9df-54bb10a3f5e1","rootTurnId":"1951373e-abe2-4976-a9df-54bb10a3f5e1"}
{"timestamp":"2026-07-03T14:17:40.031Z","level":"info","message":"[ChatAgent] Processing model response stream","conversationId":"sess_d14fddcc-6e67-44bf-9e29-c42e4bd22125","turnId":"1951373e-abe2-4976-a9df-54bb10a3f5e1","rootTurnId":"1951373e-abe2-4976-a9df-54bb10a3f5e1"}
{"timestamp":"2026-07-03T14:17:40.031Z","level":"info","message":"[Steering] Populating steering for execution 1951373e-abe2-4976-a9df-54bb10a3f5e1","conversationId":"sess_d14fddcc-6e67-44bf-9e29-c42e4bd22125","turnId":"1951373e-abe2-4976-a9df-54bb10a3f5e1","rootTurnId":"1951373e-abe2-4976-a9df-54bb10a3f5e1"}
{"timestamp":"2026-07-03T14:17:40.031Z","level":"info","message":"[Steering] ExistingFiles: /c:/Users/Admin/Downloads/Kiro_AWS_Nonsense/Kiro_AWS_Nonsense/app.py, /c:/Users/Admin/Downloads/Kiro_AWS_Nonsense/Kiro_AWS_Nonsense/templates/index.html, /c:/Users/Admin/Downloads/Kiro_AWS_Nonsense/Kiro_AWS_Nonsense/static/app.js, /c:/Users/Admin/Downloads/Kiro_AWS_Nonsense/Kiro_AWS_Nonsense/static/style.css, /c:/Users/Admin/Downloads/Kiro_AWS_Nonsense/Kiro_AWS_Nonsense/config.py, /c:/Users/Admin/Downloads/Kiro_AWS_Nonsense/Kiro_AWS_Nonsense/analysis.py in 1951373e-abe2-4976-a9df-54bb10a3f5e1","conversationId":"sess_d14fddcc-6e67-44bf-9e29-c42e4bd22125","turnId":"1951373e-abe2-4976-a9df-54bb10a3f5e1","rootTurnId":"1951373e-abe2-4976-a9df-54bb10a3f5e1"}
{"timestamp":"2026-07-03T14:17:40.600Z","level":"warn","message":"[PersistenceClassification] Unknown action type \"get_process_output\" — defaulting to \"tool\". Add it to KnownActionType in persistence-classification.ts.","conversationId":"sess_d14fddcc-6e67-44bf-9e29-c42e4bd22125","turnId":"1951373e-abe2-4976-a9df-54bb10a3f5e1","rootTurnId":"1951373e-abe2-4976-a9df-54bb10a3f5e1"}
{"timestamp":"2026-07-03T14:17:40.600Z","level":"warn","message":"[ACPEventAdapter] Action type \"get_process_output\" has no dedicated handler and is being routed as a tool call. If this is a new non-tool action, add it to DispatchedActionType.","conversationId":"sess_d14fddcc-6e67-44bf-9e29-c42e4bd22125","turnId":"1951373e-abe2-4976-a9df-54bb10a3f5e1","rootTurnId":"1951373e-abe2-4976-a9df-54bb10a3f5e1"}
{"timestamp":"2026-07-03T14:17:40.600Z","level":"warn","message":"[tool-call-emitter] kind=read emitted without locations (toolCallId=tooluse_o0z0C2TL69b87pxDgFhRDh)","conversationId":"sess_d14fddcc-6e67-44bf-9e29-c42e4bd22125","turnId":"1951373e-abe2-4976-a9df-54bb10a3f5e1","rootTurnId":"1951373e-abe2-4976-a9df-54bb10a3f5e1"}
{"timestamp":"2026-07-03T14:17:40.611Z","level":"info","message":"[AgentIterator] Parallel invoking agent","conversationId":"sess_d14fddcc-6e67-44bf-9e29-c42e4bd22125","turnId":"1951373e-abe2-4976-a9df-54bb10a3f5e1","rootTurnId":"1951373e-abe2-4976-a9df-54bb10a3f5e1"}
{"timestamp":"2026-07-03T14:17:40.611Z","level":"info","message":"[Steering] Populating steering for execution 1951373e-abe2-4976-a9df-54bb10a3f5e1","conversationId":"sess_d14fddcc-6e67-44bf-9e29-c42e4bd22125","turnId":"1951373e-abe2-4976-a9df-54bb10a3f5e1","rootTurnId":"1951373e-abe2-4976-a9df-54bb10a3f5e1"}
{"timestamp":"2026-07-03T14:17:40.611Z","level":"info","message":"[Steering] ExistingFiles: /c:/Users/Admin/Downloads/Kiro_AWS_Nonsense/Kiro_AWS_Nonsense/app.py, /c:/Users/Admin/Downloads/Kiro_AWS_Nonsense/Kiro_AWS_Nonsense/templates/index.html, /c:/Users/Admin/Downloads/Kiro_AWS_Nonsense/Kiro_AWS_Nonsense/static/app.js, /c:/Users/Admin/Downloads/Kiro_AWS_Nonsense/Kiro_AWS_Nonsense/static/style.css, /c:/Users/Admin/Downloads/Kiro_AWS_Nonsense/Kiro_AWS_Nonsense/config.py, /c:/Users/Admin/Downloads/Kiro_AWS_Nonsense/Kiro_AWS_Nonsense/analysis.py in 1951373e-abe2-4976-a9df-54bb10a3f5e1","conversationId":"sess_d14fddcc-6e67-44bf-9e29-c42e4bd22125","turnId":"1951373e-abe2-4976-a9df-54bb10a3f5e1","rootTurnId":"1951373e-abe2-4976-a9df-54bb10a3f5e1"}
{"timestamp":"2026-07-03T14:17:40.618Z","level":"info","message":"[SessionPersistence] Appended 1 message(s) to session sess_d14fddcc-6e67-44bf-9e29-c42e4bd22125","conversationId":"sess_d14fddcc-6e67-44bf-9e29-c42e4bd22125","turnId":"1951373e-abe2-4976-a9df-54bb10a3f5e1","rootTurnId":"1951373e-abe2-4976-a9df-54bb10a3f5e1"}
{"timestamp":"2026-07-03T14:17:40.642Z","level":"info","message":"[q-developer-converse] Sending GenerateAssistantResponse modelId=auto agentMode=vibe origin=AI_EDITOR streaming=true conversationId=sess_d14fddcc-6e67-44bf-9e29-c42e4bd22125","conversationId":"sess_d14fddcc-6e67-44bf-9e29-c42e4bd22125","turnId":"1951373e-abe2-4976-a9df-54bb10a3f5e1","rootTurnId":"1951373e-abe2-4976-a9df-54bb10a3f5e1"}
{"timestamp":"2026-07-03T14:17:40.724Z","level":"info","message":"[q-developer-converse] Request payload: 10762938 chars, 102 history messages, conversationId=sess_d14fddcc-6e67-44bf-9e29-c42e4bd22125","conversationId":"sess_d14fddcc-6e67-44bf-9e29-c42e4bd22125","turnId":"1951373e-abe2-4976-a9df-54bb10a3f5e1","rootTurnId":"1951373e-abe2-4976-a9df-54bb10a3f5e1"}
{"timestamp":"2026-07-03T14:17:40.765Z","level":"info","message":"[SessionPersistence] Appended 2 message(s) to session sess_d14fddcc-6e67-44bf-9e29-c42e4bd22125","conversationId":"sess_d14fddcc-6e67-44bf-9e29-c42e4bd22125","turnId":"1951373e-abe2-4976-a9df-54bb10a3f5e1","rootTurnId":"1951373e-abe2-4976-a9df-54bb10a3f5e1"}
{"timestamp":"2026-07-03T14:17:48.772Z","level":"info","message":"[AgentIterator] Synchronizing results","conversationId":"sess_d14fddcc-6e67-44bf-9e29-c42e4bd22125","turnId":"1951373e-abe2-4976-a9df-54bb10a3f5e1","rootTurnId":"1951373e-abe2-4976-a9df-54bb10a3f5e1"}
{"timestamp":"2026-07-03T14:17:48.772Z","level":"info","message":"[AgentIterator] Processing intent detection result","conversationId":"sess_d14fddcc-6e67-44bf-9e29-c42e4bd22125","turnId":"1951373e-abe2-4976-a9df-54bb10a3f5e1","rootTurnId":"1951373e-abe2-4976-a9df-54bb10a3f5e1"}
{"timestamp":"2026-07-03T14:17:48.773Z","level":"info","message":"[ChatAgent] Processing model response stream","conversationId":"sess_d14fddcc-6e67-44bf-9e29-c42e4bd22125","turnId":"1951373e-abe2-4976-a9df-54bb10a3f5e1","rootTurnId":"1951373e-abe2-4976-a9df-54bb10a3f5e1"}
{"timestamp":"2026-07-03T14:17:48.773Z","level":"info","message":"[Steering] Populating steering for execution 1951373e-abe2-4976-a9df-54bb10a3f5e1","conversationId":"sess_d14fddcc-6e67-44bf-9e29-c42e4bd22125","turnId":"1951373e-abe2-4976-a9df-54bb10a3f5e1","rootTurnId":"1951373e-abe2-4976-a9df-54bb10a3f5e1"}
{"timestamp":"2026-07-03T14:17:48.773Z","level":"info","message":"[Steering] ExistingFiles: /c:/Users/Admin/Downloads/Kiro_AWS_Nonsense/Kiro_AWS_Nonsense/app.py, /c:/Users/Admin/Downloads/Kiro_AWS_Nonsense/Kiro_AWS_Nonsense/templates/index.html, /c:/Users/Admin/Downloads/Kiro_AWS_Nonsense/Kiro_AWS_Nonsense/static/app.js, /c:/Users/Admin/Downloads/Kiro_AWS_Nonsense/Kiro_AWS_Nonsense/static/style.css, /c:/Users/Admin/Downloads/Kiro_AWS_Nonsense/Kiro_AWS_Nonsense/config.py, /c:/Users/Admin/Downloads/Kiro_AWS_Nonsense/Kiro_AWS_Nonsense/analysis.py in 1951373e-abe2-4976-a9df-54bb10a3f5e1","conversationId":"sess_d14fddcc-6e67-44bf-9e29-c42e4bd22125","turnId":"1951373e-abe2-4976-a9df-54bb10a3f5e1","rootTurnId":"1951373e-abe2-4976-a9df-54bb10a3f5e1"}
{"timestamp":"2026-07-03T14:17:48.778Z","level":"warn","message":"[ACPEventAdapter] Tool \"say\" missing rawInput, falling back to input.","conversationId":"sess_d14fddcc-6e67-44bf-9e29-c42e4bd22125","turnId":"1951373e-abe2-4976-a9df-54bb10a3f5e1","rootTurnId":"1951373e-abe2-4976-a9df-54bb10a3f5e1"}
{"timestamp":"2026-07-03T14:17:48.778Z","level":"warn","message":"[ACPEventAdapter] Tool \"say\" missing rawInput, falling back to input.","conversationId":"sess_d14fddcc-6e67-44bf-9e29-c42e4bd22125","turnId":"1951373e-abe2-4976-a9df-54bb10a3f5e1","rootTurnId":"1951373e-abe2-4976-a9df-54bb10a3f5e1"}
{"timestamp":"2026-07-03T14:17:48.831Z","level":"warn","message":"[ACPEventAdapter] Tool \"say\" missing rawInput, falling back to input.","conversationId":"sess_d14fddcc-6e67-44bf-9e29-c42e4bd22125","turnId":"1951373e-abe2-4976-a9df-54bb10a3f5e1","rootTurnId":"1951373e-abe2-4976-a9df-54bb10a3f5e1"}
{"timestamp":"2026-07-03T14:17:48.891Z","level":"warn","message":"[ACPEventAdapter] Tool \"say\" missing rawInput, falling back to input.","conversationId":"sess_d14fddcc-6e67-44bf-9e29-c42e4bd22125","turnId":"1951373e-abe2-4976-a9df-54bb10a3f5e1","rootTurnId":"1951373e-abe2-4976-a9df-54bb10a3f5e1"}
{"timestamp":"2026-07-03T14:17:48.981Z","level":"warn","message":"[ACPEventAdapter] Tool \"say\" missing rawInput, falling back to input.","conversationId":"sess_d14fddcc-6e67-44bf-9e29-c42e4bd22125","turnId":"1951373e-abe2-4976-a9df-54bb10a3f5e1","rootTurnId":"1951373e-abe2-4976-a9df-54bb10a3f5e1"}
{"timestamp":"2026-07-03T14:17:49.036Z","level":"warn","message":"[ACPEventAdapter] Tool \"say\" missing rawInput, falling back to input.","conversationId":"sess_d14fddcc-6e67-44bf-9e29-c42e4bd22125","turnId":"1951373e-abe2-4976-a9df-54bb10a3f5e1","rootTurnId":"1951373e-abe2-4976-a9df-54bb10a3f5e1"}
{"timestamp":"2026-07-03T14:17:49.101Z","level":"warn","message":"[ACPEventAdapter] Tool \"say\" missing rawInput, falling back to input.","conversationId":"sess_d14fddcc-6e67-44bf-9e29-c42e4bd22125","turnId":"1951373e-abe2-4976-a9df-54bb10a3f5e1","rootTurnId":"1951373e-abe2-4976-a9df-54bb10a3f5e1"}
{"timestamp":"2026-07-03T14:17:49.137Z","level":"warn","message":"[ACPEventAdapter] Tool \"say\" missing rawInput, falling back to input.","conversationId":"sess_d14fddcc-6e67-44bf-9e29-c42e4bd22125","turnId":"1951373e-abe2-4976-a9df-54bb10a3f5e1","rootTurnId":"1951373e-abe2-4976-a9df-54bb10a3f5e1"}
{"timestamp":"2026-07-03T14:17:49.211Z","level":"warn","message":"[ACPEventAdapter] Tool \"say\" missing rawInput, falling back to input.","conversationId":"sess_d14fddcc-6e67-44bf-9e29-c42e4bd22125","turnId":"1951373e-abe2-4976-a9df-54bb10a3f5e1","rootTurnId":"1951373e-abe2-4976-a9df-54bb10a3f5e1"}
{"timestamp":"2026-07-03T14:17:49.255Z","level":"warn","message":"[ACPEventAdapter] Tool \"say\" missing rawInput, falling back to input.","conversationId":"sess_d14fddcc-6e67-44bf-9e29-c42e4bd22125","turnId":"1951373e-abe2-4976-a9df-54bb10a3f5e1","rootTurnId":"1951373e-abe2-4976-a9df-54bb10a3f5e1"}
{"timestamp":"2026-07-03T14:17:49.314Z","level":"warn","message":"[ACPEventAdapter] Tool \"say\" missing rawInput, falling back to input.","conversationId":"sess_d14fddcc-6e67-44bf-9e29-c42e4bd22125","turnId":"1951373e-abe2-4976-a9df-54bb10a3f5e1","rootTurnId":"1951373e-abe2-4976-a9df-54bb10a3f5e1"}
{"timestamp":"2026-07-03T14:17:49.347Z","level":"warn","message":"[ACPEventAdapter] Tool \"say\" missing rawInput, falling back to input.","conversationId":"sess_d14fddcc-6e67-44bf-9e29-c42e4bd22125","turnId":"1951373e-abe2-4976-a9df-54bb10a3f5e1","rootTurnId":"1951373e-abe2-4976-a9df-54bb10a3f5e1"}
{"timestamp":"2026-07-03T14:17:49.406Z","level":"warn","message":"[ACPEventAdapter] Tool \"say\" missing rawInput, falling back to input.","conversationId":"sess_d14fddcc-6e67-44bf-9e29-c42e4bd22125","turnId":"1951373e-abe2-4976-a9df-54bb10a3f5e1","rootTurnId":"1951373e-abe2-4976-a9df-54bb10a3f5e1"}
{"timestamp":"2026-07-03T14:17:49.473Z","level":"warn","message":"[ACPEventAdapter] Tool \"say\" missing rawInput, falling back to input.","conversationId":"sess_d14fddcc-6e67-44bf-9e29-c42e4bd22125","turnId":"1951373e-abe2-4976-a9df-54bb10a3f5e1","rootTurnId":"1951373e-abe2-4976-a9df-54bb10a3f5e1"}
{"timestamp":"2026-07-03T14:17:49.516Z","level":"warn","message":"[ACPEventAdapter] Tool \"say\" missing rawInput, falling back to input.","conversationId":"sess_d14fddcc-6e67-44bf-9e29-c42e4bd22125","turnId":"1951373e-abe2-4976-a9df-54bb10a3f5e1","rootTurnId":"1951373e-abe2-4976-a9df-54bb10a3f5e1"}
{"timestamp":"2026-07-03T14:17:49.557Z","level":"warn","message":"[ACPEventAdapter] Tool \"say\" missing rawInput, falling back to input.","conversationId":"sess_d14fddcc-6e67-44bf-9e29-c42e4bd22125","turnId":"1951373e-abe2-4976-a9df-54bb10a3f5e1","rootTurnId":"1951373e-abe2-4976-a9df-54bb10a3f5e1"}
{"timestamp":"2026-07-03T14:17:49.610Z","level":"warn","message":"[ACPEventAdapter] Tool \"say\" missing rawInput, falling back to input.","conversationId":"sess_d14fddcc-6e67-44bf-9e29-c42e4bd22125","turnId":"1951373e-abe2-4976-a9df-54bb10a3f5e1","rootTurnId":"1951373e-abe2-4976-a9df-54bb10a3f5e1"}
{"timestamp":"2026-07-03T14:17:49.673Z","level":"warn","message":"[ACPEventAdapter] Tool \"say\" missing rawInput, falling back to input.","conversationId":"sess_d14fddcc-6e67-44bf-9e29-c42e4bd22125","turnId":"1951373e-abe2-4976-a9df-54bb10a3f5e1","rootTurnId":"1951373e-abe2-4976-a9df-54bb10a3f5e1"}
{"timestamp":"2026-07-03T14:17:49.724Z","level":"warn","message":"[ACPEventAdapter] Tool \"say\" missing rawInput, falling back to input.","conversationId":"sess_d14fddcc-6e67-44bf-9e29-c42e4bd22125","turnId":"1951373e-abe2-4976-a9df-54bb10a3f5e1","rootTurnId":"1951373e-abe2-4976-a9df-54bb10a3f5e1"}
{"timestamp":"2026-07-03T14:17:49.789Z","level":"warn","message":"[ACPEventAdapter] Tool \"say\" missing rawInput, falling back to input.","conversationId":"sess_d14fddcc-6e67-44bf-9e29-c42e4bd22125","turnId":"1951373e-abe2-4976-a9df-54bb10a3f5e1","rootTurnId":"1951373e-abe2-4976-a9df-54bb10a3f5e1"}
{"timestamp":"2026-07-03T14:17:49.823Z","level":"warn","message":"[ACPEventAdapter] Tool \"say\" missing rawInput, falling back to input.","conversationId":"sess_d14fddcc-6e67-44bf-9e29-c42e4bd22125","turnId":"1951373e-abe2-4976-a9df-54bb10a3f5e1","rootTurnId":"1951373e-abe2-4976-a9df-54bb10a3f5e1"}
{"timestamp":"2026-07-03T14:17:49.868Z","level":"warn","message":"[ACPEventAdapter] Tool \"say\" missing rawInput, falling back to input.","conversationId":"sess_d14fddcc-6e67-44bf-9e29-c42e4bd22125","turnId":"1951373e-abe2-4976-a9df-54bb10a3f5e1","rootTurnId":"1951373e-abe2-4976-a9df-54bb10a3f5e1"}
{"timestamp":"2026-07-03T14:17:49.937Z","level":"warn","message":"[ACPEventAdapter] Tool \"say\" missing rawInput, falling back to input.","conversationId":"sess_d14fddcc-6e67-44bf-9e29-c42e4bd22125","turnId":"1951373e-abe2-4976-a9df-54bb10a3f5e1","rootTurnId":"1951373e-abe2-4976-a9df-54bb10a3f5e1"}
{"timestamp":"2026-07-03T14:17:49.976Z","level":"warn","message":"[ACPEventAdapter] Tool \"say\" missing rawInput, falling back to input.","conversationId":"sess_d14fddcc-6e67-44bf-9e29-c42e4bd22125","turnId":"1951373e-abe2-4976-a9df-54bb10a3f5e1","rootTurnId":"1951373e-abe2-4976-a9df-54bb10a3f5e1"}
{"timestamp":"2026-07-03T14:17:50.034Z","level":"warn","message":"[ACPEventAdapter] Tool \"say\" missing rawInput, falling back to input.","conversationId":"sess_d14fddcc-6e67-44bf-9e29-c42e4bd22125","turnId":"1951373e-abe2-4976-a9df-54bb10a3f5e1","rootTurnId":"1951373e-abe2-4976-a9df-54bb10a3f5e1"}
{"timestamp":"2026-07-03T14:17:50.084Z","level":"warn","message":"[ACPEventAdapter] Tool \"say\" missing rawInput, falling back to input.","conversationId":"sess_d14fddcc-6e67-44bf-9e29-c42e4bd22125","turnId":"1951373e-abe2-4976-a9df-54bb10a3f5e1","rootTurnId":"1951373e-abe2-4976-a9df-54bb10a3f5e1"}
{"timestamp":"2026-07-03T14:17:50.128Z","level":"warn","message":"[ACPEventAdapter] Tool \"say\" missing rawInput, falling back to input.","conversationId":"sess_d14fddcc-6e67-44bf-9e29-c42e4bd22125","turnId":"1951373e-abe2-4976-a9df-54bb10a3f5e1","rootTurnId":"1951373e-abe2-4976-a9df-54bb10a3f5e1"}
{"timestamp":"2026-07-03T14:17:50.182Z","level":"warn","message":"[ACPEventAdapter] Tool \"say\" missing rawInput, falling back to input.","conversationId":"sess_d14fddcc-6e67-44bf-9e29-c42e4bd22125","turnId":"1951373e-abe2-4976-a9df-54bb10a3f5e1","rootTurnId":"1951373e-abe2-4976-a9df-54bb10a3f5e1"}
{"timestamp":"2026-07-03T14:17:50.233Z","level":"warn","message":"[ACPEventAdapter] Tool \"say\" missing rawInput, falling back to input.","conversationId":"sess_d14fddcc-6e67-44bf-9e29-c42e4bd22125","turnId":"1951373e-abe2-4976-a9df-54bb10a3f5e1","rootTurnId":"1951373e-abe2-4976-a9df-54bb10a3f5e1"}
{"timestamp":"2026-07-03T14:17:50.303Z","level":"warn","message":"[ACPEventAdapter] Tool \"say\" missing rawInput, falling back to input.","conversationId":"sess_d14fddcc-6e67-44bf-9e29-c42e4bd22125","turnId":"1951373e-abe2-4976-a9df-54bb10a3f5e1","rootTurnId":"1951373e-abe2-4976-a9df-54bb10a3f5e1"}
{"timestamp":"2026-07-03T14:17:50.337Z","level":"warn","message":"[ACPEventAdapter] Tool \"say\" missing rawInput, falling back to input.","conversationId":"sess_d14fddcc-6e67-44bf-9e29-c42e4bd22125","turnId":"1951373e-abe2-4976-a9df-54bb10a3f5e1","rootTurnId":"1951373e-abe2-4976-a9df-54bb10a3f5e1"}
{"timestamp":"2026-07-03T14:17:50.393Z","level":"warn","message":"[ACPEventAdapter] Tool \"say\" missing rawInput, falling back to input.","conversationId":"sess_d14fddcc-6e67-44bf-9e29-c42e4bd22125","turnId":"1951373e-abe2-4976-a9df-54bb10a3f5e1","rootTurnId":"1951373e-abe2-4976-a9df-54bb10a3f5e1"}
{"timestamp":"2026-07-03T14:17:50.452Z","level":"warn","message":"[ACPEventAdapter] Tool \"say\" missing rawInput, falling back to input.","conversationId":"sess_d14fddcc-6e67-44bf-9e29-c42e4bd22125","turnId":"1951373e-abe2-4976-a9df-54bb10a3f5e1","rootTurnId":"1951373e-abe2-4976-a9df-54bb10a3f5e1"}
{"timestamp":"2026-07-03T14:17:50.486Z","level":"warn","message":"[ACPEventAdapter] Tool \"say\" missing rawInput, falling back to input.","conversationId":"sess_d14fddcc-6e67-44bf-9e29-c42e4bd22125","turnId":"1951373e-abe2-4976-a9df-54bb10a3f5e1","rootTurnId":"1951373e-abe2-4976-a9df-54bb10a3f5e1"}
{"timestamp":"2026-07-03T14:17:50.547Z","level":"warn","message":"[ACPEventAdapter] Tool \"say\" missing rawInput, falling back to input.","conversationId":"sess_d14fddcc-6e67-44bf-9e29-c42e4bd22125","turnId":"1951373e-abe2-4976-a9df-54bb10a3f5e1","rootTurnId":"1951373e-abe2-4976-a9df-54bb10a3f5e1"}
{"timestamp":"2026-07-03T14:17:50.585Z","level":"warn","message":"[ACPEventAdapter] Tool \"say\" missing rawInput, falling back to input.","conversationId":"sess_d14fddcc-6e67-44bf-9e29-c42e4bd22125","turnId":"1951373e-abe2-4976-a9df-54bb10a3f5e1","rootTurnId":"1951373e-abe2-4976-a9df-54bb10a3f5e1"}
{"timestamp":"2026-07-03T14:17:50.654Z","level":"warn","message":"[ACPEventAdapter] Tool \"say\" missing rawInput, falling back to input.","conversationId":"sess_d14fddcc-6e67-44bf-9e29-c42e4bd22125","turnId":"1951373e-abe2-4976-a9df-54bb10a3f5e1","rootTurnId":"1951373e-abe2-4976-a9df-54bb10a3f5e1"}
{"timestamp":"2026-07-03T14:17:50.684Z","level":"warn","message":"[ACPEventAdapter] Tool \"say\" missing rawInput, falling back to input.","conversationId":"sess_d14fddcc-6e67-44bf-9e29-c42e4bd22125","turnId":"1951373e-abe2-4976-a9df-54bb10a3f5e1","rootTurnId":"1951373e-abe2-4976-a9df-54bb10a3f5e1"}
{"timestamp":"2026-07-03T14:17:50.755Z","level":"warn","message":"[ACPEventAdapter] Tool \"say\" missing rawInput, falling back to input.","conversationId":"sess_d14fddcc-6e67-44bf-9e29-c42e4bd22125","turnId":"1951373e-abe2-4976-a9df-54bb10a3f5e1","rootTurnId":"1951373e-abe2-4976-a9df-54bb10a3f5e1"}
{"timestamp":"2026-07-03T14:17:50.785Z","level":"warn","message":"[ACPEventAdapter] Tool \"say\" missing rawInput, falling back to input.","conversationId":"sess_d14fddcc-6e67-44bf-9e29-c42e4bd22125","turnId":"1951373e-abe2-4976-a9df-54bb10a3f5e1","rootTurnId":"1951373e-abe2-4976-a9df-54bb10a3f5e1"}
{"timestamp":"2026-07-03T14:17:50.856Z","level":"warn","message":"[ACPEventAdapter] Tool \"say\" missing rawInput, falling back to input.","conversationId":"sess_d14fddcc-6e67-44bf-9e29-c42e4bd22125","turnId":"1951373e-abe2-4976-a9df-54bb10a3f5e1","rootTurnId":"1951373e-abe2-4976-a9df-54bb10a3f5e1"}
{"timestamp":"2026-07-03T14:17:50.911Z","level":"warn","message":"[ACPEventAdapter] Tool \"say\" missing rawInput, falling back to input.","conversationId":"sess_d14fddcc-6e67-44bf-9e29-c42e4bd22125","turnId":"1951373e-abe2-4976-a9df-54bb10a3f5e1","rootTurnId":"1951373e-abe2-4976-a9df-54bb10a3f5e1"}
{"timestamp":"2026-07-03T14:17:50.936Z","level":"warn","message":"[ACPEventAdapter] Tool \"say\" missing rawInput, falling back to input.","conversationId":"sess_d14fddcc-6e67-44bf-9e29-c42e4bd22125","turnId":"1951373e-abe2-4976-a9df-54bb10a3f5e1","rootTurnId":"1951373e-abe2-4976-a9df-54bb10a3f5e1"}
{"timestamp":"2026-07-03T14:17:51.040Z","level":"warn","message":"[ACPEventAdapter] Tool \"say\" missing rawInput, falling back to input.","conversationId":"sess_d14fddcc-6e67-44bf-9e29-c42e4bd22125","turnId":"1951373e-abe2-4976-a9df-54bb10a3f5e1","rootTurnId":"1951373e-abe2-4976-a9df-54bb10a3f5e1"}
{"timestamp":"2026-07-03T14:17:51.046Z","level":"info","message":"[ACPEventAdapter] Execution succeeded: 1951373e-abe2-4976-a9df-54bb10a3f5e1","conversationId":"sess_d14fddcc-6e67-44bf-9e29-c42e4bd22125","turnId":"1951373e-abe2-4976-a9df-54bb10a3f5e1","rootTurnId":"1951373e-abe2-4976-a9df-54bb10a3f5e1"}
{"timestamp":"2026-07-03T14:17:51.049Z","level":"info","message":"[SessionPersistence] Appended 1 message(s) to session sess_d14fddcc-6e67-44bf-9e29-c42e4bd22125","conversationId":"sess_d14fddcc-6e67-44bf-9e29-c42e4bd22125","turnId":"1951373e-abe2-4976-a9df-54bb10a3f5e1","rootTurnId":"1951373e-abe2-4976-a9df-54bb10a3f5e1"}
{"timestamp":"2026-07-03T14:17:51.052Z","level":"info","message":"[SessionPersistence] Appended 1 message(s) to session sess_d14fddcc-6e67-44bf-9e29-c42e4bd22125","conversationId":"sess_d14fddcc-6e67-44bf-9e29-c42e4bd22125","turnId":"1951373e-abe2-4976-a9df-54bb10a3f5e1","rootTurnId":"1951373e-abe2-4976-a9df-54bb10a3f5e1"}
{"timestamp":"2026-07-03T14:17:51.064Z","level":"info","message":"[SessionPersistence] Appended 3 message(s) to session sess_d14fddcc-6e67-44bf-9e29-c42e4bd22125","conversationId":"sess_d14fddcc-6e67-44bf-9e29-c42e4bd22125","turnId":"1951373e-abe2-4976-a9df-54bb10a3f5e1","rootTurnId":"1951373e-abe2-4976-a9df-54bb10a3f5e1"}
{"timestamp":"2026-07-03T14:17:51.070Z","level":"info","message":"[agent-controller] Progressing model queue {\"activeExecution\":false,\"queueSize\":0}","conversationId":"sess_d14fddcc-6e67-44bf-9e29-c42e4bd22125","turnId":"1951373e-abe2-4976-a9df-54bb10a3f5e1","rootTurnId":"1951373e-abe2-4976-a9df-54bb10a3f5e1"}
{"timestamp":"2026-07-03T14:17:51.078Z","level":"info","message":"[SessionPersistence] Updated metadata for session sess_d14fddcc-6e67-44bf-9e29-c42e4bd22125","conversationId":"sess_d14fddcc-6e67-44bf-9e29-c42e4bd22125","turnId":"1951373e-abe2-4976-a9df-54bb10a3f5e1","rootTurnId":"1951373e-abe2-4976-a9df-54bb10a3f5e1"}
{"timestamp":"2026-07-03T14:18:26.969Z","level":"info","message":"[ACPModelConfigProvider] Loaded 15 models"}
{"timestamp":"2026-07-03T14:23:28.145Z","level":"info","message":"[ACPModelConfigProvider] Loaded 15 models"}
{"timestamp":"2026-07-03T14:28:29.891Z","level":"info","message":"[ACPModelConfigProvider] Loaded 15 models"}
{"timestamp":"2026-07-03T14:33:31.612Z","level":"info","message":"[ACPModelConfigProvider] Loaded 15 models"}
{"timestamp":"2026-07-03T14:38:33.411Z","level":"info","message":"[ACPModelConfigProvider] Loaded 15 models"}
{"timestamp":"2026-07-03T14:43:02.566Z","level":"info","message":"[SessionPersistence] Listed 1 session(s) for workspace 0e134046f2a0cad8"}
{"timestamp":"2026-07-03T14:43:04.185Z","level":"info","message":"[KiroAgent] ACP session/cancel sessionId=sess_d14fddcc-6e67-44bf-9e29-c42e4bd22125"}
{"timestamp":"2026-07-03T14:43:04.201Z","level":"info","message":"[SessionPersistence] Deleted session sess_d14fddcc-6e67-44bf-9e29-c42e4bd22125 from C:\\Users\\Admin\\.kiro\\sessions\\0e134046f2a0cad8\\sess_d14fddcc-6e67-44bf-9e29-c42e4bd22125"}
{"timestamp":"2026-07-03T14:43:04.205Z","level":"info","message":"[SessionPersistence] Listed 0 session(s) for workspace 0e134046f2a0cad8"}
